atr_percentile,be_armed,close_mode,direction,dxy_trend,ees_buy_band,ees_buy_score,ees_sell_band,ees_sell_score,entry_price,exit_price,geo,grade,kill_zone_active,killswitch_daily_pnl_at_decision,killswitch_pnl_recalibrated,miners_available,momentum_alignment,momentum_consensus,mtfa,of,r_multiple,real_pnl_mt5,reason,risk_usd,row_kind,score,session,sl,smc,strategy,symbol,ticket,tp,trailing_active,ts_broker,ts_utc
32.4,True,EXIT_V2 (EXIT_V2_TRAIL_FLOOR),SELL,UP,,,SAIN,38.7,4061.51,4058.78,47.69,C,False,,,False,ALIGNED,BEAR,50.0,85.0,0.02,2.73,,117.12,EXECUTE,59.92,OVERLAP,4178.63,50.0,ORDER_FLOW_EXECUTION_AGENT,GOLD#,377073337,3888.79,True,2026-07-08 17:10:52.754587+00:00,2026-07-08 14:10:52.754587+00:00
37.6,True,EXIT_V2 (EXIT_V2_TRAIL_FLOOR),SELL,UP,,,,,4054.16,4039.28,62.17,C,False,,,False,ALIGNED,BEAR,50.0,85.0,0.12,14.88,,129.12,EXECUTE,63.54,OVERLAP,4183.28,50.0,ORDER_FLOW_EXECUTION_AGENT,GOLD#,377107269,3863.43,True,2026-07-08 17:19:49.635575+00:00,2026-07-08 14:19:49.635575+00:00
77.7,True,EXIT_V2 (EXIT_V2_TRAIL_FLOOR),SELL,UP,,,SAIN,19.8,61778.0,61737.4,41.84,C,False,,,False,ALIGNED,BEAR,50.0,95.0,0.02,0.41,,18.03,EXECUTE,61.46,OVERLAP,63581.24,50.0,ORDER_FLOW_EXECUTION_AGENT,BTCUSD#,377202344,59071.39,False,2026-07-08 17:49:47.835436+00:00,2026-07-08 14:49:47.835436+00:00
43.9,True,EXIT_V2 (EXIT_V2_TRAIL_FLOOR),SELL,UP,,,,,4044.18,4039.65,49.62,C,False,,,False,ALIGNED,BEAR,50.0,85.0,0.03,4.53,,139.03,EXECUTE,60.41,OVERLAP,4183.21,50.0,ORDER_FLOW_EXECUTION_AGENT,GOLD#,377217803,3834.61,True,2026-07-08 17:55:50.436676+00:00,2026-07-08 14:55:50.436676+00:00
43.9,True,EXIT_V2 (EXIT_V2_TRAIL_FLOOR),SELL,UP,,,,,4038.17,4033.19,40.31,C,False,,,False,ALIGNED,BEAR,50.0,85.0,0.03,4.98,,145.04,EXECUTE,58.08,OVERLAP,4183.21,50.0,ORDER_FLOW_EXECUTION_AGENT,GOLD#,377233895,3823.56,True,2026-07-08 18:03:21.399477+00:00,2026-07-08 15:03:21.399477+00:00
46.0,True,EXIT_V2 (EXIT_V2_TRAIL_FLOOR),SELL,UP,,,,,4030.88,4030.58,54.86,C,False,,,False,ALIGNED,BEAR,50.0,85.0,0.0,0.3,,131.91,EXECUTE,61.72,OVERLAP,4162.79,50.0,ORDER_FLOW_EXECUTION_AGENT,GOLD#,377278045,3830.54,True,2026-07-08 18:21:58.039886+00:00,2026-07-08 15:21:58.039886+00:00
78.0,False,BROKER_SL,SELL,UP,,,SAIN,25.2,61579.7,61756.8,43.32,C,False,,,False,ALIGNED,BEAR,50.0,100.0,-0.09,-1.77,,19.83,EXECUTE,63.33,OVERLAP,63562.98,50.0,ORDER_FLOW_EXECUTION_AGENT,BTCUSD#,377280987,58602.04,False,2026-07-08 18:23:09.963671+00:00,2026-07-08 15:23:09.963671+00:00
47.0,False,NEWS_PRECLOSE (FOMC Meeting Minutes),SELL,UP,,,PRUDENCE,40.0,4024.17,4067.02,52.08,C,False,,,False,ALIGNED,BEAR,50.0,93.0,-0.31,-42.85,,138.38,EXECUTE,63.42,OVERLAP,4162.55,50.0,ORDER_FLOW_EXECUTION_AGENT,GOLD#,377299478,3821.85,False,2026-07-08 18:30:46.641030+00:00,2026-07-08 15:30:46.641030+00:00
78.0,False,BROKER_SL,SELL,UP,,,SAIN,31.2,61612.0,61770.5,47.24,B,False,,,False,ALIGNED,BEAR,55.0,100.0,-0.08,-1.59,,19.45,EXECUTE,65.31,OVERLAP,63557.04,50.0,ORDER_FLOW_EXECUTION_AGENT,BTCUSD#,377326133,58699.43,False,2026-07-08 18:42:35.748827+00:00,2026-07-08 15:42:35.748827+00:00
78.0,True,EXIT_V2 (EXIT_V2_TRAIL_FLOOR),BUY,DOWN,SAIN,19.8,SAIN,7.6,61864.9,62023.0,33.16,C,False,,,False,ALIGNED,BULL,50.0,95.0,0.43,1.58,,3.68,EXECUTE,59.29,OVERLAP,61496.56,50.0,ORDER_FLOW_EXECUTION_AGENT,BTCUSD#,377416232,62416.66,False,2026-07-08 19:35:55.642290+00:00,2026-07-08 16:35:55.642290+00:00
42.9,True,EXIT_V2 (EXIT_V2_TRAIL_FLOOR),BUY,DOWN,SAIN,17.7,,,4078.72,4078.55,45.04,C,False,,,False,ALIGNED,BULL,50.0,85.0,-0.01,-0.17,,19.03,EXECUTE,59.26,ASIA_MAIN,4059.69,50.0,ORDER_FLOW_EXECUTION_AGENT,GOLD#,377875012,4103.17,True,2026-07-09 03:00:19.325366+00:00,2026-07-09 00:00:19.325366+00:00
45.3,False,BROKER_SL,SELL,DOWN,SAIN,10.5,SAIN,37.3,62156.3,62275.3,45.33,C,False,,,False,ALIGNED,BEAR,50.0,100.0,-0.26,-1.19,,4.56,EXECUTE,63.83,ASIA_MAIN,62612.44,50.0,ORDER_FLOW_EXECUTION_AGENT,BTCUSD#,377898337,61474.34,False,2026-07-09 03:22:55.536518+00:00,2026-07-09 00:22:55.536518+00:00
46.0,True,EXIT_V2 (EXIT_V2_TRAIL_FLOOR),SELL,DOWN,,,SAIN,27.7,4076.99,4077.53,41.43,C,False,,,False,ALIGNED,BEAR,50.0,88.0,-0.01,-0.54,,59.99,EXECUTE,59.26,ASIA_MAIN,4136.98,50.0,ORDER_FLOW_EXECUTION_AGENT,GOLD#,377899399,3986.3,True,2026-07-09 03:23:24.793331+00:00,2026-07-09 00:23:24.793331+00:00
46.0,True,EXIT_V2 (EXIT_V2_TRAIL_FLOOR),SELL,DOWN,,,,,4077.36,4074.32,51.9,C,False,,,False,ALIGNED,BEAR,50.0,90.0,0.05,3.04,,62.68,EXECUTE,62.48,ASIA_MAIN,4140.04,50.0,ORDER_FLOW_EXECUTION_AGENT,GOLD#,377903969,3990.61,True,2026-07-09 03:29:30.420678+00:00,2026-07-09 00:29:30.420678+00:00
45.3,False,BROKER_SL,BUY,DOWN,SAIN,13.8,SAIN,23.2,62215.1,62083.1,62.68,B,False,,,False,ALIGNED,BULL,50.0,95.0,-0.18,-1.32,,7.23,EXECUTE,66.67,ASIA_MAIN,61492.13,50.0,ORDER_FLOW_EXECUTION_AGENT,BTCUSD#,377907782,63304.81,False,2026-07-09 03:33:37.589369+00:00,2026-07-09 00:33:37.589369+00:00
45.3,False,BROKER_SL,SELL,DOWN,SAIN,3.4,SAIN,21.6,62088.4,62244.85,48.46,C,False,,,False,ALIGNED,BEAR,55.0,95.0,-0.32,-1.56,,4.87,EXECUTE,64.12,ASIA_MAIN,62575.49,50.0,ORDER_FLOW_EXECUTION_AGENT,BTCUSD#,377921617,61358.27,False,2026-07-09 03:52:45.855201+00:00,2026-07-09 00:52:45.855201+00:00
46.3,True,EXIT_V2 (EXIT_V2_TRAIL_FLOOR),BUY,DOWN,SAIN,26.4,,,4075.15,4077.11,41.65,C,False,,,False,ALIGNED,BULL,50.0,100.0,0.03,1.96,,58.78,EXECUTE,62.91,ASIA_MAIN,4016.37,50.0,ORDER_FLOW_EXECUTION_AGENT,GOLD#,377989564,4158.8,True,2026-07-09 05:06:29.990370+00:00,2026-07-09 02:06:29.990370+00:00
46.3,True,EXIT_V2 (EXIT_V2_TRAIL_FLOOR),BUY,DOWN,SAIN,34.1,,,4077.62,4079.73,37.56,C,False,,,False,ALIGNED,BULL,50.0,100.0,0.04,2.11,,59.04,EXECUTE,61.89,ASIA_MAIN,4018.58,50.0,ORDER_FLOW_EXECUTION_AGENT,GOLD#,377995062,4164.91,True,2026-07-09 05:12:39.215443+00:00,2026-07-09 02:12:39.215443+00:00
48.4,False,POSITION_ENCORE_OUVERTE,BUY,DOWN,SAIN,30.4,,,4080.87,,40.63,C,False,,,False,ALIGNED,BULL,50.0,100.0,0.0,0.0,,62.3,EXECUTE,62.66,ASIA_MAIN,4018.57,50.0,ORDER_FLOW_EXECUTION_AGENT,GOLD#,378004624,4171.61,False,2026-07-09 05:25:12.362419+00:00,2026-07-09 02:25:12.362419+00:00
50.2,True,EXIT_V2 (EXIT_V2_TRAIL_FLOOR),SELL,UP,SAIN,5.0,PRUDENCE,40.0,61841.6,61781.4,52.32,B,False,,,False,ALIGNED,BEAR,50.0,100.0,0.11,0.6,,5.5,EXECUTE,68.08,ASIA_MAIN,62391.13,60.0,ORDER_FLOW_EXECUTION_AGENT,BTCUSD#,378023979,61017.3,False,2026-07-09 05:44:30.437145+00:00,2026-07-09 02:44:30.437145+00:00
,,,SELL,,,,,,,,,,,,,,,,,,,,failed_gate=GOLD_ANALYSIS_ONLY,,REFUSE,67.5,ASIA_MAIN,,,GOLD_LIQUIDITY_HUNTER_PRO,GOLD#,,,,2026-07-08 07:20:41.789627+00:00,2026-07-08 04:20:41.789627+00:00
,,,SELL,,,,,,,,,,,,,,,,,,,,failed_gate=GOLD_ANALYSIS_ONLY,,REFUSE,67.5,ASIA_MAIN,,,GOLD_LIQUIDITY_HUNTER_PRO,GOLD#,,,,2026-07-08 07:30:18.251122+00:00,2026-07-08 04:30:18.251122+00:00
,,,BUY,,SAIN,38.1,,,,,,A,,,,,,,,,,,failed_gate=MAX_OPEN_TRADES_PER_SYMBOL,,REFUSE,65.83,ASIA_MAIN,,,ORDER_FLOW_EXECUTION_AGENT,GOLD#,,,,2026-07-08 07:36:05.772742+00:00,2026-07-08 04:36:05.772742+00:00
,,,BUY,,SAIN,38.1,,,,,,A,,,,,,,,,,,failed_gate=MAX_OPEN_TRADES_PER_SYMBOL,,REFUSE,66.51,ASIA_MAIN,,,ORDER_FLOW_EXECUTION_AGENT,GOLD#,,,,2026-07-08 07:38:00.707266+00:00,2026-07-08 04:38:00.707266+00:00
,,,SELL,,,,,,,,,A,,-44.85,False,,,,,,,,failed_gate=DAILY_KILLSWITCH_MAX_LOSSES,,REFUSE,72.83,ASIA_MAIN,,,ORDER_FLOW_EXECUTION_AGENT,BTCUSD#,,,,2026-07-08 07:38:36.618193+00:00,2026-07-08 04:38:36.618193+00:00
,,,SELL,,SAIN,38.1,,,,,,,,,,,,,,,,,failed_gate=GOLD_ANALYSIS_ONLY,,REFUSE,67.5,ASIA_MAIN,,,GOLD_LIQUIDITY_HUNTER_PRO,GOLD#,,,,2026-07-08 07:38:47.090906+00:00,2026-07-08 04:38:47.090906+00:00
,,,SELL,,,,,,,,,A,,-44.85,False,,,,,,,,failed_gate=DAILY_KILLSWITCH_MAX_LOSSES,,REFUSE,72.84,ASIA_MAIN,,,ORDER_FLOW_EXECUTION_AGENT,BTCUSD#,,,,2026-07-08 07:39:17.105897+00:00,2026-07-08 04:39:17.105897+00:00
,,,SELL,,,,,,,,,A,,-44.85,False,,,,,,,,failed_gate=DAILY_KILLSWITCH_MAX_LOSSES,,REFUSE,72.31,ASIA_MAIN,,,ORDER_FLOW_EXECUTION_AGENT,BTCUSD#,,,,2026-07-08 07:39:42.630790+00:00,2026-07-08 04:39:42.630790+00:00
,,,SELL,,,,EXTREME,67.3,,,,A,,-44.85,False,,,,,,,,failed_gate=DAILY_KILLSWITCH_MAX_LOSSES,,REFUSE,71.8,ASIA_MAIN,,,ORDER_FLOW_EXECUTION_AGENT,BTCUSD#,,,,2026-07-08 07:40:00.535816+00:00,2026-07-08 04:40:00.535816+00:00
,,,SELL,,,,,,,,,,,,,,,,,,,,failed_gate=GOLD_ANALYSIS_ONLY,,REFUSE,67.5,ASIA_MAIN,,,GOLD_LIQUIDITY_HUNTER_PRO,GOLD#,,,,2026-07-08 08:49:28.403076+00:00,2026-07-08 05:49:28.403076+00:00
,,,SELL,,,,,,,,,,,,,,,,,,,,failed_gate=GOLD_ANALYSIS_ONLY,,REFUSE,67.5,ASIA_MAIN,,,GOLD_LIQUIDITY_HUNTER_PRO,GOLD#,,,,2026-07-08 08:54:57.866753+00:00,2026-07-08 05:54:57.866753+00:00
,,,SELL,,,,,,,,,,,,,,,,,,,,failed_gate=GOLD_ANALYSIS_ONLY,,REFUSE,67.5,ASIA_MAIN,,,GOLD_LIQUIDITY_HUNTER_PRO,GOLD#,,,,2026-07-08 08:56:33.455284+00:00,2026-07-08 05:56:33.455284+00:00
,,,SELL,,,,,,,,,,,,,,,,,,,,failed_gate=GOLD_ANALYSIS_ONLY,,REFUSE,67.5,ASIA_LATE,,,GOLD_LIQUIDITY_HUNTER_PRO,GOLD#,,,,2026-07-08 09:36:13.346989+00:00,2026-07-08 06:36:13.346989+00:00
,,,SELL,,,,,,,,,,,,,,,,,,,,failed_gate=GOLD_ANALYSIS_ONLY,,REFUSE,67.5,ASIA_LATE,,,GOLD_LIQUIDITY_HUNTER_PRO,GOLD#,,,,2026-07-08 09:41:29.062706+00:00,2026-07-08 06:41:29.062706+00:00
,,,SELL,,SAIN,6.6,,,,,,,,,,,,,,,,,failed_gate=GOLD_ANALYSIS_ONLY,,REFUSE,67.5,ASIA_LATE,,,GOLD_LIQUIDITY_HUNTER_PRO,GOLD#,,,,2026-07-08 09:42:57.891838+00:00,2026-07-08 06:42:57.891838+00:00
,,,SELL,,,,,,,,,,,,,,,,,,,,failed_gate=GOLD_ANALYSIS_ONLY,,REFUSE,67.5,ASIA_LATE,,,GOLD_LIQUIDITY_HUNTER_PRO,GOLD#,,,,2026-07-08 09:49:12.584581+00:00,2026-07-08 06:49:12.584581+00:00
,,,SELL,,SAIN,0.0,,,,,,,,,,,,,,,,,failed_gate=GOLD_ANALYSIS_ONLY,,REFUSE,67.5,ASIA_LATE,,,GOLD_LIQUIDITY_HUNTER_PRO,GOLD#,,,,2026-07-08 09:54:58.634295+00:00,2026-07-08 06:54:58.634295+00:00
,,,SELL,,,,,,,,,,,,,,,,,,,,failed_gate=GOLD_ANALYSIS_ONLY,,REFUSE,67.5,ASIA_LATE,,,GOLD_LIQUIDITY_HUNTER_PRO,GOLD#,,,,2026-07-08 10:01:10.409030+00:00,2026-07-08 07:01:10.409030+00:00
,,,SELL,,,,SAIN,38.4,,,,,,,,,,,,,,,failed_gate=GOLD_ANALYSIS_ONLY,,REFUSE,67.5,ASIA_LATE,,,GOLD_LIQUIDITY_HUNTER_PRO,GOLD#,,,,2026-07-08 10:05:03.432066+00:00,2026-07-08 07:05:03.432066+00:00
,,,SELL,,,,,,,,,,,,,,,,,,,,failed_gate=GOLD_ANALYSIS_ONLY,,REFUSE,67.5,ASIA_LATE,,,GOLD_LIQUIDITY_HUNTER_PRO,GOLD#,,,,2026-07-08 10:07:53.869307+00:00,2026-07-08 07:07:53.869307+00:00
,,,SELL,,,,,,,,,,,,,,,,,,,,failed_gate=GOLD_ANALYSIS_ONLY,,REFUSE,67.5,ASIA_LATE,,,GOLD_LIQUIDITY_HUNTER_PRO,GOLD#,,,,2026-07-08 10:11:52.697450+00:00,2026-07-08 07:11:52.697450+00:00
,,,SELL,,,,,,,,,,,,,,,,,,,,failed_gate=GOLD_ANALYSIS_ONLY,,REFUSE,67.5,ASIA_LATE,,,GOLD_LIQUIDITY_HUNTER_PRO,GOLD#,,,,2026-07-08 10:17:00.951115+00:00,2026-07-08 07:17:00.951115+00:00
,,,SELL,,,,SAIN,15.0,,,57.32,B,,-44.85,False,,,,50.0,100.0,,,failed_gate=DAILY_KILLSWITCH_MAX_LOSSES,,REFUSE,66.83,LONDON,,50.0,ORDER_FLOW_EXECUTION_AGENT,BTCUSD#,,,,2026-07-08 10:18:32.223823+00:00,2026-07-08 07:18:32.223823+00:00
,,,SELL,,,,,,,,56.67,B,,,,,,,50.0,100.0,,,failed_gate=MAX_OPEN_TRADES_PER_SYMBOL,,REFUSE,66.67,LONDON,,50.0,ORDER_FLOW_EXECUTION_AGENT,GOLD#,,,,2026-07-08 10:18:51.054138+00:00,2026-07-08 07:18:51.054138+00:00
,,,SELL,,,,SAIN,15.0,,,56.64,B,,-44.85,False,,,,50.0,100.0,,,failed_gate=DAILY_KILLSWITCH_MAX_LOSSES,,REFUSE,66.66,LONDON,,50.0,ORDER_FLOW_EXECUTION_AGENT,BTCUSD#,,,,2026-07-08 10:19:06.671897+00:00,2026-07-08 07:19:06.671897+00:00
,,,SELL,,,,,,,,56.99,B,,,,,,,50.0,100.0,,,failed_gate=MAX_OPEN_TRADES_PER_SYMBOL,,REFUSE,66.75,LONDON,,50.0,ORDER_FLOW_EXECUTION_AGENT,GOLD#,,,,2026-07-08 10:19:19.337216+00:00,2026-07-08 07:19:19.337216+00:00
,,,SELL,,,,SAIN,15.0,,,56.89,B,,-44.85,False,,,,50.0,100.0,,,failed_gate=DAILY_KILLSWITCH_MAX_LOSSES,,REFUSE,66.72,LONDON,,50.0,ORDER_FLOW_EXECUTION_AGENT,BTCUSD#,,,,2026-07-08 10:19:30.612336+00:00,2026-07-08 07:19:30.612336+00:00
,,,SELL,,,,,,,,56.87,B,,,,,,,50.0,100.0,,,failed_gate=MAX_OPEN_TRADES_PER_SYMBOL,,REFUSE,66.72,LONDON,,50.0,ORDER_FLOW_EXECUTION_AGENT,GOLD#,,,,2026-07-08 10:20:03.411903+00:00,2026-07-08 07:20:03.411903+00:00
,,,BUY,,SAIN,19.0,SAIN,5.0,,,55.89,B,,-44.85,False,,,,50.0,100.0,,,failed_gate=DAILY_KILLSWITCH_MAX_LOSSES,,REFUSE,66.47,LONDON,,50.0,ORDER_FLOW_EXECUTION_AGENT,BTCUSD#,,,,2026-07-08 10:20:58.124530+00:00,2026-07-08 07:20:58.124530+00:00
,,,BUY,,SAIN,19.0,SAIN,5.0,,,56.1,B,,-44.85,False,,,,50.0,100.0,,,failed_gate=DAILY_KILLSWITCH_MAX_LOSSES,,REFUSE,66.53,LONDON,,50.0,ORDER_FLOW_EXECUTION_AGENT,BTCUSD#,,,,2026-07-08 10:21:20.907811+00:00,2026-07-08 07:21:20.907811+00:00
,,,BUY,,SAIN,19.0,SAIN,5.0,,,56.44,B,,-44.85,False,,,,50.0,100.0,,,failed_gate=DAILY_KILLSWITCH_MAX_LOSSES,,REFUSE,66.61,LONDON,,50.0,ORDER_FLOW_EXECUTION_AGENT,BTCUSD#,,,,2026-07-08 10:21:43.615363+00:00,2026-07-08 07:21:43.615363+00:00
,,,BUY,,SAIN,19.0,SAIN,5.0,,,56.33,B,,-44.85,False,,,,50.0,100.0,,,failed_gate=DAILY_KILLSWITCH_MAX_LOSSES,,REFUSE,66.58,LONDON,,50.0,ORDER_FLOW_EXECUTION_AGENT,BTCUSD#,,,,2026-07-08 10:22:06.857047+00:00,2026-07-08 07:22:06.857047+00:00
,,,BUY,,SAIN,19.0,SAIN,5.0,,,56.01,B,,-44.85,False,,,,50.0,100.0,,,failed_gate=DAILY_KILLSWITCH_MAX_LOSSES,,REFUSE,66.5,LONDON,,50.0,ORDER_FLOW_EXECUTION_AGENT,BTCUSD#,,,,2026-07-08 10:22:30.070044+00:00,2026-07-08 07:22:30.070044+00:00
,,,SELL,,,,SAIN,5.0,,,55.67,B,,-44.85,False,,,,50.0,100.0,,,failed_gate=DAILY_KILLSWITCH_MAX_LOSSES,,REFUSE,66.42,LONDON,,50.0,ORDER_FLOW_EXECUTION_AGENT,BTCUSD#,,,,2026-07-08 10:22:52.809650+00:00,2026-07-08 07:22:52.809650+00:00
,,,BUY,,SAIN,19.0,SAIN,5.0,,,56.56,B,,-44.85,False,,,,50.0,100.0,,,failed_gate=DAILY_KILLSWITCH_MAX_LOSSES,,REFUSE,66.64,LONDON,,50.0,ORDER_FLOW_EXECUTION_AGENT,BTCUSD#,,,,2026-07-08 10:23:15.780786+00:00,2026-07-08 07:23:15.780786+00:00
,,,BUY,,SAIN,19.0,SAIN,5.0,,,57.04,B,,-44.85,False,,,,50.0,100.0,,,failed_gate=DAILY_KILLSWITCH_MAX_LOSSES,,REFUSE,66.76,LONDON,,50.0,ORDER_FLOW_EXECUTION_AGENT,BTCUSD#,,,,2026-07-08 10:23:36.256033+00:00,2026-07-08 07:23:36.256033+00:00
,,,BUY,,SAIN,19.0,SAIN,5.0,,,43.61,C,,-44.85,False,,,,50.0,100.0,,,failed_gate=DAILY_KILLSWITCH_MAX_LOSSES,,REFUSE,63.4,LONDON,,50.0,ORDER_FLOW_EXECUTION_AGENT,BTCUSD#,,,,2026-07-08 10:24:01.249151+00:00,2026-07-08 07:24:01.249151+00:00
,,,BUY,,SAIN,19.0,SAIN,5.0,,,44.06,C,,-44.85,False,,,,50.0,100.0,,,failed_gate=DAILY_KILLSWITCH_MAX_LOSSES,,REFUSE,63.52,LONDON,,50.0,ORDER_FLOW_EXECUTION_AGENT,BTCUSD#,,,,2026-07-08 10:24:22.792053+00:00,2026-07-08 07:24:22.792053+00:00
,,,BUY,,SAIN,19.0,SAIN,5.0,,,44.5,C,,-44.85,False,,,,50.0,100.0,,,failed_gate=DAILY_KILLSWITCH_MAX_LOSSES,,REFUSE,63.62,LONDON,,50.0,ORDER_FLOW_EXECUTION_AGENT,BTCUSD#,,,,2026-07-08 10:24:45.495750+00:00,2026-07-08 07:24:45.495750+00:00
,,,BUY,,SAIN,19.0,SAIN,5.0,,,45.09,C,,-44.85,False,,,,50.0,100.0,,,failed_gate=DAILY_KILLSWITCH_MAX_LOSSES,,REFUSE,63.77,LONDON,,50.0,ORDER_FLOW_EXECUTION_AGENT,BTCUSD#,,,,2026-07-08 10:25:10.491917+00:00,2026-07-08 07:25:10.491917+00:00
,,,BUY,,SAIN,33.7,SAIN,0.0,,,48.73,C,,-44.85,False,,,,50.0,94.0,,,failed_gate=DAILY_KILLSWITCH_MAX_LOSSES,,REFUSE,62.88,LONDON,,50.0,ORDER_FLOW_EXECUTION_AGENT,BTCUSD#,,,,2026-07-08 10:25:35.082136+00:00,2026-07-08 07:25:35.082136+00:00
,,,BUY,,SAIN,33.7,SAIN,0.0,,,49.53,C,,-44.85,False,,,,50.0,94.0,,,failed_gate=DAILY_KILLSWITCH_MAX_LOSSES,,REFUSE,63.08,LONDON,,50.0,ORDER_FLOW_EXECUTION_AGENT,BTCUSD#,,,,2026-07-08 10:26:00.164706+00:00,2026-07-08 07:26:00.164706+00:00
,,,BUY,,,,SAIN,0.0,,,45.55,C,,-44.85,False,,,,50.0,100.0,,,failed_gate=DAILY_KILLSWITCH_MAX_LOSSES,,REFUSE,63.89,LONDON,,50.0,ORDER_FLOW_EXECUTION_AGENT,BTCUSD#,,,,2026-07-08 10:31:02.144712+00:00,2026-07-08 07:31:02.144712+00:00
,,,BUY,,,,SAIN,0.0,,,56.39,B,,-44.85,False,,,,50.0,100.0,,,failed_gate=DAILY_KILLSWITCH_MAX_LOSSES,,REFUSE,66.6,LONDON,,50.0,ORDER_FLOW_EXECUTION_AGENT,BTCUSD#,,,,2026-07-08 10:31:26.876383+00:00,2026-07-08 07:31:26.876383+00:00
,,,BUY,,,,SAIN,0.0,,,56.21,B,,-44.85,False,,,,50.0,100.0,,,failed_gate=DAILY_KILLSWITCH_MAX_LOSSES,,REFUSE,66.55,LONDON,,50.0,ORDER_FLOW_EXECUTION_AGENT,BTCUSD#,,,,2026-07-08 10:31:52.027463+00:00,2026-07-08 07:31:52.027463+00:00
,,,BUY,,,,SAIN,0.0,,,56.24,B,,-44.85,False,,,,50.0,100.0,,,failed_gate=DAILY_KILLSWITCH_MAX_LOSSES,,REFUSE,66.56,LONDON,,50.0,ORDER_FLOW_EXECUTION_AGENT,BTCUSD#,,,,2026-07-08 10:32:17.324674+00:00,2026-07-08 07:32:17.324674+00:00
,,,BUY,,,,SAIN,0.0,,,56.16,B,,-44.85,False,,,,50.0,100.0,,,failed_gate=DAILY_KILLSWITCH_MAX_LOSSES,,REFUSE,66.54,LONDON,,50.0,ORDER_FLOW_EXECUTION_AGENT,BTCUSD#,,,,2026-07-08 10:32:42.549018+00:00,2026-07-08 07:32:42.549018+00:00
,,,BUY,,,,SAIN,0.0,,,56.25,B,,-44.85,False,,,,50.0,100.0,,,failed_gate=DAILY_KILLSWITCH_MAX_LOSSES,,REFUSE,66.56,LONDON,,50.0,ORDER_FLOW_EXECUTION_AGENT,BTCUSD#,,,,2026-07-08 10:33:09.740756+00:00,2026-07-08 07:33:09.740756+00:00
,,,BUY,,,,SAIN,0.0,,,56.25,B,,-44.85,False,,,,50.0,100.0,,,failed_gate=DAILY_KILLSWITCH_MAX_LOSSES,,REFUSE,66.56,LONDON,,50.0,ORDER_FLOW_EXECUTION_AGENT,BTCUSD#,,,,2026-07-08 10:33:34.853615+00:00,2026-07-08 07:33:34.853615+00:00
,,,BUY,,,,SAIN,0.0,,,56.61,B,,-44.85,False,,,,50.0,100.0,,,failed_gate=DAILY_KILLSWITCH_MAX_LOSSES,,REFUSE,66.65,LONDON,,50.0,ORDER_FLOW_EXECUTION_AGENT,BTCUSD#,,,,2026-07-08 10:34:00.628232+00:00,2026-07-08 07:34:00.628232+00:00
,,,BUY,,,,SAIN,0.0,,,57.4,B,,-44.85,False,,,,50.0,100.0,,,failed_gate=DAILY_KILLSWITCH_MAX_LOSSES,,REFUSE,66.85,LONDON,,50.0,ORDER_FLOW_EXECUTION_AGENT,BTCUSD#,,,,2026-07-08 10:34:27.224260+00:00,2026-07-08 07:34:27.224260+00:00
,,,BUY,,,,SAIN,0.0,,,58.68,B,,-44.85,False,,,,50.0,100.0,,,failed_gate=DAILY_KILLSWITCH_MAX_LOSSES,,REFUSE,67.17,LONDON,,50.0,ORDER_FLOW_EXECUTION_AGENT,BTCUSD#,,,,2026-07-08 10:34:55.050259+00:00,2026-07-08 07:34:55.050259+00:00
,,,SELL,,,,SAIN,39.4,,,60.5,B,,,,,,,55.0,94.0,,,failed_gate=MAX_OPEN_TRADES_PER_SYMBOL,,REFUSE,66.83,LONDON,,50.0,ORDER_FLOW_EXECUTION_AGENT,GOLD#,,,,2026-07-08 10:35:30.358246+00:00,2026-07-08 07:35:30.358246+00:00
,,,SELL,,,,SAIN,39.4,,,60.42,B,,,,,,,55.0,94.0,,,failed_gate=MAX_OPEN_TRADES_PER_SYMBOL,,REFUSE,66.81,LONDON,,50.0,ORDER_FLOW_EXECUTION_AGENT,GOLD#,,,,2026-07-08 10:35:53.369117+00:00,2026-07-08 07:35:53.369117+00:00
,,,BUY,,,,SAIN,17.4,,,43.09,C,,-44.85,False,,,,50.0,100.0,,,failed_gate=DAILY_KILLSWITCH_MAX_LOSSES,,REFUSE,63.27,LONDON,,50.0,ORDER_FLOW_EXECUTION_AGENT,BTCUSD#,,,,2026-07-08 10:40:40.478827+00:00,2026-07-08 07:40:40.478827+00:00
,,,BUY,,,,SAIN,17.4,,,42.7,C,,-44.85,False,,,,50.0,100.0,,,failed_gate=DAILY_KILLSWITCH_MAX_LOSSES,,REFUSE,63.17,LONDON,,50.0,ORDER_FLOW_EXECUTION_AGENT,BTCUSD#,,,,2026-07-08 10:41:05.493781+00:00,2026-07-08 07:41:05.493781+00:00
,,,BUY,,,,SAIN,17.4,,,42.98,C,,-44.85,False,,,,50.0,100.0,,,failed_gate=DAILY_KILLSWITCH_MAX_LOSSES,,REFUSE,63.24,LONDON,,50.0,ORDER_FLOW_EXECUTION_AGENT,BTCUSD#,,,,2026-07-08 10:41:30.247477+00:00,2026-07-08 07:41:30.247477+00:00
,,,BUY,,,,SAIN,17.4,,,43.09,C,,-44.85,False,,,,50.0,100.0,,,failed_gate=DAILY_KILLSWITCH_MAX_LOSSES,,REFUSE,63.27,LONDON,,50.0,ORDER_FLOW_EXECUTION_AGENT,BTCUSD#,,,,2026-07-08 10:41:56.004773+00:00,2026-07-08 07:41:56.004773+00:00
,,,BUY,,,,SAIN,17.4,,,43.38,C,,-44.85,False,,,,50.0,100.0,,,failed_gate=DAILY_KILLSWITCH_MAX_LOSSES,,REFUSE,63.34,LONDON,,50.0,ORDER_FLOW_EXECUTION_AGENT,BTCUSD#,,,,2026-07-08 10:42:21.155644+00:00,2026-07-08 07:42:21.155644+00:00
,,,BUY,,,,SAIN,17.4,,,43.6,C,,-44.85,False,,,,50.0,100.0,,,failed_gate=DAILY_KILLSWITCH_MAX_LOSSES,,REFUSE,63.4,LONDON,,50.0,ORDER_FLOW_EXECUTION_AGENT,BTCUSD#,,,,2026-07-08 10:42:45.989647+00:00,2026-07-08 07:42:45.989647+00:00
,,,BUY,,,,SAIN,17.4,,,43.6,C,,-44.85,False,,,,50.0,100.0,,,failed_gate=DAILY_KILLSWITCH_MAX_LOSSES,,REFUSE,63.4,LONDON,,50.0,ORDER_FLOW_EXECUTION_AGENT,BTCUSD#,,,,2026-07-08 10:43:11.803994+00:00,2026-07-08 07:43:11.803994+00:00
,,,BUY,,,,SAIN,17.4,,,43.2,C,,-44.85,False,,,,50.0,100.0,,,failed_gate=DAILY_KILLSWITCH_MAX_LOSSES,,REFUSE,63.3,LONDON,,50.0,ORDER_FLOW_EXECUTION_AGENT,BTCUSD#,,,,2026-07-08 10:43:35.059887+00:00,2026-07-08 07:43:35.059887+00:00
,,,BUY,,,,SAIN,17.4,,,42.75,C,,-44.85,False,,,,50.0,100.0,,,failed_gate=DAILY_KILLSWITCH_MAX_LOSSES,,REFUSE,63.19,LONDON,,50.0,ORDER_FLOW_EXECUTION_AGENT,BTCUSD#,,,,2026-07-08 10:43:58.217654+00:00,2026-07-08 07:43:58.217654+00:00
,,,BUY,,,,SAIN,17.4,,,43.9,C,,-44.85,False,,,,50.0,100.0,,,failed_gate=DAILY_KILLSWITCH_MAX_LOSSES,,REFUSE,63.48,LONDON,,50.0,ORDER_FLOW_EXECUTION_AGENT,BTCUSD#,,,,2026-07-08 10:44:21.206875+00:00,2026-07-08 07:44:21.206875+00:00
,,,BUY,,,,SAIN,17.4,,,33.21,C,,-44.85,False,,,,50.0,100.0,,,failed_gate=DAILY_KILLSWITCH_MAX_LOSSES,,REFUSE,60.8,LONDON,,50.0,ORDER_FLOW_EXECUTION_AGENT,BTCUSD#,,,,2026-07-08 10:44:46.270622+00:00,2026-07-08 07:44:46.270622+00:00
,,,BUY,,,,SAIN,0.0,,,34.03,C,,-44.85,False,,,,50.0,100.0,,,failed_gate=DAILY_KILLSWITCH_MAX_LOSSES,,REFUSE,61.01,LONDON,,50.0,ORDER_FLOW_EXECUTION_AGENT,BTCUSD#,,,,2026-07-08 10:45:11.239907+00:00,2026-07-08 07:45:11.239907+00:00
,,,BUY,,,,SAIN,0.0,,,37.19,C,,-44.85,False,,,,55.0,100.0,,,failed_gate=DAILY_KILLSWITCH_MAX_LOSSES,,REFUSE,62.8,LONDON,,50.0,ORDER_FLOW_EXECUTION_AGENT,BTCUSD#,,,,2026-07-08 10:48:00.081892+00:00,2026-07-08 07:48:00.081892+00:00
,,,BUY,,,,SAIN,0.0,,,37.46,C,,-44.85,False,,,,55.0,100.0,,,failed_gate=DAILY_KILLSWITCH_MAX_LOSSES,,REFUSE,62.87,LONDON,,50.0,ORDER_FLOW_EXECUTION_AGENT,BTCUSD#,,,,2026-07-08 10:48:19.472908+00:00,2026-07-08 07:48:19.472908+00:00
,,,BUY,,,,SAIN,0.0,,,37.26,C,,-44.85,False,,,,55.0,100.0,,,failed_gate=DAILY_KILLSWITCH_MAX_LOSSES,,REFUSE,62.81,LONDON,,50.0,ORDER_FLOW_EXECUTION_AGENT,BTCUSD#,,,,2026-07-08 10:48:38.660020+00:00,2026-07-08 07:48:38.660020+00:00
,,,BUY,,,,SAIN,0.0,,,37.32,C,,-44.85,False,,,,55.0,100.0,,,failed_gate=DAILY_KILLSWITCH_MAX_LOSSES,,REFUSE,62.83,LONDON,,50.0,ORDER_FLOW_EXECUTION_AGENT,BTCUSD#,,,,2026-07-08 10:49:00.346988+00:00,2026-07-08 07:49:00.346988+00:00
,,,BUY,,,,SAIN,0.0,,,61.83,B,,-44.85,False,,,,55.0,100.0,,,failed_gate=DAILY_KILLSWITCH_MAX_LOSSES,,REFUSE,68.96,LONDON,,50.0,ORDER_FLOW_EXECUTION_AGENT,BTCUSD#,,,,2026-07-08 10:49:36.108713+00:00,2026-07-08 07:49:36.108713+00:00
,,,BUY,,,,SAIN,0.0,,,46.63,B,,-44.85,False,,,,55.0,100.0,,,failed_gate=DAILY_KILLSWITCH_MAX_LOSSES,,REFUSE,65.16,LONDON,,50.0,ORDER_FLOW_EXECUTION_AGENT,BTCUSD#,,,,2026-07-08 10:49:56.115050+00:00,2026-07-08 07:49:56.115050+00:00
,,,SELL,,SAIN,17.6,SAIN,21.0,,,59.43,B,,,,,,,50.0,100.0,,,failed_gate=MAX_OPEN_TRADES_PER_SYMBOL,,REFUSE,67.36,LONDON,,50.0,ORDER_FLOW_EXECUTION_AGENT,GOLD#,,,,2026-07-08 10:50:19.060976+00:00,2026-07-08 07:50:19.060976+00:00
,,,BUY,,SAIN,17.6,SAIN,21.0,,,60.59,B,,,,,,,50.0,100.0,,,failed_gate=MAX_OPEN_TRADES_PER_SYMBOL,,REFUSE,67.65,LONDON,,50.0,ORDER_FLOW_EXECUTION_AGENT,GOLD#,,,,2026-07-08 10:50:36.019424+00:00,2026-07-08 07:50:36.019424+00:00
,,,SELL,,SAIN,17.6,SAIN,21.0,,,59.81,B,,,,,,,50.0,100.0,,,failed_gate=MAX_OPEN_TRADES_PER_SYMBOL,,REFUSE,67.45,LONDON,,50.0,ORDER_FLOW_EXECUTION_AGENT,GOLD#,,,,2026-07-08 10:50:54.269764+00:00,2026-07-08 07:50:54.269764+00:00
,,,SELL,,,,SAIN,21.0,,,60.07,B,,,,,,,50.0,100.0,,,failed_gate=MAX_OPEN_TRADES_PER_SYMBOL,,REFUSE,67.52,LONDON,,50.0,ORDER_FLOW_EXECUTION_AGENT,GOLD#,,,,2026-07-08 10:51:12.559682+00:00,2026-07-08 07:51:12.559682+00:00
,,,BUY,,,,SAIN,0.0,,,50.59,B,,-44.85,False,,,,55.0,100.0,,,failed_gate=DAILY_KILLSWITCH_MAX_LOSSES,,REFUSE,66.15,LONDON,,50.0,ORDER_FLOW_EXECUTION_AGENT,BTCUSD#,,,,2026-07-08 10:51:22.575316+00:00,2026-07-08 07:51:22.575316+00:00
,,,SELL,,,,SAIN,21.0,,,34.67,C,,,,,,,50.0,100.0,,,failed_gate=MAX_OPEN_TRADES_PER_SYMBOL,,REFUSE,61.17,LONDON,,50.0,ORDER_FLOW_EXECUTION_AGENT,GOLD#,,,,2026-07-08 10:51:51.091628+00:00,2026-07-08 07:51:51.091628+00:00
,,,BUY,,,,SAIN,0.0,,,50.91,B,,-44.85,False,,,,55.0,100.0,,,failed_gate=DAILY_KILLSWITCH_MAX_LOSSES,,REFUSE,66.23,LONDON,,50.0,ORDER_FLOW_EXECUTION_AGENT,BTCUSD#,,,,2026-07-08 10:52:03.450096+00:00,2026-07-08 07:52:03.450096+00:00
,,,SELL,,,,SAIN,21.0,,,34.48,C,,,,,,,50.0,100.0,,,failed_gate=MAX_OPEN_TRADES_PER_SYMBOL,,REFUSE,61.12,LONDON,,50.0,ORDER_FLOW_EXECUTION_AGENT,GOLD#,,,,2026-07-08 10:52:13.192333+00:00,2026-07-08 07:52:13.192333+00:00
,,,SELL,,,,SAIN,21.0,,,34.45,C,,,,,,,50.0,100.0,,,failed_gate=MAX_OPEN_TRADES_PER_SYMBOL,,REFUSE,61.11,LONDON,,50.0,ORDER_FLOW_EXECUTION_AGENT,GOLD#,,,,2026-07-08 10:52:30.801477+00:00,2026-07-08 07:52:30.801477+00:00
,,,SELL,,,,SAIN,21.0,,,34.57,C,,,,,,,50.0,100.0,,,failed_gate=MAX_OPEN_TRADES_PER_SYMBOL,,REFUSE,61.14,LONDON,,50.0,ORDER_FLOW_EXECUTION_AGENT,GOLD#,,,,2026-07-08 10:52:48.455571+00:00,2026-07-08 07:52:48.455571+00:00
,,,SELL,,,,SAIN,21.0,,,34.42,C,,,,,,,50.0,100.0,,,failed_gate=MAX_OPEN_TRADES_PER_SYMBOL,,REFUSE,61.11,LONDON,,50.0,ORDER_FLOW_EXECUTION_AGENT,GOLD#,,,,2026-07-08 10:53:05.660586+00:00,2026-07-08 07:53:05.660586+00:00
,,,SELL,,,,SAIN,21.0,,,44.09,C,,,,,,,50.0,100.0,,,failed_gate=MAX_OPEN_TRADES_PER_SYMBOL,,REFUSE,63.52,LONDON,,50.0,ORDER_FLOW_EXECUTION_AGENT,GOLD#,,,,2026-07-08 10:53:24.986451+00:00,2026-07-08 07:53:24.986451+00:00
,,,SELL,,,,SAIN,21.0,,,34.96,C,,,,,,,50.0,100.0,,,failed_gate=MAX_OPEN_TRADES_PER_SYMBOL,,REFUSE,61.24,LONDON,,50.0,ORDER_FLOW_EXECUTION_AGENT,GOLD#,,,,2026-07-08 10:53:42.963273+00:00,2026-07-08 07:53:42.963273+00:00
,,,SELL,,,,SAIN,21.0,,,44.59,C,,,,,,,50.0,100.0,,,failed_gate=MAX_OPEN_TRADES_PER_SYMBOL,,REFUSE,63.65,LONDON,,50.0,ORDER_FLOW_EXECUTION_AGENT,GOLD#,,,,2026-07-08 10:54:03.060082+00:00,2026-07-08 07:54:03.060082+00:00
,,,BUY,,,,SAIN,0.0,,,61.6,B,,-44.85,False,,,,55.0,100.0,,,failed_gate=DAILY_KILLSWITCH_MAX_LOSSES,,REFUSE,68.9,LONDON,,50.0,ORDER_FLOW_EXECUTION_AGENT,BTCUSD#,,,,2026-07-08 10:54:15.728618+00:00,2026-07-08 07:54:15.728618+00:00
,,,SELL,,,,SAIN,21.0,,,44.87,C,,,,,,,50.0,100.0,,,failed_gate=MAX_OPEN_TRADES_PER_SYMBOL,,REFUSE,63.72,LONDON,,50.0,ORDER_FLOW_EXECUTION_AGENT,GOLD#,,,,2026-07-08 10:54:27.446395+00:00,2026-07-08 07:54:27.446395+00:00
,,,BUY,,,,SAIN,0.0,,,62.19,B,,-44.85,False,,,,55.0,100.0,,,failed_gate=DAILY_KILLSWITCH_MAX_LOSSES,,REFUSE,69.05,LONDON,,50.0,ORDER_FLOW_EXECUTION_AGENT,BTCUSD#,,,,2026-07-08 10:54:41.992466+00:00,2026-07-08 07:54:41.992466+00:00
,,,SELL,,,,SAIN,21.0,,,44.47,C,,,,,,,50.0,100.0,,,failed_gate=MAX_OPEN_TRADES_PER_SYMBOL,,REFUSE,63.62,LONDON,,50.0,ORDER_FLOW_EXECUTION_AGENT,GOLD#,,,,2026-07-08 10:54:53.953981+00:00,2026-07-08 07:54:53.953981+00:00
,,,BUY,,,,SAIN,0.0,,,62.3,B,,-44.85,False,,,,55.0,100.0,,,failed_gate=DAILY_KILLSWITCH_MAX_LOSSES,,REFUSE,69.08,LONDON,,50.0,ORDER_FLOW_EXECUTION_AGENT,BTCUSD#,,,,2026-07-08 10:55:08.846350+00:00,2026-07-08 07:55:08.846350+00:00
,,,BUY,,PRUDENCE,40.0,,,,,46.01,C,,-44.85,False,,,,50.0,100.0,,,failed_gate=DAILY_KILLSWITCH_MAX_LOSSES,,REFUSE,64.0,LONDON,,50.0,ORDER_FLOW_EXECUTION_AGENT,BTCUSD#,,,,2026-07-08 11:01:38.326305+00:00,2026-07-08 08:01:38.326305+00:00
,,,BUY,,PRUDENCE,40.0,,,,,46.2,C,,-44.85,False,,,,50.0,100.0,,,failed_gate=DAILY_KILLSWITCH_MAX_LOSSES,,REFUSE,64.05,LONDON,,50.0,ORDER_FLOW_EXECUTION_AGENT,BTCUSD#,,,,2026-07-08 11:01:56.750560+00:00,2026-07-08 08:01:56.750560+00:00
,,,BUY,,PRUDENCE,40.0,,,,,58.58,B,,-44.85,False,,,,50.0,100.0,,,failed_gate=DAILY_KILLSWITCH_MAX_LOSSES,,REFUSE,67.14,LONDON,,50.0,ORDER_FLOW_EXECUTION_AGENT,BTCUSD#,,,,2026-07-08 11:02:23.458999+00:00,2026-07-08 08:02:23.458999+00:00
,,,BUY,,PRUDENCE,40.0,,,,,46.84,C,,-44.85,False,,,,50.0,100.0,,,failed_gate=DAILY_KILLSWITCH_MAX_LOSSES,,REFUSE,64.21,LONDON,,50.0,ORDER_FLOW_EXECUTION_AGENT,BTCUSD#,,,,2026-07-08 11:02:43.828286+00:00,2026-07-08 08:02:43.828286+00:00
,,,BUY,,PRUDENCE,40.0,,,,,46.84,C,,-44.85,False,,,,50.0,100.0,,,failed_gate=DAILY_KILLSWITCH_MAX_LOSSES,,REFUSE,64.21,LONDON,,50.0,ORDER_FLOW_EXECUTION_AGENT,BTCUSD#,,,,2026-07-08 11:03:04.823985+00:00,2026-07-08 08:03:04.823985+00:00
,,,BUY,,PRUDENCE,40.0,,,,,47.3,C,,-44.85,False,,,,50.0,100.0,,,failed_gate=DAILY_KILLSWITCH_MAX_LOSSES,,REFUSE,64.33,LONDON,,50.0,ORDER_FLOW_EXECUTION_AGENT,BTCUSD#,,,,2026-07-08 11:03:25.253687+00:00,2026-07-08 08:03:25.253687+00:00
,,,BUY,,PRUDENCE,40.0,,,,,47.27,C,,-44.85,False,,,,50.0,100.0,,,failed_gate=DAILY_KILLSWITCH_MAX_LOSSES,,REFUSE,64.32,LONDON,,50.0,ORDER_FLOW_EXECUTION_AGENT,BTCUSD#,,,,2026-07-08 11:03:45.488376+00:00,2026-07-08 08:03:45.488376+00:00
,,,BUY,,PRUDENCE,40.0,,,,,47.27,C,,-44.85,False,,,,50.0,100.0,,,failed_gate=DAILY_KILLSWITCH_MAX_LOSSES,,REFUSE,64.32,LONDON,,50.0,ORDER_FLOW_EXECUTION_AGENT,BTCUSD#,,,,2026-07-08 11:04:05.763000+00:00,2026-07-08 08:04:05.763000+00:00
,,,BUY,,PRUDENCE,40.0,,,,,35.31,C,,-44.85,False,,,,50.0,100.0,,,failed_gate=DAILY_KILLSWITCH_MAX_LOSSES,,REFUSE,61.33,LONDON,,50.0,ORDER_FLOW_EXECUTION_AGENT,BTCUSD#,,,,2026-07-08 11:05:13.717168+00:00,2026-07-08 08:05:13.717168+00:00
,,,BUY,,,,,,,,35.46,C,,-44.85,False,,,,50.0,100.0,,,failed_gate=DAILY_KILLSWITCH_MAX_LOSSES,,REFUSE,61.37,LONDON,,50.0,ORDER_FLOW_EXECUTION_AGENT,BTCUSD#,,,,2026-07-08 11:05:33.278827+00:00,2026-07-08 08:05:33.278827+00:00
,,,BUY,,,,,,,,35.39,C,,-44.85,False,,,,50.0,100.0,,,failed_gate=DAILY_KILLSWITCH_MAX_LOSSES,,REFUSE,61.35,LONDON,,50.0,ORDER_FLOW_EXECUTION_AGENT,BTCUSD#,,,,2026-07-08 11:05:53.200918+00:00,2026-07-08 08:05:53.200918+00:00
,,,BUY,,,,,,,,48.24,C,,-44.85,False,,,,50.0,100.0,,,failed_gate=DAILY_KILLSWITCH_MAX_LOSSES,,REFUSE,64.56,LONDON,,50.0,ORDER_FLOW_EXECUTION_AGENT,BTCUSD#,,,,2026-07-08 11:06:12.946427+00:00,2026-07-08 08:06:12.946427+00:00
,,,BUY,,,,,,,,59.27,B,,-44.85,False,,,,50.0,100.0,,,failed_gate=DAILY_KILLSWITCH_MAX_LOSSES,,REFUSE,67.32,LONDON,,50.0,ORDER_FLOW_EXECUTION_AGENT,BTCUSD#,,,,2026-07-08 11:06:35.303628+00:00,2026-07-08 08:06:35.303628+00:00
,,,BUY,,,,,,,,47.9,C,,-44.85,False,,,,50.0,100.0,,,failed_gate=DAILY_KILLSWITCH_MAX_LOSSES,,REFUSE,64.47,LONDON,,50.0,ORDER_FLOW_EXECUTION_AGENT,BTCUSD#,,,,2026-07-08 11:06:54.059885+00:00,2026-07-08 08:06:54.059885+00:00
,,,BUY,,,,,,,,47.7,C,,-44.85,False,,,,50.0,100.0,,,failed_gate=DAILY_KILLSWITCH_MAX_LOSSES,,REFUSE,64.42,LONDON,,50.0,ORDER_FLOW_EXECUTION_AGENT,BTCUSD#,,,,2026-07-08 11:07:13.536702+00:00,2026-07-08 08:07:13.536702+00:00
,,,BUY,,,,,,,,48.25,C,,-44.85,False,,,,50.0,100.0,,,failed_gate=DAILY_KILLSWITCH_MAX_LOSSES,,REFUSE,64.56,LONDON,,50.0,ORDER_FLOW_EXECUTION_AGENT,BTCUSD#,,,,2026-07-08 11:07:31.834349+00:00,2026-07-08 08:07:31.834349+00:00
,,,BUY,,,,SAIN,0.0,,,47.61,C,,-44.85,False,,,,50.0,100.0,,,failed_gate=DAILY_KILLSWITCH_MAX_LOSSES,,REFUSE,64.4,LONDON,,50.0,ORDER_FLOW_EXECUTION_AGENT,BTCUSD#,,,,2026-07-08 11:07:50.296246+00:00,2026-07-08 08:07:50.296246+00:00
,,,SELL,,,,SAIN,23.2,,,51.54,B,,-44.85,False,,,,65.0,100.0,,,failed_gate=DAILY_KILLSWITCH_MAX_LOSSES,,REFUSE,68.38,LONDON,,50.0,ORDER_FLOW_EXECUTION_AGENT,BTCUSD#,,,,2026-07-08 11:10:20.406218+00:00,2026-07-08 08:10:20.406218+00:00
,,,SELL,,,,SAIN,23.2,,,51.76,B,,-44.85,False,,,,65.0,100.0,,,failed_gate=DAILY_KILLSWITCH_MAX_LOSSES,,REFUSE,68.44,LONDON,,50.0,ORDER_FLOW_EXECUTION_AGENT,BTCUSD#,,,,2026-07-08 11:10:40.810578+00:00,2026-07-08 08:10:40.810578+00:00
,,,SELL,,,,SAIN,23.2,,,51.92,B,,-44.85,False,,,,65.0,100.0,,,failed_gate=DAILY_KILLSWITCH_MAX_LOSSES,,REFUSE,68.48,LONDON,,50.0,ORDER_FLOW_EXECUTION_AGENT,BTCUSD#,,,,2026-07-08 11:10:58.870242+00:00,2026-07-08 08:10:58.870242+00:00
,,,SELL,,,,SAIN,23.2,,,52.76,B,,-44.85,False,,,,65.0,100.0,,,failed_gate=DAILY_KILLSWITCH_MAX_LOSSES,,REFUSE,68.69,LONDON,,50.0,ORDER_FLOW_EXECUTION_AGENT,BTCUSD#,,,,2026-07-08 11:11:17.019041+00:00,2026-07-08 08:11:17.019041+00:00
,,,SELL,,,,SAIN,23.2,,,53.25,B,,-44.85,False,,,,65.0,100.0,,,failed_gate=DAILY_KILLSWITCH_MAX_LOSSES,,REFUSE,68.81,LONDON,,50.0,ORDER_FLOW_EXECUTION_AGENT,BTCUSD#,,,,2026-07-08 11:11:36.735394+00:00,2026-07-08 08:11:36.735394+00:00
,,,SELL,,,,SAIN,23.2,,,53.24,B,,-44.85,False,,,,65.0,100.0,,,failed_gate=DAILY_KILLSWITCH_MAX_LOSSES,,REFUSE,68.81,LONDON,,50.0,ORDER_FLOW_EXECUTION_AGENT,BTCUSD#,,,,2026-07-08 11:11:54.966944+00:00,2026-07-08 08:11:54.966944+00:00
,,,SELL,,,,SAIN,23.2,,,52.49,B,,-44.85,False,,,,65.0,100.0,,,failed_gate=DAILY_KILLSWITCH_MAX_LOSSES,,REFUSE,68.62,LONDON,,50.0,ORDER_FLOW_EXECUTION_AGENT,BTCUSD#,,,,2026-07-08 11:12:16.862716+00:00,2026-07-08 08:12:16.862716+00:00
,,,SELL,,,,SAIN,23.2,,,53.31,B,,-44.85,False,,,,65.0,100.0,,,failed_gate=DAILY_KILLSWITCH_MAX_LOSSES,,REFUSE,68.83,LONDON,,50.0,ORDER_FLOW_EXECUTION_AGENT,BTCUSD#,,,,2026-07-08 11:12:37.053297+00:00,2026-07-08 08:12:37.053297+00:00
,,,SELL,,,,SAIN,23.2,,,54.74,B,,-44.85,False,,,,65.0,100.0,,,failed_gate=DAILY_KILLSWITCH_MAX_LOSSES,,REFUSE,69.19,LONDON,,50.0,ORDER_FLOW_EXECUTION_AGENT,BTCUSD#,,,,2026-07-08 11:12:59.303292+00:00,2026-07-08 08:12:59.303292+00:00
,,,SELL,,,,SAIN,23.2,,,54.33,B,,-44.85,False,,,,65.0,100.0,,,failed_gate=DAILY_KILLSWITCH_MAX_LOSSES,,REFUSE,69.08,LONDON,,50.0,ORDER_FLOW_EXECUTION_AGENT,BTCUSD#,,,,2026-07-08 11:13:19.576241+00:00,2026-07-08 08:13:19.576241+00:00
,,,SELL,,,,SAIN,23.2,,,53.77,B,,-44.85,False,,,,65.0,100.0,,,failed_gate=DAILY_KILLSWITCH_MAX_LOSSES,,REFUSE,68.94,LONDON,,50.0,ORDER_FLOW_EXECUTION_AGENT,BTCUSD#,,,,2026-07-08 11:13:41.025335+00:00,2026-07-08 08:13:41.025335+00:00
,,,SELL,,,,SAIN,23.2,,,53.99,B,,-44.85,False,,,,65.0,100.0,,,failed_gate=DAILY_KILLSWITCH_MAX_LOSSES,,REFUSE,69.0,LONDON,,50.0,ORDER_FLOW_EXECUTION_AGENT,BTCUSD#,,,,2026-07-08 11:14:01.536576+00:00,2026-07-08 08:14:01.536576+00:00
,,,SELL,,,,SAIN,23.2,,,53.23,B,,-44.85,False,,,,65.0,100.0,,,failed_gate=DAILY_KILLSWITCH_MAX_LOSSES,,REFUSE,68.81,LONDON,,50.0,ORDER_FLOW_EXECUTION_AGENT,BTCUSD#,,,,2026-07-08 11:14:22.577065+00:00,2026-07-08 08:14:22.577065+00:00
,,,SELL,,,,SAIN,23.2,,,53.66,B,,-44.85,False,,,,65.0,100.0,,,failed_gate=DAILY_KILLSWITCH_MAX_LOSSES,,REFUSE,68.91,LONDON,,50.0,ORDER_FLOW_EXECUTION_AGENT,BTCUSD#,,,,2026-07-08 11:14:43.280993+00:00,2026-07-08 08:14:43.280993+00:00
,,,SELL,,,,SAIN,23.2,,,53.27,B,,-44.85,False,,,,65.0,100.0,,,failed_gate=DAILY_KILLSWITCH_MAX_LOSSES,,REFUSE,68.82,LONDON,,50.0,ORDER_FLOW_EXECUTION_AGENT,BTCUSD#,,,,2026-07-08 11:15:03.740663+00:00,2026-07-08 08:15:03.740663+00:00
,,,SELL,,,,SAIN,14.2,,,51.21,B,,-44.85,False,,,,55.0,100.0,,,failed_gate=DAILY_KILLSWITCH_MAX_LOSSES,,REFUSE,66.3,LONDON,,50.0,ORDER_FLOW_EXECUTION_AGENT,BTCUSD#,,,,2026-07-08 11:15:46.068037+00:00,2026-07-08 08:15:46.068037+00:00
,,,SELL,,,,SAIN,14.2,,,51.69,B,,-44.85,False,,,,55.0,100.0,,,failed_gate=DAILY_KILLSWITCH_MAX_LOSSES,,REFUSE,66.42,LONDON,,50.0,ORDER_FLOW_EXECUTION_AGENT,BTCUSD#,,,,2026-07-08 11:16:07.035771+00:00,2026-07-08 08:16:07.035771+00:00
,,,SELL,,,,SAIN,14.2,,,52.28,B,,-44.85,False,,,,55.0,100.0,,,failed_gate=DAILY_KILLSWITCH_MAX_LOSSES,,REFUSE,66.57,LONDON,,50.0,ORDER_FLOW_EXECUTION_AGENT,BTCUSD#,,,,2026-07-08 11:16:27.762229+00:00,2026-07-08 08:16:27.762229+00:00
,,,SELL,,,,,,,,42.85,C,,,,,,,50.0,84.0,,,failed_gate=MAX_OPEN_TRADES_PER_SYMBOL,,REFUSE,58.41,LONDON,,50.0,ORDER_FLOW_EXECUTION_AGENT,GOLD#,,,,2026-07-08 11:16:41.021021+00:00,2026-07-08 08:16:41.021021+00:00
,,,SELL,,,,SAIN,14.2,,,56.87,B,,-44.85,False,,,,55.0,100.0,,,failed_gate=DAILY_KILLSWITCH_MAX_LOSSES,,REFUSE,67.72,LONDON,,50.0,ORDER_FLOW_EXECUTION_AGENT,BTCUSD#,,,,2026-07-08 11:16:53.956672+00:00,2026-07-08 08:16:53.956672+00:00
,,,SELL,,,,SAIN,14.2,,,57.97,B,,-44.85,False,,,,55.0,100.0,,,failed_gate=DAILY_KILLSWITCH_MAX_LOSSES,,REFUSE,67.99,LONDON,,50.0,ORDER_FLOW_EXECUTION_AGENT,BTCUSD#,,,,2026-07-08 11:17:24.141561+00:00,2026-07-08 08:17:24.141561+00:00
,,,SELL,,,,SAIN,14.2,,,57.74,B,,-44.85,False,,,,55.0,100.0,,,failed_gate=DAILY_KILLSWITCH_MAX_LOSSES,,REFUSE,67.94,LONDON,,50.0,ORDER_FLOW_EXECUTION_AGENT,BTCUSD#,,,,2026-07-08 11:17:51.761521+00:00,2026-07-08 08:17:51.761521+00:00
,,,SELL,,,,SAIN,14.2,,,63.34,B,,-44.85,False,,,,55.0,100.0,,,failed_gate=DAILY_KILLSWITCH_MAX_LOSSES,,REFUSE,69.34,LONDON,,50.0,ORDER_FLOW_EXECUTION_AGENT,BTCUSD#,,,,2026-07-08 11:19:18.347332+00:00,2026-07-08 08:19:18.347332+00:00
,,,SELL,,,,SAIN,31.4,,,63.73,B,,-44.85,False,,,,50.0,91.0,,,failed_gate=DAILY_KILLSWITCH_MAX_LOSSES,,REFUSE,65.73,LONDON,,50.0,ORDER_FLOW_EXECUTION_AGENT,GOLD#,,,,2026-07-08 11:19:35.907055+00:00,2026-07-08 08:19:35.907055+00:00
,,,SELL,,,,SAIN,14.2,,,53.82,B,,-44.85,False,,,,55.0,100.0,,,failed_gate=DAILY_KILLSWITCH_MAX_LOSSES,,REFUSE,66.95,LONDON,,50.0,ORDER_FLOW_EXECUTION_AGENT,BTCUSD#,,,,2026-07-08 11:19:47.668582+00:00,2026-07-08 08:19:47.668582+00:00
,,,SELL,,,,SAIN,31.4,,,63.84,B,,-44.85,False,,,,50.0,91.0,,,failed_gate=DAILY_KILLSWITCH_MAX_LOSSES,,REFUSE,65.76,LONDON,,50.0,ORDER_FLOW_EXECUTION_AGENT,GOLD#,,,,2026-07-08 11:20:06.142056+00:00,2026-07-08 08:20:06.142056+00:00
,,,SELL,,,,,,,,41.83,C,,-44.85,False,,,,50.0,91.0,,,failed_gate=DAILY_KILLSWITCH_MAX_LOSSES,,REFUSE,60.26,LONDON,,50.0,ORDER_FLOW_EXECUTION_AGENT,GOLD#,,,,2026-07-08 11:30:16.388413+00:00,2026-07-08 08:30:16.388413+00:00
,,,SELL,,,,,,,,41.38,C,,-44.85,False,,,,50.0,91.0,,,failed_gate=DAILY_KILLSWITCH_MAX_LOSSES,,REFUSE,60.14,LONDON,,50.0,ORDER_FLOW_EXECUTION_AGENT,GOLD#,,,,2026-07-08 11:31:17.679505+00:00,2026-07-08 08:31:17.679505+00:00
,,,SELL,,,,,,,,41.9,C,,-44.85,False,,,,50.0,91.0,,,failed_gate=DAILY_KILLSWITCH_MAX_LOSSES,,REFUSE,60.28,LONDON,,50.0,ORDER_FLOW_EXECUTION_AGENT,GOLD#,,,,2026-07-08 11:32:13.717433+00:00,2026-07-08 08:32:13.717433+00:00
,,,SELL,,,,,,,,44.21,C,,-44.85,False,,,,50.0,99.0,,,failed_gate=DAILY_KILLSWITCH_MAX_LOSSES,,REFUSE,63.25,LONDON,,50.0,ORDER_FLOW_EXECUTION_AGENT,GOLD#,,,,2026-07-08 11:32:47.848595+00:00,2026-07-08 08:32:47.848595+00:00
,,,SELL,,,,,,,,46.51,C,,-44.85,False,,,,50.0,91.0,,,failed_gate=DAILY_KILLSWITCH_MAX_LOSSES,,REFUSE,61.43,LONDON,,50.0,ORDER_FLOW_EXECUTION_AGENT,GOLD#,,,,2026-07-08 11:33:27.037106+00:00,2026-07-08 08:33:27.037106+00:00
,,,SELL,,,,,,,,46.09,C,,-44.85,False,,,,50.0,91.0,,,failed_gate=DAILY_KILLSWITCH_MAX_LOSSES,,REFUSE,61.32,LONDON,,50.0,ORDER_FLOW_EXECUTION_AGENT,GOLD#,,,,2026-07-08 11:34:00.728483+00:00,2026-07-08 08:34:00.728483+00:00
,,,SELL,,,,,,,,45.63,C,,-44.85,False,,,,50.0,91.0,,,failed_gate=DAILY_KILLSWITCH_MAX_LOSSES,,REFUSE,61.21,LONDON,,50.0,ORDER_FLOW_EXECUTION_AGENT,GOLD#,,,,2026-07-08 11:34:44.489005+00:00,2026-07-08 08:34:44.489005+00:00
,,,SELL,,,,,,,,45.63,C,,-44.85,False,,,,50.0,91.0,,,failed_gate=DAILY_KILLSWITCH_MAX_LOSSES,,REFUSE,61.21,LONDON,,50.0,ORDER_FLOW_EXECUTION_AGENT,GOLD#,,,,2026-07-08 11:35:19.301300+00:00,2026-07-08 08:35:19.301300+00:00
,,,SELL,,,,,,,,40.62,C,,-44.85,False,,,,50.0,91.0,,,failed_gate=DAILY_KILLSWITCH_MAX_LOSSES,,REFUSE,59.95,LONDON,,50.0,ORDER_FLOW_EXECUTION_AGENT,BTCUSD#,,,,2026-07-08 11:35:35.005024+00:00,2026-07-08 08:35:35.005024+00:00
,,,SELL,,,,,,,,55.81,B,,-44.85,False,,,,50.0,99.0,,,failed_gate=DAILY_KILLSWITCH_MAX_LOSSES,,REFUSE,66.15,LONDON,,50.0,ORDER_FLOW_EXECUTION_AGENT,GOLD#,,,,2026-07-08 11:35:54.317018+00:00,2026-07-08 08:35:54.317018+00:00
,,,SELL,,,,,,,,43.67,C,,-44.85,False,,,,50.0,91.0,,,failed_gate=DAILY_KILLSWITCH_MAX_LOSSES,,REFUSE,60.72,LONDON,,50.0,ORDER_FLOW_EXECUTION_AGENT,BTCUSD#,,,,2026-07-08 11:36:13.448248+00:00,2026-07-08 08:36:13.448248+00:00
,,,SELL,,,,,,,,56.61,B,,-44.85,False,,,,50.0,91.0,,,failed_gate=DAILY_KILLSWITCH_MAX_LOSSES,,REFUSE,65.2,LONDON,,55.0,ORDER_FLOW_EXECUTION_AGENT,GOLD#,,,,2026-07-08 11:36:33.304093+00:00,2026-07-08 08:36:33.304093+00:00
,,,SELL,,,,,,,,45.28,C,,-44.85,False,,,,50.0,91.0,,,failed_gate=DAILY_KILLSWITCH_MAX_LOSSES,,REFUSE,61.12,LONDON,,50.0,ORDER_FLOW_EXECUTION_AGENT,BTCUSD#,,,,2026-07-08 11:39:40.595430+00:00,2026-07-08 08:39:40.595430+00:00
,,,SELL,,,,,,,,62.75,B,,-44.85,False,,,,50.0,99.0,,,failed_gate=DAILY_KILLSWITCH_MAX_LOSSES,,REFUSE,67.89,LONDON,,50.0,ORDER_FLOW_EXECUTION_AGENT,GOLD#,,,,2026-07-08 11:40:00.617490+00:00,2026-07-08 08:40:00.617490+00:00
,,,SELL,,,,,,,,44.02,C,,-44.85,False,,,,50.0,91.0,,,failed_gate=DAILY_KILLSWITCH_MAX_LOSSES,,REFUSE,60.81,LONDON,,50.0,ORDER_FLOW_EXECUTION_AGENT,BTCUSD#,,,,2026-07-08 11:40:11.474229+00:00,2026-07-08 08:40:11.474229+00:00
,,,SELL,,,,,,,,44.67,C,,-44.85,False,,,,50.0,91.0,,,failed_gate=DAILY_KILLSWITCH_MAX_LOSSES,,REFUSE,60.97,LONDON,,50.0,ORDER_FLOW_EXECUTION_AGENT,BTCUSD#,,,,2026-07-08 11:40:44.618516+00:00,2026-07-08 08:40:44.618516+00:00
,,,SELL,,,,,,,,45.72,C,,-44.85,False,,,,50.0,91.0,,,failed_gate=DAILY_KILLSWITCH_MAX_LOSSES,,REFUSE,61.23,LONDON,,50.0,ORDER_FLOW_EXECUTION_AGENT,BTCUSD#,,,,2026-07-08 11:41:12.951356+00:00,2026-07-08 08:41:12.951356+00:00
,,,SELL,,,,,,,,45.35,C,,-44.85,False,,,,50.0,91.0,,,failed_gate=DAILY_KILLSWITCH_MAX_LOSSES,,REFUSE,61.14,LONDON,,50.0,ORDER_FLOW_EXECUTION_AGENT,BTCUSD#,,,,2026-07-08 11:41:38.556689+00:00,2026-07-08 08:41:38.556689+00:00
,,,SELL,,,,,,,,46.89,C,,-44.85,False,,,,50.0,91.0,,,failed_gate=DAILY_KILLSWITCH_MAX_LOSSES,,REFUSE,61.52,LONDON,,50.0,ORDER_FLOW_EXECUTION_AGENT,BTCUSD#,,,,2026-07-08 11:42:06.387256+00:00,2026-07-08 08:42:06.387256+00:00
,,,SELL,,,,,,,,46.46,C,,-44.85,False,,,,50.0,91.0,,,failed_gate=DAILY_KILLSWITCH_MAX_LOSSES,,REFUSE,61.42,LONDON,,50.0,ORDER_FLOW_EXECUTION_AGENT,BTCUSD#,,,,2026-07-08 11:42:36.513152+00:00,2026-07-08 08:42:36.513152+00:00
,,,SELL,,,,,,,,46.06,C,,-44.85,False,,,,50.0,91.0,,,failed_gate=DAILY_KILLSWITCH_MAX_LOSSES,,REFUSE,61.31,LONDON,,50.0,ORDER_FLOW_EXECUTION_AGENT,BTCUSD#,,,,2026-07-08 11:43:04.972652+00:00,2026-07-08 08:43:04.972652+00:00
,,,SELL,,,,,,,,45.87,C,,-44.85,False,,,,50.0,91.0,,,failed_gate=DAILY_KILLSWITCH_MAX_LOSSES,,REFUSE,61.27,LONDON,,50.0,ORDER_FLOW_EXECUTION_AGENT,BTCUSD#,,,,2026-07-08 11:43:30.465819+00:00,2026-07-08 08:43:30.465819+00:00
,,,SELL,,,,,,,,44.72,C,,-44.85,False,,,,50.0,91.0,,,failed_gate=DAILY_KILLSWITCH_MAX_LOSSES,,REFUSE,60.98,LONDON,,50.0,ORDER_FLOW_EXECUTION_AGENT,BTCUSD#,,,,2026-07-08 11:43:54.157419+00:00,2026-07-08 08:43:54.157419+00:00
,,,SELL,,,,EXTREME,65.0,,,54.27,B,,-44.85,False,,,,50.0,100.0,,,failed_gate=DAILY_KILLSWITCH_MAX_LOSSES,,REFUSE,66.07,LONDON,,50.0,ORDER_FLOW_EXECUTION_AGENT,GOLD#,,,,2026-07-08 11:45:22.787222+00:00,2026-07-08 08:45:22.787222+00:00
,,,BUY,,SAIN,20.6,,,,,,D,,-44.85,False,,,,,,,,failed_gate=DAILY_KILLSWITCH_MAX_LOSSES,,REFUSE,39.0,LONDON,,,ORDER_FLOW_EXECUTION_AGENT,BTCUSD#,,,,2026-07-08 11:46:20.897708+00:00,2026-07-08 08:46:20.897708+00:00
,,,BUY,,SAIN,20.6,,,,,,D,,-44.85,False,,,,,,,,failed_gate=DAILY_KILLSWITCH_MAX_LOSSES,,REFUSE,39.0,LONDON,,,ORDER_FLOW_EXECUTION_AGENT,BTCUSD#,,,,2026-07-08 11:46:40.217706+00:00,2026-07-08 08:46:40.217706+00:00
,,,BUY,,SAIN,20.6,,,,,,D,,,,,,,,,,,failed_gate=RR_BELOW_1_5,,REFUSE,27.75,LONDON,,,ORDER_FLOW_EXECUTION_AGENT,BTCUSD#,,,,2026-07-08 11:47:00.064708+00:00,2026-07-08 08:47:00.064708+00:00
,,,BUY,,SAIN,20.6,,,,,,D,,,,,,,,,,,failed_gate=RR_BELOW_1_5,,REFUSE,33.75,LONDON,,,ORDER_FLOW_EXECUTION_AGENT,BTCUSD#,,,,2026-07-08 11:47:20.369708+00:00,2026-07-08 08:47:20.369708+00:00
,,,SELL,,,,,,,,44.49,C,,-44.85,False,,,,50.0,99.0,,,failed_gate=DAILY_KILLSWITCH_MAX_LOSSES,,REFUSE,63.32,LONDON,,50.0,ORDER_FLOW_EXECUTION_AGENT,GOLD#,,,,2026-07-08 11:50:15.224704+00:00,2026-07-08 08:50:15.224704+00:00
,,,SELL,,,,,,,,44.18,C,,-44.85,False,,,,50.0,91.0,,,failed_gate=DAILY_KILLSWITCH_MAX_LOSSES,,REFUSE,60.84,LONDON,,50.0,ORDER_FLOW_EXECUTION_AGENT,GOLD#,,,,2026-07-08 11:50:38.949706+00:00,2026-07-08 08:50:38.949706+00:00
,,,SELL,,,,,,,,45.13,C,,-44.85,False,,,,50.0,99.0,,,failed_gate=DAILY_KILLSWITCH_MAX_LOSSES,,REFUSE,63.48,LONDON,,50.0,ORDER_FLOW_EXECUTION_AGENT,GOLD#,,,,2026-07-08 11:51:01.216705+00:00,2026-07-08 08:51:01.216705+00:00
,,,SELL,,,,,,,,44.79,C,,-44.85,False,,,,50.0,91.0,,,failed_gate=DAILY_KILLSWITCH_MAX_LOSSES,,REFUSE,61.0,LONDON,,50.0,ORDER_FLOW_EXECUTION_AGENT,GOLD#,,,,2026-07-08 11:51:23.595704+00:00,2026-07-08 08:51:23.595704+00:00
,,,SELL,,,,,,,,43.71,C,,-44.85,False,,,,50.0,91.0,,,failed_gate=DAILY_KILLSWITCH_MAX_LOSSES,,REFUSE,60.73,LONDON,,50.0,ORDER_FLOW_EXECUTION_AGENT,GOLD#,,,,2026-07-08 11:51:47.172704+00:00,2026-07-08 08:51:47.172704+00:00
,,,SELL,,,,,,,,46.27,C,,-44.85,False,,,,50.0,99.0,,,failed_gate=DAILY_KILLSWITCH_MAX_LOSSES,,REFUSE,63.77,LONDON,,50.0,ORDER_FLOW_EXECUTION_AGENT,GOLD#,,,,2026-07-08 11:52:09.463711+00:00,2026-07-08 08:52:09.463711+00:00
,,,SELL,,,,,,,,45.1,C,,-44.85,False,,,,50.0,91.0,,,failed_gate=DAILY_KILLSWITCH_MAX_LOSSES,,REFUSE,61.08,LONDON,,50.0,ORDER_FLOW_EXECUTION_AGENT,GOLD#,,,,2026-07-08 11:52:34.663704+00:00,2026-07-08 08:52:34.663704+00:00
,,,SELL,,,,,,,,45.84,C,,-44.85,False,,,,50.0,91.0,,,failed_gate=DAILY_KILLSWITCH_MAX_LOSSES,,REFUSE,61.26,LONDON,,50.0,ORDER_FLOW_EXECUTION_AGENT,GOLD#,,,,2026-07-08 11:54:29.512704+00:00,2026-07-08 08:54:29.512704+00:00
,,,SELL,,,,,,,,48.19,C,,-44.85,False,,,,50.0,99.0,,,failed_gate=DAILY_KILLSWITCH_MAX_LOSSES,,REFUSE,64.25,LONDON,,50.0,ORDER_FLOW_EXECUTION_AGENT,GOLD#,,,,2026-07-08 11:54:52.125704+00:00,2026-07-08 08:54:52.125704+00:00
,,,SELL,,,,,,,,59.67,B,,-44.85,False,,,,50.0,99.0,,,failed_gate=DAILY_KILLSWITCH_MAX_LOSSES,,REFUSE,67.12,LONDON,,50.0,ORDER_FLOW_EXECUTION_AGENT,GOLD#,,,,2026-07-08 11:56:26.100735+00:00,2026-07-08 08:56:26.100735+00:00
,,,SELL,,,,,,,,62.53,B,,-44.85,False,,,,50.0,99.0,,,failed_gate=DAILY_KILLSWITCH_MAX_LOSSES,,REFUSE,67.83,LONDON,,50.0,ORDER_FLOW_EXECUTION_AGENT,GOLD#,,,,2026-07-08 11:56:55.340005+00:00,2026-07-08 08:56:55.340005+00:00
,,,SELL,,,,,,,,62.32,B,,-44.85,False,,,,50.0,91.0,,,failed_gate=DAILY_KILLSWITCH_MAX_LOSSES,,REFUSE,65.38,LONDON,,50.0,ORDER_FLOW_EXECUTION_AGENT,GOLD#,,,,2026-07-08 11:57:20.052434+00:00,2026-07-08 08:57:20.052434+00:00
,,,SELL,,,,,,,,62.57,B,,-44.85,False,,,,50.0,91.0,,,failed_gate=DAILY_KILLSWITCH_MAX_LOSSES,,REFUSE,65.44,LONDON,,50.0,ORDER_FLOW_EXECUTION_AGENT,GOLD#,,,,2026-07-08 11:57:44.330689+00:00,2026-07-08 08:57:44.330689+00:00
,,,SELL,,,,,,,,62.81,B,,-44.85,False,,,,50.0,91.0,,,failed_gate=DAILY_KILLSWITCH_MAX_LOSSES,,REFUSE,65.5,LONDON,,50.0,ORDER_FLOW_EXECUTION_AGENT,GOLD#,,,,2026-07-08 11:58:08.146728+00:00,2026-07-08 08:58:08.146728+00:00
,,,SELL,,,,,,,,62.63,B,,-44.85,False,,,,50.0,91.0,,,failed_gate=DAILY_KILLSWITCH_MAX_LOSSES,,REFUSE,65.46,LONDON,,50.0,ORDER_FLOW_EXECUTION_AGENT,GOLD#,,,,2026-07-08 11:58:30.996539+00:00,2026-07-08 08:58:30.996539+00:00
,,,SELL,,,,,,,,62.79,B,,-44.85,False,,,,50.0,91.0,,,failed_gate=DAILY_KILLSWITCH_MAX_LOSSES,,REFUSE,65.5,LONDON,,50.0,ORDER_FLOW_EXECUTION_AGENT,GOLD#,,,,2026-07-08 11:59:01.541432+00:00,2026-07-08 08:59:01.541432+00:00
,,,SELL,,,,,,,,63.02,B,,-44.85,False,,,,50.0,91.0,,,failed_gate=DAILY_KILLSWITCH_MAX_LOSSES,,REFUSE,65.56,LONDON,,50.0,ORDER_FLOW_EXECUTION_AGENT,GOLD#,,,,2026-07-08 11:59:32.933571+00:00,2026-07-08 08:59:32.933571+00:00
,,,SELL,,,,,,,,55.37,A,,-44.85,False,,,,60.0,100.0,,,failed_gate=DAILY_KILLSWITCH_MAX_LOSSES,,REFUSE,78.34,LONDON,,90.0,ORDER_FLOW_EXECUTION_AGENT,GOLD#,,,,2026-07-08 12:02:48.025297+00:00,2026-07-08 09:02:48.025297+00:00
,,,SELL,,,,,,,,55.16,A,,-44.85,False,,,,60.0,100.0,,,failed_gate=DAILY_KILLSWITCH_MAX_LOSSES,,REFUSE,77.04,LONDON,,85.0,ORDER_FLOW_EXECUTION_AGENT,GOLD#,,,,2026-07-08 12:03:13.504776+00:00,2026-07-08 09:03:13.504776+00:00
,,,SELL,,,,,,,,55.49,A,,-44.85,False,,,,60.0,100.0,,,failed_gate=DAILY_KILLSWITCH_MAX_LOSSES,,REFUSE,77.12,LONDON,,85.0,ORDER_FLOW_EXECUTION_AGENT,GOLD#,,,,2026-07-08 12:03:43.028166+00:00,2026-07-08 09:03:43.028166+00:00
,,,SELL,,,,,,,,66.24,A,,-44.85,False,,,,60.0,100.0,,,failed_gate=DAILY_KILLSWITCH_MAX_LOSSES,,REFUSE,81.06,LONDON,,90.0,ORDER_FLOW_EXECUTION_AGENT,GOLD#,,,,2026-07-08 12:04:17.125694+00:00,2026-07-08 09:04:17.125694+00:00
,,,SELL,,,,,,,,54.03,A,,-44.85,False,,,,60.0,100.0,,,failed_gate=DAILY_KILLSWITCH_MAX_LOSSES,,REFUSE,78.01,LONDON,,90.0,ORDER_FLOW_EXECUTION_AGENT,GOLD#,,,,2026-07-08 12:04:39.958807+00:00,2026-07-08 09:04:39.958807+00:00
,,,SELL,,,,,,,,54.17,A,,-44.85,False,,,,60.0,100.0,,,failed_gate=DAILY_KILLSWITCH_MAX_LOSSES,,REFUSE,78.04,LONDON,,90.0,ORDER_FLOW_EXECUTION_AGENT,GOLD#,,,,2026-07-08 12:05:06.813681+00:00,2026-07-08 09:05:06.813681+00:00
,,,SELL,,,,,,,,51.67,B,,-44.85,False,,,,50.0,90.0,,,failed_gate=DAILY_KILLSWITCH_MAX_LOSSES,,REFUSE,72.42,LONDON,,90.0,ORDER_FLOW_EXECUTION_AGENT,GOLD#,,,,2026-07-08 12:05:32.194587+00:00,2026-07-08 09:05:32.194587+00:00
,,,SELL,,,,,,,,51.66,B,,-44.85,False,,,,50.0,90.0,,,failed_gate=DAILY_KILLSWITCH_MAX_LOSSES,,REFUSE,72.41,LONDON,,90.0,ORDER_FLOW_EXECUTION_AGENT,GOLD#,,,,2026-07-08 12:06:01.472952+00:00,2026-07-08 09:06:01.472952+00:00
,,,SELL,,,,,,,,52.37,B,,-44.85,False,,,,50.0,90.0,,,failed_gate=DAILY_KILLSWITCH_MAX_LOSSES,,REFUSE,71.34,LONDON,,85.0,ORDER_FLOW_EXECUTION_AGENT,GOLD#,,,,2026-07-08 12:09:47.344857+00:00,2026-07-08 09:09:47.344857+00:00
,,,SELL,,,,,,,,48.67,B,,-44.85,False,,,,50.0,98.0,,,failed_gate=DAILY_KILLSWITCH_MAX_LOSSES,,REFUSE,70.32,LONDON,,75.0,ORDER_FLOW_EXECUTION_AGENT,BTCUSD#,,,,2026-07-08 12:10:38.373691+00:00,2026-07-08 09:10:38.373691+00:00
,,,SELL,,,,,,,,50.32,B,,-44.85,False,,,,50.0,98.0,,,failed_gate=DAILY_KILLSWITCH_MAX_LOSSES,,REFUSE,70.73,LONDON,,75.0,ORDER_FLOW_EXECUTION_AGENT,BTCUSD#,,,,2026-07-08 12:12:10.913083+00:00,2026-07-08 09:12:10.913083+00:00
,,,SELL,,,,,,,,49.19,B,,-44.85,False,,,,50.0,90.0,,,failed_gate=DAILY_KILLSWITCH_MAX_LOSSES,,REFUSE,70.55,LONDON,,85.0,ORDER_FLOW_EXECUTION_AGENT,GOLD#,,,,2026-07-08 12:12:41.205636+00:00,2026-07-08 09:12:41.205636+00:00
,,,SELL,,,,,,,,49.87,B,,-44.85,False,,,,50.0,90.0,,,failed_gate=DAILY_KILLSWITCH_MAX_LOSSES,,REFUSE,68.22,LONDON,,75.0,ORDER_FLOW_EXECUTION_AGENT,BTCUSD#,,,,2026-07-08 12:12:59.437810+00:00,2026-07-08 09:12:59.437810+00:00
,,,SELL,,,,,,,,50.59,B,,-44.85,False,,,,50.0,98.0,,,failed_gate=DAILY_KILLSWITCH_MAX_LOSSES,,REFUSE,70.8,LONDON,,75.0,ORDER_FLOW_EXECUTION_AGENT,BTCUSD#,,,,2026-07-08 12:13:27.364294+00:00,2026-07-08 09:13:27.364294+00:00
,,,SELL,,,,,,,,50.58,B,,-44.85,False,,,,50.0,98.0,,,failed_gate=DAILY_KILLSWITCH_MAX_LOSSES,,REFUSE,70.79,LONDON,,75.0,ORDER_FLOW_EXECUTION_AGENT,BTCUSD#,,,,2026-07-08 12:13:53.006384+00:00,2026-07-08 09:13:53.006384+00:00
,,,SELL,,,,,,,,50.46,B,,-44.85,False,,,,50.0,90.0,,,failed_gate=DAILY_KILLSWITCH_MAX_LOSSES,,REFUSE,68.37,LONDON,,75.0,ORDER_FLOW_EXECUTION_AGENT,BTCUSD#,,,,2026-07-08 12:14:22.595088+00:00,2026-07-08 09:14:22.595088+00:00
,,,SELL,,,,,,,,51.53,B,,-44.85,False,,,,50.0,98.0,,,failed_gate=DAILY_KILLSWITCH_MAX_LOSSES,,REFUSE,71.03,LONDON,,75.0,ORDER_FLOW_EXECUTION_AGENT,BTCUSD#,,,,2026-07-08 12:14:49.818222+00:00,2026-07-08 09:14:49.818222+00:00
,,,SELL,,,,,,,,52.16,A,,-44.85,False,,,,60.0,100.0,,,failed_gate=DAILY_KILLSWITCH_MAX_LOSSES,,REFUSE,75.04,LONDON,,80.0,ORDER_FLOW_EXECUTION_AGENT,BTCUSD#,,,,2026-07-08 12:15:15.920152+00:00,2026-07-08 09:15:15.920152+00:00
,,,SELL,,,,,,,,52.95,A,,-44.85,False,,,,60.0,100.0,,,failed_gate=DAILY_KILLSWITCH_MAX_LOSSES,,REFUSE,75.24,LONDON,,80.0,ORDER_FLOW_EXECUTION_AGENT,BTCUSD#,,,,2026-07-08 12:15:45.101810+00:00,2026-07-08 09:15:45.101810+00:00
,,,SELL,,,,,,,,64.1,A,,-44.85,False,,,,60.0,100.0,,,failed_gate=DAILY_KILLSWITCH_MAX_LOSSES,,REFUSE,78.03,LONDON,,80.0,ORDER_FLOW_EXECUTION_AGENT,BTCUSD#,,,,2026-07-08 12:16:16.004882+00:00,2026-07-08 09:16:16.004882+00:00
,,,SELL,,,,,,,,53.13,A,,-44.85,False,,,,60.0,100.0,,,failed_gate=DAILY_KILLSWITCH_MAX_LOSSES,,REFUSE,75.28,LONDON,,80.0,ORDER_FLOW_EXECUTION_AGENT,BTCUSD#,,,,2026-07-08 12:16:57.108256+00:00,2026-07-08 09:16:57.108256+00:00
,,,SELL,,,,PRUDENCE,40.0,,,47.06,B,,-44.85,False,,,,75.0,90.0,,,failed_gate=DAILY_KILLSWITCH_MAX_LOSSES,,REFUSE,73.77,LONDON,,80.0,ORDER_FLOW_EXECUTION_AGENT,GOLD#,,,,2026-07-08 12:17:40.174453+00:00,2026-07-08 09:17:40.174453+00:00
,,,SELL,,,,,,,,67.15,A,,-44.85,False,,,,60.0,100.0,,,failed_gate=DAILY_KILLSWITCH_MAX_LOSSES,,REFUSE,77.54,LONDON,,75.0,ORDER_FLOW_EXECUTION_AGENT,BTCUSD#,,,,2026-07-08 12:18:06.185565+00:00,2026-07-08 09:18:06.185565+00:00
,,,SELL,,,,PRUDENCE,40.0,,,47.38,B,,-44.85,False,,,,75.0,90.0,,,failed_gate=DAILY_KILLSWITCH_MAX_LOSSES,,REFUSE,73.84,LONDON,,80.0,ORDER_FLOW_EXECUTION_AGENT,GOLD#,,,,2026-07-08 12:18:22.470349+00:00,2026-07-08 09:18:22.470349+00:00
,,,SELL,,,,,,,,67.28,A,,-44.85,False,,,,60.0,100.0,,,failed_gate=DAILY_KILLSWITCH_MAX_LOSSES,,REFUSE,78.82,LONDON,,80.0,ORDER_FLOW_EXECUTION_AGENT,BTCUSD#,,,,2026-07-08 12:18:45.377169+00:00,2026-07-08 09:18:45.377169+00:00
,,,SELL,,,,,,,,66.97,A,,-44.85,False,,,,60.0,100.0,,,failed_gate=DAILY_KILLSWITCH_MAX_LOSSES,,REFUSE,78.74,LONDON,,80.0,ORDER_FLOW_EXECUTION_AGENT,BTCUSD#,,,,2026-07-08 12:19:25.531401+00:00,2026-07-08 09:19:25.531401+00:00
,,,SELL,,,,,,,,66.03,A,,-44.85,False,,,,60.0,100.0,,,failed_gate=DAILY_KILLSWITCH_MAX_LOSSES,,REFUSE,78.51,LONDON,,80.0,ORDER_FLOW_EXECUTION_AGENT,BTCUSD#,,,,2026-07-08 12:20:03.118197+00:00,2026-07-08 09:20:03.118197+00:00
,,,SELL,,,,PRUDENCE,40.0,,,66.35,A,,-44.85,False,,,,75.0,90.0,,,failed_gate=DAILY_KILLSWITCH_MAX_LOSSES,,REFUSE,78.59,LONDON,,80.0,ORDER_FLOW_EXECUTION_AGENT,GOLD#,,,,2026-07-08 12:24:33.052518+00:00,2026-07-08 09:24:33.052518+00:00
,,,SELL,,,,,,,,49.62,B,,-44.85,False,,,,50.0,98.0,,,failed_gate=DAILY_KILLSWITCH_MAX_LOSSES,,REFUSE,69.31,LONDON,,70.0,ORDER_FLOW_EXECUTION_AGENT,GOLD#,,,,2026-07-08 12:31:12.586642+00:00,2026-07-08 09:31:12.586642+00:00
,,,SELL,,,,,,,,51.95,B,,-44.85,False,,,,50.0,98.0,,,failed_gate=DAILY_KILLSWITCH_MAX_LOSSES,,REFUSE,71.14,LONDON,,75.0,ORDER_FLOW_EXECUTION_AGENT,GOLD#,,,,2026-07-08 12:32:10.308330+00:00,2026-07-08 09:32:10.308330+00:00
,,,SELL,,,,,,,,40.11,B,,-44.85,False,,,,50.0,90.0,,,failed_gate=DAILY_KILLSWITCH_MAX_LOSSES,,REFUSE,65.78,LONDON,,75.0,ORDER_FLOW_EXECUTION_AGENT,GOLD#,,,,2026-07-08 12:33:07.301902+00:00,2026-07-08 09:33:07.301902+00:00
,,,SELL,,,,,,,,39.24,C,,-44.85,False,,,,50.0,90.0,,,failed_gate=DAILY_KILLSWITCH_MAX_LOSSES,,REFUSE,64.31,LONDON,,70.0,ORDER_FLOW_EXECUTION_AGENT,GOLD#,,,,2026-07-08 12:35:09.162325+00:00,2026-07-08 09:35:09.162325+00:00
,,,SELL,,,,PRUDENCE,40.0,,,35.51,C,,-44.85,False,,,,50.0,90.0,,,failed_gate=DAILY_KILLSWITCH_MAX_LOSSES,,REFUSE,63.38,LONDON,,70.0,ORDER_FLOW_EXECUTION_AGENT,GOLD#,,,,2026-07-08 12:37:44.446744+00:00,2026-07-08 09:37:44.446744+00:00
,,,SELL,,,,,,,,,,,,,,,,,,,,failed_gate=GOLD_ANALYSIS_ONLY,,REFUSE,67.5,LONDON,,,GOLD_LIQUIDITY_HUNTER_PRO,GOLD#,,,,2026-07-08 12:38:39.220038+00:00,2026-07-08 09:38:39.220038+00:00
,,,SELL,,,,PRUDENCE,40.0,,,49.67,B,,-44.85,False,,,,50.0,90.0,,,failed_gate=DAILY_KILLSWITCH_MAX_LOSSES,,REFUSE,68.17,LONDON,,75.0,ORDER_FLOW_EXECUTION_AGENT,GOLD#,,,,2026-07-08 12:40:40.713221+00:00,2026-07-08 09:40:40.713221+00:00
,,,SELL,,,,,,,,48.31,B,,-44.85,False,,,,50.0,90.0,,,failed_gate=DAILY_KILLSWITCH_MAX_LOSSES,,REFUSE,67.83,LONDON,,75.0,ORDER_FLOW_EXECUTION_AGENT,GOLD#,,,,2026-07-08 12:41:24.845388+00:00,2026-07-08 09:41:24.845388+00:00
,,,SELL,,,,,,,,48.94,B,,-44.85,False,,,,50.0,90.0,,,failed_gate=DAILY_KILLSWITCH_MAX_LOSSES,,REFUSE,67.98,LONDON,,75.0,ORDER_FLOW_EXECUTION_AGENT,GOLD#,,,,2026-07-08 12:42:15.094869+00:00,2026-07-08 09:42:15.094869+00:00
,,,SELL,,,,,,,,49.55,B,,-44.85,False,,,,50.0,90.0,,,failed_gate=DAILY_KILLSWITCH_MAX_LOSSES,,REFUSE,68.14,LONDON,,75.0,ORDER_FLOW_EXECUTION_AGENT,GOLD#,,,,2026-07-08 12:42:46.600046+00:00,2026-07-08 09:42:46.600046+00:00
,,,SELL,,,,,,,,60.44,B,,-44.85,False,,,,50.0,98.0,,,failed_gate=DAILY_KILLSWITCH_MAX_LOSSES,,REFUSE,74.51,LONDON,,80.0,ORDER_FLOW_EXECUTION_AGENT,GOLD#,,,,2026-07-08 12:43:16.460132+00:00,2026-07-08 09:43:16.460132+00:00
,,,SELL,,,,,,,,63.84,A,,-44.85,False,,,,50.0,98.0,,,failed_gate=DAILY_KILLSWITCH_MAX_LOSSES,,REFUSE,75.36,LONDON,,80.0,ORDER_FLOW_EXECUTION_AGENT,GOLD#,,,,2026-07-08 12:43:46.270522+00:00,2026-07-08 09:43:46.270522+00:00
,,,SELL,,,,,,,,63.99,B,,-44.85,False,,,,50.0,90.0,,,failed_gate=DAILY_KILLSWITCH_MAX_LOSSES,,REFUSE,73.0,LONDON,,80.0,ORDER_FLOW_EXECUTION_AGENT,GOLD#,,,,2026-07-08 12:44:31.086740+00:00,2026-07-08 09:44:31.086740+00:00
,,,SELL,,,,,,,,52.45,B,,-44.85,False,,,,60.0,90.0,,,failed_gate=DAILY_KILLSWITCH_MAX_LOSSES,,REFUSE,73.36,LONDON,,85.0,ORDER_FLOW_EXECUTION_AGENT,GOLD#,,,,2026-07-08 12:48:40.252829+00:00,2026-07-08 09:48:40.252829+00:00
,,,SELL,,,,PRUDENCE,40.0,,,48.42,B,,-44.85,False,,,,50.0,90.0,,,failed_gate=DAILY_KILLSWITCH_MAX_LOSSES,,REFUSE,69.11,LONDON,,80.0,ORDER_FLOW_EXECUTION_AGENT,GOLD#,,,,2026-07-08 12:50:28.549232+00:00,2026-07-08 09:50:28.549232+00:00
,,,SELL,,,,PRUDENCE,40.0,,,50.93,B,,-44.85,False,,,,50.0,98.0,,,failed_gate=DAILY_KILLSWITCH_MAX_LOSSES,,REFUSE,72.13,LONDON,,80.0,ORDER_FLOW_EXECUTION_AGENT,GOLD#,,,,2026-07-08 12:50:58.121109+00:00,2026-07-08 09:50:58.121109+00:00
,,,SELL,,,,PRUDENCE,40.0,,,51.1,B,,-44.85,False,,,,50.0,90.0,,,failed_gate=DAILY_KILLSWITCH_MAX_LOSSES,,REFUSE,71.03,LONDON,,85.0,ORDER_FLOW_EXECUTION_AGENT,GOLD#,,,,2026-07-08 12:51:27.922192+00:00,2026-07-08 09:51:27.922192+00:00
,,,SELL,,,,PRUDENCE,40.0,,,50.87,B,,-44.85,False,,,,50.0,90.0,,,failed_gate=DAILY_KILLSWITCH_MAX_LOSSES,,REFUSE,70.97,LONDON,,85.0,ORDER_FLOW_EXECUTION_AGENT,GOLD#,,,,2026-07-08 12:51:53.679049+00:00,2026-07-08 09:51:53.679049+00:00
,,,SELL,,,,PRUDENCE,40.0,,,49.2,B,,-44.85,False,,,,50.0,90.0,,,failed_gate=DAILY_KILLSWITCH_MAX_LOSSES,,REFUSE,70.55,LONDON,,85.0,ORDER_FLOW_EXECUTION_AGENT,GOLD#,,,,2026-07-08 12:52:21.263008+00:00,2026-07-08 09:52:21.263008+00:00
,,,SELL,,,,PRUDENCE,40.0,,,49.92,B,,-44.85,False,,,,50.0,90.0,,,failed_gate=DAILY_KILLSWITCH_MAX_LOSSES,,REFUSE,70.73,LONDON,,85.0,ORDER_FLOW_EXECUTION_AGENT,GOLD#,,,,2026-07-08 12:52:47.048052+00:00,2026-07-08 09:52:47.048052+00:00
,,,SELL,,,,PRUDENCE,40.0,,,49.89,B,,-44.85,False,,,,50.0,90.0,,,failed_gate=DAILY_KILLSWITCH_MAX_LOSSES,,REFUSE,69.47,LONDON,,80.0,ORDER_FLOW_EXECUTION_AGENT,GOLD#,,,,2026-07-08 12:53:14.315855+00:00,2026-07-08 09:53:14.315855+00:00
,,,SELL,,,,PRUDENCE,40.0,,,49.47,B,,-44.85,False,,,,50.0,90.0,,,failed_gate=DAILY_KILLSWITCH_MAX_LOSSES,,REFUSE,69.37,LONDON,,80.0,ORDER_FLOW_EXECUTION_AGENT,GOLD#,,,,2026-07-08 12:53:41.754261+00:00,2026-07-08 09:53:41.754261+00:00
,,,SELL,,,,PRUDENCE,40.0,,,49.59,B,,-44.85,False,,,,50.0,90.0,,,failed_gate=DAILY_KILLSWITCH_MAX_LOSSES,,REFUSE,69.4,LONDON,,80.0,ORDER_FLOW_EXECUTION_AGENT,GOLD#,,,,2026-07-08 12:54:07.090616+00:00,2026-07-08 09:54:07.090616+00:00
,,,SELL,,,,PRUDENCE,40.0,,,50.61,B,,-44.85,False,,,,50.0,90.0,,,failed_gate=DAILY_KILLSWITCH_MAX_LOSSES,,REFUSE,69.65,LONDON,,80.0,ORDER_FLOW_EXECUTION_AGENT,GOLD#,,,,2026-07-08 12:54:34.950693+00:00,2026-07-08 09:54:34.950693+00:00
,,,SELL,,,,PRUDENCE,40.0,,,49.67,B,,-44.85,False,,,,50.0,90.0,,,failed_gate=DAILY_KILLSWITCH_MAX_LOSSES,,REFUSE,69.42,LONDON,,80.0,ORDER_FLOW_EXECUTION_AGENT,GOLD#,,,,2026-07-08 12:55:03.277758+00:00,2026-07-08 09:55:03.277758+00:00
,,,SELL,,,,,,,,44.32,B,,-44.85,False,,,,50.0,98.0,,,failed_gate=DAILY_KILLSWITCH_MAX_LOSSES,,REFUSE,70.48,LONDON,,80.0,ORDER_FLOW_EXECUTION_AGENT,GOLD#,,,,2026-07-08 12:55:29.292166+00:00,2026-07-08 09:55:29.292166+00:00
,,,SELL,,,,,,,,44.64,B,,-44.85,False,,,,50.0,98.0,,,failed_gate=DAILY_KILLSWITCH_MAX_LOSSES,,REFUSE,70.56,LONDON,,80.0,ORDER_FLOW_EXECUTION_AGENT,GOLD#,,,,2026-07-08 12:55:56.678265+00:00,2026-07-08 09:55:56.678265+00:00
,,,SELL,,,,,,,,45.05,B,,-44.85,False,,,,50.0,98.0,,,failed_gate=DAILY_KILLSWITCH_MAX_LOSSES,,REFUSE,70.66,LONDON,,80.0,ORDER_FLOW_EXECUTION_AGENT,GOLD#,,,,2026-07-08 12:56:22.048164+00:00,2026-07-08 09:56:22.048164+00:00
,,,SELL,,,,,,,,45.43,B,,-44.85,False,,,,50.0,98.0,,,failed_gate=DAILY_KILLSWITCH_MAX_LOSSES,,REFUSE,70.76,LONDON,,80.0,ORDER_FLOW_EXECUTION_AGENT,GOLD#,,,,2026-07-08 12:56:49.842498+00:00,2026-07-08 09:56:49.842498+00:00
,,,SELL,,,,,,,,45.45,B,,-44.85,False,,,,50.0,90.0,,,failed_gate=DAILY_KILLSWITCH_MAX_LOSSES,,REFUSE,69.61,LONDON,,85.0,ORDER_FLOW_EXECUTION_AGENT,GOLD#,,,,2026-07-08 12:57:17.553091+00:00,2026-07-08 09:57:17.553091+00:00
,,,SELL,,,,,,,,44.32,B,,-44.85,False,,,,50.0,90.0,,,failed_gate=DAILY_KILLSWITCH_MAX_LOSSES,,REFUSE,69.33,LONDON,,85.0,ORDER_FLOW_EXECUTION_AGENT,GOLD#,,,,2026-07-08 12:57:43.977327+00:00,2026-07-08 09:57:43.977327+00:00
,,,SELL,,,,,,,,45.04,B,,-44.85,False,,,,50.0,90.0,,,failed_gate=DAILY_KILLSWITCH_MAX_LOSSES,,REFUSE,68.26,LONDON,,80.0,ORDER_FLOW_EXECUTION_AGENT,GOLD#,,,,2026-07-08 12:58:19.052352+00:00,2026-07-08 09:58:19.052352+00:00
,,,SELL,,,,,,,,45.73,B,,-44.85,False,,,,50.0,90.0,,,failed_gate=DAILY_KILLSWITCH_MAX_LOSSES,,REFUSE,68.43,LONDON,,80.0,ORDER_FLOW_EXECUTION_AGENT,GOLD#,,,,2026-07-08 12:58:45.700603+00:00,2026-07-08 09:58:45.700603+00:00
,,,SELL,,,,,,,,58.37,B,,-44.85,False,,,,50.0,90.0,,,failed_gate=DAILY_KILLSWITCH_MAX_LOSSES,,REFUSE,72.84,LONDON,,85.0,ORDER_FLOW_EXECUTION_AGENT,GOLD#,,,,2026-07-08 12:59:16.055135+00:00,2026-07-08 09:59:16.055135+00:00
,,,SELL,,,,,,,,58.15,B,,-44.85,False,,,,50.0,90.0,,,failed_gate=DAILY_KILLSWITCH_MAX_LOSSES,,REFUSE,72.79,LONDON,,85.0,ORDER_FLOW_EXECUTION_AGENT,GOLD#,,,,2026-07-08 12:59:45.671254+00:00,2026-07-08 09:59:45.671254+00:00
,,,SELL,,,,PRUDENCE,40.0,,,36.81,B,,-44.85,False,,,,50.0,90.0,,,failed_gate=DAILY_KILLSWITCH_MAX_LOSSES,,REFUSE,66.2,LONDON,,80.0,ORDER_FLOW_EXECUTION_AGENT,GOLD#,,,,2026-07-08 13:05:48.049288+00:00,2026-07-08 10:05:48.049288+00:00
,,,SELL,,,,PRUDENCE,40.0,,,37.16,B,,-44.85,False,,,,50.0,90.0,,,failed_gate=DAILY_KILLSWITCH_MAX_LOSSES,,REFUSE,66.29,LONDON,,80.0,ORDER_FLOW_EXECUTION_AGENT,GOLD#,,,,2026-07-08 13:06:12.445734+00:00,2026-07-08 10:06:12.445734+00:00
,,,SELL,,,,PRUDENCE,40.0,,,48.48,B,,-44.85,False,,,,50.0,98.0,,,failed_gate=DAILY_KILLSWITCH_MAX_LOSSES,,REFUSE,71.52,LONDON,,80.0,ORDER_FLOW_EXECUTION_AGENT,GOLD#,,,,2026-07-08 13:06:38.352479+00:00,2026-07-08 10:06:38.352479+00:00
,,,SELL,,,,PRUDENCE,40.0,,,38.38,B,,-44.85,False,,,,50.0,98.0,,,failed_gate=DAILY_KILLSWITCH_MAX_LOSSES,,REFUSE,69.0,LONDON,,80.0,ORDER_FLOW_EXECUTION_AGENT,GOLD#,,,,2026-07-08 13:07:03.328003+00:00,2026-07-08 10:07:03.328003+00:00
,,,SELL,,,,PRUDENCE,40.0,,,37.92,B,,-44.85,False,,,,50.0,90.0,,,failed_gate=DAILY_KILLSWITCH_MAX_LOSSES,,REFUSE,66.48,LONDON,,80.0,ORDER_FLOW_EXECUTION_AGENT,GOLD#,,,,2026-07-08 13:07:26.815724+00:00,2026-07-08 10:07:26.815724+00:00
,,,SELL,,,,PRUDENCE,40.0,,,38.36,B,,-44.85,False,,,,50.0,90.0,,,failed_gate=DAILY_KILLSWITCH_MAX_LOSSES,,REFUSE,66.59,LONDON,,80.0,ORDER_FLOW_EXECUTION_AGENT,GOLD#,,,,2026-07-08 13:07:52.552019+00:00,2026-07-08 10:07:52.552019+00:00
,,,SELL,,,,PRUDENCE,40.0,,,48.6,B,,-44.85,False,,,,50.0,90.0,,,failed_gate=DAILY_KILLSWITCH_MAX_LOSSES,,REFUSE,69.15,LONDON,,80.0,ORDER_FLOW_EXECUTION_AGENT,GOLD#,,,,2026-07-08 13:08:18.053335+00:00,2026-07-08 10:08:18.053335+00:00
,,,SELL,,,,PRUDENCE,40.0,,,48.79,B,,-44.85,False,,,,50.0,90.0,,,failed_gate=DAILY_KILLSWITCH_MAX_LOSSES,,REFUSE,69.2,LONDON,,80.0,ORDER_FLOW_EXECUTION_AGENT,GOLD#,,,,2026-07-08 13:08:43.783406+00:00,2026-07-08 10:08:43.783406+00:00
,,,SELL,,,,PRUDENCE,40.0,,,37.78,B,,-44.85,False,,,,50.0,90.0,,,failed_gate=DAILY_KILLSWITCH_MAX_LOSSES,,REFUSE,66.44,LONDON,,80.0,ORDER_FLOW_EXECUTION_AGENT,GOLD#,,,,2026-07-08 13:09:08.749002+00:00,2026-07-08 10:09:08.749002+00:00
,,,SELL,,,,PRUDENCE,40.0,,,48.85,B,,-44.85,False,,,,50.0,90.0,,,failed_gate=DAILY_KILLSWITCH_MAX_LOSSES,,REFUSE,69.21,LONDON,,80.0,ORDER_FLOW_EXECUTION_AGENT,GOLD#,,,,2026-07-08 13:09:35.399069+00:00,2026-07-08 10:09:35.399069+00:00
,,,SELL,,,,PRUDENCE,40.0,,,61.37,B,,-44.85,False,,,,50.0,98.0,,,failed_gate=DAILY_KILLSWITCH_MAX_LOSSES,,REFUSE,74.74,LONDON,,80.0,ORDER_FLOW_EXECUTION_AGENT,GOLD#,,,,2026-07-08 13:10:03.145377+00:00,2026-07-08 10:10:03.145377+00:00
,,,SELL,,,,PRUDENCE,40.0,,,38.64,B,,-44.85,False,,,,75.0,90.0,,,failed_gate=DAILY_KILLSWITCH_MAX_LOSSES,,REFUSE,71.66,LONDON,,80.0,ORDER_FLOW_EXECUTION_AGENT,GOLD#,,,,2026-07-08 13:15:52.926147+00:00,2026-07-08 10:15:52.926147+00:00
,,,SELL,,,,PRUDENCE,40.0,,,38.57,B,,-44.85,False,,,,75.0,90.0,,,failed_gate=DAILY_KILLSWITCH_MAX_LOSSES,,REFUSE,71.64,LONDON,,80.0,ORDER_FLOW_EXECUTION_AGENT,GOLD#,,,,2026-07-08 13:16:28.371867+00:00,2026-07-08 10:16:28.371867+00:00
,,,SELL,,,,PRUDENCE,40.0,,,39.06,B,,-44.85,False,,,,75.0,90.0,,,failed_gate=DAILY_KILLSWITCH_MAX_LOSSES,,REFUSE,71.77,LONDON,,80.0,ORDER_FLOW_EXECUTION_AGENT,GOLD#,,,,2026-07-08 13:17:28.703425+00:00,2026-07-08 10:17:28.703425+00:00
,,,BUY,,SAIN,16.8,SAIN,19.3,,,50.8,B,,-44.85,False,,,,50.0,100.0,,,failed_gate=DAILY_KILLSWITCH_MAX_LOSSES,,REFUSE,65.2,LONDON,,50.0,ORDER_FLOW_EXECUTION_AGENT,BTCUSD#,,,,2026-07-08 13:18:16.293220+00:00,2026-07-08 10:18:16.293220+00:00
,,,SELL,,,,PRUDENCE,40.0,,,39.62,B,,-44.85,False,,,,75.0,90.0,,,failed_gate=DAILY_KILLSWITCH_MAX_LOSSES,,REFUSE,71.91,LONDON,,80.0,ORDER_FLOW_EXECUTION_AGENT,GOLD#,,,,2026-07-08 13:18:34.589724+00:00,2026-07-08 10:18:34.589724+00:00
,,,SELL,,,,,,,,,,,,,,,,,,,,failed_gate=GOLD_ANALYSIS_ONLY,,REFUSE,67.5,LONDON,,,GOLD_LIQUIDITY_HUNTER_PRO,GOLD#,,,,2026-07-08 13:25:34.022630+00:00,2026-07-08 10:25:34.022630+00:00
,,,BUY,,SAIN,24.9,SAIN,19.5,,,37.36,C,,-37.14,False,,,,50.0,95.0,,,failed_gate=DAILY_KILLSWITCH_MAX_LOSSES,,REFUSE,60.34,LONDON,,50.0,ORDER_FLOW_EXECUTION_AGENT,BTCUSD#,,,,2026-07-08 13:25:20.784746+00:00,2026-07-08 10:25:20.784746+00:00
,,,BUY,,,,,,,,35.19,C,,-37.14,False,,,,50.0,95.0,,,failed_gate=DAILY_KILLSWITCH_MAX_LOSSES,,REFUSE,59.8,LONDON,,50.0,ORDER_FLOW_EXECUTION_AGENT,BTCUSD#,,,,2026-07-08 13:27:30.102628+00:00,2026-07-08 10:27:30.102628+00:00
,,,BUY,,SAIN,36.3,SAIN,17.6,,,35.48,C,,-37.14,False,,,,50.0,95.0,,,failed_gate=DAILY_KILLSWITCH_MAX_LOSSES,,REFUSE,59.87,LONDON,,50.0,ORDER_FLOW_EXECUTION_AGENT,BTCUSD#,,,,2026-07-08 13:28:13.462993+00:00,2026-07-08 10:28:13.462993+00:00
,,,BUY,,SAIN,36.3,SAIN,17.6,,,35.79,C,,-37.14,False,,,,50.0,100.0,,,failed_gate=DAILY_KILLSWITCH_MAX_LOSSES,,REFUSE,61.45,LONDON,,50.0,ORDER_FLOW_EXECUTION_AGENT,BTCUSD#,,,,2026-07-08 13:28:49.305805+00:00,2026-07-08 10:28:49.305805+00:00
,,,BUY,,SAIN,36.3,SAIN,17.6,,,35.9,C,,-37.14,False,,,,50.0,95.0,,,failed_gate=DAILY_KILLSWITCH_MAX_LOSSES,,REFUSE,59.98,LONDON,,50.0,ORDER_FLOW_EXECUTION_AGENT,BTCUSD#,,,,2026-07-08 13:29:22.767902+00:00,2026-07-08 10:29:22.767902+00:00
,,,BUY,,SAIN,36.3,SAIN,17.6,,,35.98,C,,-37.14,False,,,,50.0,95.0,,,failed_gate=DAILY_KILLSWITCH_MAX_LOSSES,,REFUSE,59.99,LONDON,,50.0,ORDER_FLOW_EXECUTION_AGENT,BTCUSD#,,,,2026-07-08 13:30:12.644008+00:00,2026-07-08 10:30:12.644008+00:00
,,,SELL,,,,,,,,,,,,,,,,,,,,failed_gate=GOLD_ANALYSIS_ONLY,,REFUSE,67.5,LONDON,,,GOLD_LIQUIDITY_HUNTER_PRO,GOLD#,,,,2026-07-08 13:33:47.483892+00:00,2026-07-08 10:33:47.483892+00:00
,,,BUY,,,,SAIN,0.0,,,39.58,C,,-37.14,False,,,,50.0,100.0,,,failed_gate=DAILY_KILLSWITCH_MAX_LOSSES,,REFUSE,62.39,LONDON,,50.0,ORDER_FLOW_EXECUTION_AGENT,BTCUSD#,,,,2026-07-08 13:35:48.752894+00:00,2026-07-08 10:35:48.752894+00:00
,,,BUY,,,,SAIN,0.0,,,38.9,C,,-37.14,False,,,,50.0,95.0,,,failed_gate=DAILY_KILLSWITCH_MAX_LOSSES,,REFUSE,60.73,LONDON,,50.0,ORDER_FLOW_EXECUTION_AGENT,BTCUSD#,,,,2026-07-08 13:36:27.487366+00:00,2026-07-08 10:36:27.487366+00:00
,,,BUY,,SAIN,35.6,SAIN,5.0,,,39.24,C,,-37.14,False,,,,50.0,93.0,,,failed_gate=DAILY_KILLSWITCH_MAX_LOSSES,,REFUSE,60.21,LONDON,,50.0,ORDER_FLOW_EXECUTION_AGENT,BTCUSD#,,,,2026-07-08 13:41:10.847689+00:00,2026-07-08 10:41:10.847689+00:00
,,,SELL,,,,,,,,,,,,,,,,,,,,failed_gate=GOLD_ANALYSIS_ONLY,,REFUSE,67.5,LONDON,,,GOLD_LIQUIDITY_HUNTER_PRO,GOLD#,,,,2026-07-08 13:41:29.532920+00:00,2026-07-08 10:41:29.532920+00:00
,,,BUY,,SAIN,35.6,SAIN,5.0,,,40.0,C,,-37.14,False,,,,50.0,93.0,,,failed_gate=DAILY_KILLSWITCH_MAX_LOSSES,,REFUSE,60.4,LONDON,,50.0,ORDER_FLOW_EXECUTION_AGENT,BTCUSD#,,,,2026-07-08 13:43:02.781550+00:00,2026-07-08 10:43:02.781550+00:00
,,,BUY,,SAIN,35.6,SAIN,5.0,,,40.36,C,,-37.14,False,,,,50.0,93.0,,,failed_gate=DAILY_KILLSWITCH_MAX_LOSSES,,REFUSE,60.49,LONDON,,50.0,ORDER_FLOW_EXECUTION_AGENT,BTCUSD#,,,,2026-07-08 13:43:52.677434+00:00,2026-07-08 10:43:52.677434+00:00
,,,SELL,,,,,,,,,,,,,,,,,,,,failed_gate=GOLD_ANALYSIS_ONLY,,REFUSE,67.5,LONDON,,,GOLD_LIQUIDITY_HUNTER_PRO,GOLD#,,,,2026-07-08 13:43:59.137660+00:00,2026-07-08 10:43:59.137660+00:00
,,,BUY,,,,SAIN,0.0,,,38.81,C,,-37.14,False,,,,50.0,93.0,,,failed_gate=DAILY_KILLSWITCH_MAX_LOSSES,,REFUSE,60.1,LONDON,,50.0,ORDER_FLOW_EXECUTION_AGENT,BTCUSD#,,,,2026-07-08 13:46:15.642727+00:00,2026-07-08 10:46:15.642727+00:00
,,,BUY,,,,SAIN,0.0,,,38.89,C,,-37.14,False,,,,50.0,93.0,,,failed_gate=DAILY_KILLSWITCH_MAX_LOSSES,,REFUSE,60.12,LONDON,,50.0,ORDER_FLOW_EXECUTION_AGENT,BTCUSD#,,,,2026-07-08 13:47:30.647063+00:00,2026-07-08 10:47:30.647063+00:00
,,,SELL,,,,,,,,,,,,,,,,,,,,failed_gate=GOLD_ANALYSIS_ONLY,,REFUSE,67.5,LONDON,,,GOLD_LIQUIDITY_HUNTER_PRO,GOLD#,,,,2026-07-08 13:48:35.109040+00:00,2026-07-08 10:48:35.109040+00:00
,,,SELL,,,,,,,,,,,,,,,,,,,,failed_gate=GOLD_ANALYSIS_ONLY,,REFUSE,67.5,LONDON,,,GOLD_LIQUIDITY_HUNTER_PRO,GOLD#,,,,2026-07-08 13:53:21.748438+00:00,2026-07-08 10:53:21.748438+00:00
,,,BUY,,,,SAIN,0.0,,,39.13,C,,-37.14,False,,,,50.0,93.0,,,failed_gate=DAILY_KILLSWITCH_MAX_LOSSES,,REFUSE,60.18,LONDON,,50.0,ORDER_FLOW_EXECUTION_AGENT,BTCUSD#,,,,2026-07-08 13:55:47.289541+00:00,2026-07-08 10:55:47.289541+00:00
,,,SELL,,,,,,,,,,,,,,,,,,,,failed_gate=GOLD_ANALYSIS_ONLY,,REFUSE,67.5,LONDON,,,GOLD_LIQUIDITY_HUNTER_PRO,GOLD#,,,,2026-07-08 13:59:12.531652+00:00,2026-07-08 10:59:12.531652+00:00
,,,BUY,,,,SAIN,0.0,,,38.47,C,,-37.14,False,,,,50.0,93.0,,,failed_gate=DAILY_KILLSWITCH_MAX_LOSSES,,REFUSE,60.02,LONDON,,50.0,ORDER_FLOW_EXECUTION_AGENT,BTCUSD#,,,,2026-07-08 14:00:41.148872+00:00,2026-07-08 11:00:41.148872+00:00
,,,BUY,,SAIN,16.4,,,,,38.76,C,,-37.14,False,,,,50.0,93.0,,,failed_gate=DAILY_KILLSWITCH_MAX_LOSSES,,REFUSE,60.09,LONDON,,50.0,ORDER_FLOW_EXECUTION_AGENT,GOLD#,,,,2026-07-08 14:03:04.514669+00:00,2026-07-08 11:03:04.514669+00:00
,,,BUY,,SAIN,16.4,,,,,52.51,C,,-37.14,False,,,,50.0,85.0,,,failed_gate=DAILY_KILLSWITCH_MAX_LOSSES,,REFUSE,61.13,LONDON,,50.0,ORDER_FLOW_EXECUTION_AGENT,GOLD#,,,,2026-07-08 14:03:32.258813+00:00,2026-07-08 11:03:32.258813+00:00
,,,SELL,,SAIN,16.4,,,,,,,,,,,,,,,,,failed_gate=GOLD_ANALYSIS_ONLY,,REFUSE,67.5,LONDON,,,GOLD_LIQUIDITY_HUNTER_PRO,GOLD#,,,,2026-07-08 14:04:56.924453+00:00,2026-07-08 11:04:56.924453+00:00
,,,SELL,,,,SAIN,8.3,,,40.75,C,,-37.14,False,,,,50.0,85.0,,,failed_gate=DAILY_KILLSWITCH_MAX_LOSSES,,REFUSE,59.44,LONDON,,55.0,ORDER_FLOW_EXECUTION_AGENT,GOLD#,,,,2026-07-08 14:06:08.602878+00:00,2026-07-08 11:06:08.602878+00:00
,,,SELL,,,,SAIN,8.3,,,41.52,C,,-37.14,False,,,,50.0,85.0,,,failed_gate=DAILY_KILLSWITCH_MAX_LOSSES,,REFUSE,59.63,LONDON,,55.0,ORDER_FLOW_EXECUTION_AGENT,GOLD#,,,,2026-07-08 14:07:57.579236+00:00,2026-07-08 11:07:57.579236+00:00
,,,SELL,,,,SAIN,8.3,,,41.8,C,,-37.14,False,,,,50.0,85.0,,,failed_gate=DAILY_KILLSWITCH_MAX_LOSSES,,REFUSE,59.7,LONDON,,55.0,ORDER_FLOW_EXECUTION_AGENT,GOLD#,,,,2026-07-08 14:08:32.866320+00:00,2026-07-08 11:08:32.866320+00:00
,,,SELL,,,,SAIN,8.3,,,44.17,C,,-37.14,False,,,,50.0,93.0,,,failed_gate=DAILY_KILLSWITCH_MAX_LOSSES,,REFUSE,63.94,LONDON,,60.0,ORDER_FLOW_EXECUTION_AGENT,GOLD#,,,,2026-07-08 14:09:49.047164+00:00,2026-07-08 11:09:49.047164+00:00
,,,SELL,,,,,,,,,,,,,,,,,,,,failed_gate=GOLD_ANALYSIS_ONLY,,REFUSE,67.5,LONDON,,,GOLD_LIQUIDITY_HUNTER_PRO,GOLD#,,,,2026-07-08 14:10:29.404549+00:00,2026-07-08 11:10:29.404549+00:00
,,,SELL,,,,SAIN,14.5,,,42.53,C,,-37.14,False,,,,50.0,85.0,,,failed_gate=DAILY_KILLSWITCH_MAX_LOSSES,,REFUSE,59.88,LONDON,,55.0,ORDER_FLOW_EXECUTION_AGENT,GOLD#,,,,2026-07-08 14:12:07.728163+00:00,2026-07-08 11:12:07.728163+00:00
,,,SELL,,,,,,,,,,,,,,,,,,,,failed_gate=GOLD_ANALYSIS_ONLY,,REFUSE,67.5,LONDON,,,GOLD_LIQUIDITY_HUNTER_PRO,GOLD#,,,,2026-07-08 14:14:03.063187+00:00,2026-07-08 11:14:03.063187+00:00
,,,SELL,,,,SAIN,12.6,,,39.84,C,,-37.14,False,,,,50.0,95.0,,,failed_gate=DAILY_KILLSWITCH_MAX_LOSSES,,REFUSE,60.96,LONDON,,50.0,ORDER_FLOW_EXECUTION_AGENT,BTCUSD#,,,,2026-07-08 14:16:18.563659+00:00,2026-07-08 11:16:18.563659+00:00
,,,SELL,,,,SAIN,12.6,,,40.92,C,,-37.14,False,,,,50.0,100.0,,,failed_gate=DAILY_KILLSWITCH_MAX_LOSSES,,REFUSE,62.73,LONDON,,50.0,ORDER_FLOW_EXECUTION_AGENT,BTCUSD#,,,,2026-07-08 14:16:52.797577+00:00,2026-07-08 11:16:52.797577+00:00
,,,SELL,,,,SAIN,12.6,,,41.57,C,,-37.14,False,,,,50.0,100.0,,,failed_gate=DAILY_KILLSWITCH_MAX_LOSSES,,REFUSE,62.89,LONDON,,50.0,ORDER_FLOW_EXECUTION_AGENT,BTCUSD#,,,,2026-07-08 14:17:20.167262+00:00,2026-07-08 11:17:20.167262+00:00
,,,SELL,,,,SAIN,12.6,,,41.5,C,,-37.14,False,,,,50.0,100.0,,,failed_gate=DAILY_KILLSWITCH_MAX_LOSSES,,REFUSE,62.88,LONDON,,50.0,ORDER_FLOW_EXECUTION_AGENT,BTCUSD#,,,,2026-07-08 14:17:54.298015+00:00,2026-07-08 11:17:54.298015+00:00
,,,SELL,,,,SAIN,12.6,,,41.4,C,,-37.14,False,,,,50.0,95.0,,,failed_gate=DAILY_KILLSWITCH_MAX_LOSSES,,REFUSE,61.35,LONDON,,50.0,ORDER_FLOW_EXECUTION_AGENT,BTCUSD#,,,,2026-07-08 14:18:19.333152+00:00,2026-07-08 11:18:19.333152+00:00
,,,SELL,,,,SAIN,12.6,,,40.62,C,,-37.14,False,,,,50.0,95.0,,,failed_gate=DAILY_KILLSWITCH_MAX_LOSSES,,REFUSE,61.16,LONDON,,50.0,ORDER_FLOW_EXECUTION_AGENT,BTCUSD#,,,,2026-07-08 14:18:42.050582+00:00,2026-07-08 11:18:42.050582+00:00
,,,SELL,,,,SAIN,6.0,,,47.42,C,,-37.14,False,,,,50.0,93.0,,,failed_gate=DAILY_KILLSWITCH_MAX_LOSSES,,REFUSE,62.26,LONDON,,50.0,ORDER_FLOW_EXECUTION_AGENT,BTCUSD#,,,,2026-07-08 14:23:57.976491+00:00,2026-07-08 11:23:57.976491+00:00
,,,SELL,,,,SAIN,6.0,,,47.88,C,,-37.14,False,,,,50.0,93.0,,,failed_gate=DAILY_KILLSWITCH_MAX_LOSSES,,REFUSE,62.37,LONDON,,50.0,ORDER_FLOW_EXECUTION_AGENT,BTCUSD#,,,,2026-07-08 14:24:54.554159+00:00,2026-07-08 11:24:54.554159+00:00
,,,SELL,,,,SAIN,18.5,,,39.0,C,,-37.14,False,,,,50.0,85.0,,,failed_gate=DAILY_KILLSWITCH_MAX_LOSSES,,REFUSE,59.0,LONDON,,55.0,ORDER_FLOW_EXECUTION_AGENT,GOLD#,,,,2026-07-08 14:25:43.320767+00:00,2026-07-08 11:25:43.320767+00:00
,,,SELL,,,,SAIN,18.5,,,38.74,C,,-37.14,False,,,,50.0,85.0,,,failed_gate=DAILY_KILLSWITCH_MAX_LOSSES,,REFUSE,58.94,LONDON,,55.0,ORDER_FLOW_EXECUTION_AGENT,GOLD#,,,,2026-07-08 14:26:36.116972+00:00,2026-07-08 11:26:36.116972+00:00
,,,SELL,,,,SAIN,19.3,,,43.97,C,,-37.14,False,,,,50.0,93.0,,,failed_gate=DAILY_KILLSWITCH_MAX_LOSSES,,REFUSE,61.39,LONDON,,50.0,ORDER_FLOW_EXECUTION_AGENT,BTCUSD#,,,,2026-07-08 14:27:35.015294+00:00,2026-07-08 11:27:35.015294+00:00
,,,SELL,,,,SAIN,19.3,,,43.69,C,,-37.14,False,,,,50.0,93.0,,,failed_gate=DAILY_KILLSWITCH_MAX_LOSSES,,REFUSE,61.32,LONDON,,50.0,ORDER_FLOW_EXECUTION_AGENT,BTCUSD#,,,,2026-07-08 14:28:09.507627+00:00,2026-07-08 11:28:09.507627+00:00
,,,SELL,,,,SAIN,18.5,,,39.26,C,,-37.14,False,,,,50.0,85.0,,,failed_gate=DAILY_KILLSWITCH_MAX_LOSSES,,REFUSE,59.06,LONDON,,55.0,ORDER_FLOW_EXECUTION_AGENT,GOLD#,,,,2026-07-08 14:29:29.738640+00:00,2026-07-08 11:29:29.738640+00:00
,,,SELL,,,,SAIN,18.5,,,39.38,C,,-37.14,False,,,,50.0,85.0,,,failed_gate=DAILY_KILLSWITCH_MAX_LOSSES,,REFUSE,59.09,LONDON,,55.0,ORDER_FLOW_EXECUTION_AGENT,GOLD#,,,,2026-07-08 14:30:14.566620+00:00,2026-07-08 11:30:14.566620+00:00
,,,SELL,,,,SAIN,18.9,,,39.33,C,,-37.14,False,,,,50.0,93.0,,,failed_gate=DAILY_KILLSWITCH_MAX_LOSSES,,REFUSE,60.23,LONDON,,50.0,ORDER_FLOW_EXECUTION_AGENT,GOLD#,,,,2026-07-08 14:31:00.790901+00:00,2026-07-08 11:31:00.790901+00:00
,,,SELL,,,,,,,,,,,,,,,,,,,,failed_gate=GOLD_ANALYSIS_ONLY,,REFUSE,67.5,LONDON,,,GOLD_LIQUIDITY_HUNTER_PRO,GOLD#,,,,2026-07-08 14:32:19.295871+00:00,2026-07-08 11:32:19.295871+00:00
,,,BUY,,SAIN,33.6,SAIN,0.7,,,58.65,B,,-37.14,False,,,,50.0,93.0,,,failed_gate=DAILY_KILLSWITCH_MAX_LOSSES,,REFUSE,65.06,LONDON,,50.0,ORDER_FLOW_EXECUTION_AGENT,BTCUSD#,,,,2026-07-08 14:33:08.184980+00:00,2026-07-08 11:33:08.184980+00:00
,,,SELL,,,,SAIN,18.9,,,41.81,C,,-37.14,False,,,,50.0,85.0,,,failed_gate=DAILY_KILLSWITCH_MAX_LOSSES,,REFUSE,59.7,LONDON,,55.0,ORDER_FLOW_EXECUTION_AGENT,GOLD#,,,,2026-07-08 14:33:38.431891+00:00,2026-07-08 11:33:38.431891+00:00
,,,SELL,,,,SAIN,18.9,,,42.01,C,,-37.14,False,,,,50.0,85.0,,,failed_gate=DAILY_KILLSWITCH_MAX_LOSSES,,REFUSE,59.75,LONDON,,55.0,ORDER_FLOW_EXECUTION_AGENT,GOLD#,,,,2026-07-08 14:34:09.110328+00:00,2026-07-08 11:34:09.110328+00:00
,,,SELL,,,,,,,,,,,,,,,,,,,,failed_gate=GOLD_ANALYSIS_ONLY,,REFUSE,67.5,LONDON,,,GOLD_LIQUIDITY_HUNTER_PRO,GOLD#,,,,2026-07-08 14:34:58.889362+00:00,2026-07-08 11:34:58.889362+00:00
,,,SELL,,,,SAIN,18.9,,,42.03,C,,-37.14,False,,,,50.0,85.0,,,failed_gate=DAILY_KILLSWITCH_MAX_LOSSES,,REFUSE,59.76,LONDON,,55.0,ORDER_FLOW_EXECUTION_AGENT,GOLD#,,,,2026-07-08 14:35:20.651453+00:00,2026-07-08 11:35:20.651453+00:00
,,,SELL,,,,,,,,,,,,,,,,,,,,failed_gate=GOLD_ANALYSIS_ONLY,,REFUSE,67.5,LONDON,,,GOLD_LIQUIDITY_HUNTER_PRO,GOLD#,,,,2026-07-08 14:36:15.928252+00:00,2026-07-08 11:36:15.928252+00:00
,,,BUY,,,,,,,,46.57,C,,-37.14,False,,,,50.0,100.0,,,failed_gate=DAILY_KILLSWITCH_MAX_LOSSES,,REFUSE,64.14,LONDON,,50.0,ORDER_FLOW_EXECUTION_AGENT,BTCUSD#,,,,2026-07-08 14:36:16.953710+00:00,2026-07-08 11:36:16.953710+00:00
,,,SELL,,,,SAIN,31.6,,,37.88,C,,-37.14,False,,,,50.0,100.0,,,failed_gate=DAILY_KILLSWITCH_MAX_LOSSES,,REFUSE,63.22,LONDON,,55.0,ORDER_FLOW_EXECUTION_AGENT,GOLD#,,,,2026-07-08 14:37:26.747358+00:00,2026-07-08 11:37:26.747358+00:00
,,,SELL,,,,SAIN,31.6,,,37.73,C,,-37.14,False,,,,50.0,95.0,,,failed_gate=DAILY_KILLSWITCH_MAX_LOSSES,,REFUSE,62.93,LONDON,,60.0,ORDER_FLOW_EXECUTION_AGENT,GOLD#,,,,2026-07-08 14:37:53.631703+00:00,2026-07-08 11:37:53.631703+00:00
,,,SELL,,,,SAIN,31.6,,,39.03,C,,-37.14,False,,,,50.0,100.0,,,failed_gate=DAILY_KILLSWITCH_MAX_LOSSES,,REFUSE,64.76,LONDON,,60.0,ORDER_FLOW_EXECUTION_AGENT,GOLD#,,,,2026-07-08 14:38:19.707691+00:00,2026-07-08 11:38:19.707691+00:00
,,,SELL,,,,SAIN,31.6,,,40.3,B,,-37.14,False,,,,50.0,100.0,,,failed_gate=DAILY_KILLSWITCH_MAX_LOSSES,,REFUSE,65.08,LONDON,,60.0,ORDER_FLOW_EXECUTION_AGENT,GOLD#,,,,2026-07-08 14:39:10.313461+00:00,2026-07-08 11:39:10.313461+00:00
,,,SELL,,,,SAIN,31.6,,,40.47,C,,-37.14,False,,,,50.0,95.0,,,failed_gate=DAILY_KILLSWITCH_MAX_LOSSES,,REFUSE,63.62,LONDON,,60.0,ORDER_FLOW_EXECUTION_AGENT,GOLD#,,,,2026-07-08 14:39:38.357787+00:00,2026-07-08 11:39:38.357787+00:00
,,,SELL,,,,SAIN,31.6,,,40.41,C,,-37.14,False,,,,50.0,95.0,,,failed_gate=DAILY_KILLSWITCH_MAX_LOSSES,,REFUSE,63.6,LONDON,,60.0,ORDER_FLOW_EXECUTION_AGENT,GOLD#,,,,2026-07-08 14:40:12.425823+00:00,2026-07-08 11:40:12.425823+00:00
,,,SELL,,,,,,,,,,,,,,,,,,,,failed_gate=GOLD_ANALYSIS_ONLY,,REFUSE,67.5,LONDON,,,GOLD_LIQUIDITY_HUNTER_PRO,GOLD#,,,,2026-07-08 14:40:51.113573+00:00,2026-07-08 11:40:51.113573+00:00
,,,BUY,,SAIN,32.8,SAIN,5.5,,,57.78,C,,-37.14,False,,,,50.0,93.0,,,failed_gate=DAILY_KILLSWITCH_MAX_LOSSES,,REFUSE,64.84,LONDON,,50.0,ORDER_FLOW_EXECUTION_AGENT,BTCUSD#,,,,2026-07-08 14:43:43.644328+00:00,2026-07-08 11:43:43.644328+00:00
,,,SELL,,,,,,,,,,,,,,,,,,,,failed_gate=GOLD_ANALYSIS_ONLY,,REFUSE,67.5,LONDON,,,GOLD_LIQUIDITY_HUNTER_PRO,GOLD#,,,,2026-07-08 14:45:53.207911+00:00,2026-07-08 11:45:53.207911+00:00
,,,BUY,,,,,,,,62.44,B,,-37.14,False,,,,50.0,88.0,,,failed_gate=DAILY_KILLSWITCH_MAX_LOSSES,,REFUSE,67.01,LONDON,,60.0,ORDER_FLOW_EXECUTION_AGENT,GOLD#,,,,2026-07-08 14:47:03.969986+00:00,2026-07-08 11:47:03.969986+00:00
,,,SELL,,,,SAIN,15.0,,,47.45,C,,-37.14,False,,,,50.0,93.0,,,failed_gate=DAILY_KILLSWITCH_MAX_LOSSES,,REFUSE,63.51,LONDON,,55.0,ORDER_FLOW_EXECUTION_AGENT,GOLD#,,,,2026-07-08 14:49:43.758772+00:00,2026-07-08 11:49:43.758772+00:00
,,,SELL,,,,SAIN,15.0,,,47.03,C,,-37.14,False,,,,50.0,93.0,,,failed_gate=DAILY_KILLSWITCH_MAX_LOSSES,,REFUSE,63.41,LONDON,,55.0,ORDER_FLOW_EXECUTION_AGENT,GOLD#,,,,2026-07-08 14:50:14.070233+00:00,2026-07-08 11:50:14.070233+00:00
,,,SELL,,,,SAIN,27.2,,,49.18,B,,-37.14,False,,,,50.0,93.0,,,failed_gate=DAILY_KILLSWITCH_MAX_LOSSES,,REFUSE,65.19,LONDON,,60.0,ORDER_FLOW_EXECUTION_AGENT,GOLD#,,,,2026-07-08 14:50:39.904281+00:00,2026-07-08 11:50:39.904281+00:00
,,,SELL,,,,SAIN,27.2,,,64.42,B,,-37.14,False,,,,50.0,93.0,,,failed_gate=DAILY_KILLSWITCH_MAX_LOSSES,,REFUSE,69.0,LONDON,,60.0,ORDER_FLOW_EXECUTION_AGENT,GOLD#,,,,2026-07-08 14:51:09.964023+00:00,2026-07-08 11:51:09.964023+00:00
,,,SELL,,,,SAIN,27.2,,,64.53,B,,-37.14,False,,,,50.0,85.0,,,failed_gate=DAILY_KILLSWITCH_MAX_LOSSES,,REFUSE,67.88,LONDON,,65.0,ORDER_FLOW_EXECUTION_AGENT,GOLD#,,,,2026-07-08 14:51:40.160639+00:00,2026-07-08 11:51:40.160639+00:00
,,,SELL,,,,SAIN,27.2,,,38.64,C,,-37.14,False,,,,50.0,85.0,,,failed_gate=DAILY_KILLSWITCH_MAX_LOSSES,,REFUSE,61.41,LONDON,,65.0,ORDER_FLOW_EXECUTION_AGENT,GOLD#,,,,2026-07-08 14:52:10.328858+00:00,2026-07-08 11:52:10.328858+00:00
,,,SELL,,,,SAIN,27.2,,,64.77,B,,-37.14,False,,,,50.0,85.0,,,failed_gate=DAILY_KILLSWITCH_MAX_LOSSES,,REFUSE,65.44,LONDON,,55.0,ORDER_FLOW_EXECUTION_AGENT,GOLD#,,,,2026-07-08 14:52:45.993660+00:00,2026-07-08 11:52:45.993660+00:00
,,,SELL,,,,SAIN,27.2,,,49.1,C,,-37.14,False,,,,50.0,85.0,,,failed_gate=DAILY_KILLSWITCH_MAX_LOSSES,,REFUSE,61.52,LONDON,,55.0,ORDER_FLOW_EXECUTION_AGENT,GOLD#,,,,2026-07-08 14:53:17.606614+00:00,2026-07-08 11:53:17.606614+00:00
,,,SELL,,,,SAIN,27.2,,,64.51,B,,-37.14,False,,,,50.0,85.0,,,failed_gate=DAILY_KILLSWITCH_MAX_LOSSES,,REFUSE,65.38,LONDON,,55.0,ORDER_FLOW_EXECUTION_AGENT,GOLD#,,,,2026-07-08 14:53:53.044299+00:00,2026-07-08 11:53:53.044299+00:00
,,,SELL,,,,SAIN,27.2,,,65.23,B,,-37.14,False,,,,50.0,85.0,,,failed_gate=DAILY_KILLSWITCH_MAX_LOSSES,,REFUSE,65.56,LONDON,,55.0,ORDER_FLOW_EXECUTION_AGENT,GOLD#,,,,2026-07-08 14:54:25.562189+00:00,2026-07-08 11:54:25.562189+00:00
,,,BUY,,PRUDENCE,40.0,SAIN,8.4,,,56.57,C,,-37.14,False,,,,50.0,93.0,,,failed_gate=DAILY_KILLSWITCH_MAX_LOSSES,,REFUSE,64.54,LONDON,,50.0,ORDER_FLOW_EXECUTION_AGENT,BTCUSD#,,,,2026-07-08 14:54:40.425143+00:00,2026-07-08 11:54:40.425143+00:00
,,,BUY,,PRUDENCE,40.0,SAIN,8.4,,,56.66,C,,-37.14,False,,,,50.0,93.0,,,failed_gate=DAILY_KILLSWITCH_MAX_LOSSES,,REFUSE,64.56,LONDON,,50.0,ORDER_FLOW_EXECUTION_AGENT,BTCUSD#,,,,2026-07-08 14:55:15.011391+00:00,2026-07-08 11:55:15.011391+00:00
,,,SELL,,,,,,,,,,,,,,,,,,,,failed_gate=GOLD_ANALYSIS_ONLY,,REFUSE,67.5,LONDON,,,GOLD_LIQUIDITY_HUNTER_PRO,GOLD#,,,,2026-07-08 14:56:02.192009+00:00,2026-07-08 11:56:02.192009+00:00
,,,SELL,,,,SAIN,6.5,,,35.31,C,,-37.14,False,,,,50.0,93.0,,,failed_gate=DAILY_KILLSWITCH_MAX_LOSSES,,REFUSE,60.48,LONDON,,55.0,ORDER_FLOW_EXECUTION_AGENT,GOLD#,,,,2026-07-08 14:57:45.807030+00:00,2026-07-08 11:57:45.807030+00:00
,,,SELL,,,,SAIN,13.1,,,31.23,C,,-37.14,False,,,,55.0,91.0,,,failed_gate=DAILY_KILLSWITCH_MAX_LOSSES,,REFUSE,58.61,LONDON,,50.0,ORDER_FLOW_EXECUTION_AGENT,GOLD#,,,,2026-07-08 15:00:44.893311+00:00,2026-07-08 12:00:44.893311+00:00
,,,SELL,,,,SAIN,13.1,,,31.45,C,,-37.14,False,,,,55.0,91.0,,,failed_gate=DAILY_KILLSWITCH_MAX_LOSSES,,REFUSE,58.66,LONDON,,50.0,ORDER_FLOW_EXECUTION_AGENT,GOLD#,,,,2026-07-08 15:01:10.669042+00:00,2026-07-08 12:01:10.669042+00:00
,,,SELL,,,,SAIN,13.1,,,31.81,C,,-37.14,False,,,,55.0,91.0,,,failed_gate=DAILY_KILLSWITCH_MAX_LOSSES,,REFUSE,58.75,LONDON,,50.0,ORDER_FLOW_EXECUTION_AGENT,GOLD#,,,,2026-07-08 15:01:37.119877+00:00,2026-07-08 12:01:37.119877+00:00
,,,BUY,,SAIN,29.5,,,,,46.31,C,,-37.14,False,,,,55.0,91.0,,,failed_gate=DAILY_KILLSWITCH_MAX_LOSSES,,REFUSE,62.38,LONDON,,50.0,ORDER_FLOW_EXECUTION_AGENT,GOLD#,,,,2026-07-08 15:02:27.074904+00:00,2026-07-08 12:02:27.074904+00:00
,,,BUY,,SAIN,29.5,,,,,46.15,C,,-37.14,False,,,,55.0,91.0,,,failed_gate=DAILY_KILLSWITCH_MAX_LOSSES,,REFUSE,62.34,LONDON,,50.0,ORDER_FLOW_EXECUTION_AGENT,GOLD#,,,,2026-07-08 15:03:16.214314+00:00,2026-07-08 12:03:16.214314+00:00
,,,BUY,,SAIN,29.5,,,,,32.08,C,,-37.14,False,,,,55.0,91.0,,,failed_gate=DAILY_KILLSWITCH_MAX_LOSSES,,REFUSE,58.82,LONDON,,50.0,ORDER_FLOW_EXECUTION_AGENT,GOLD#,,,,2026-07-08 15:03:39.171178+00:00,2026-07-08 12:03:39.171178+00:00
,,,BUY,,SAIN,29.5,,,,,24.14,C,,-37.14,False,,,,55.0,99.0,,,failed_gate=DAILY_KILLSWITCH_MAX_LOSSES,,REFUSE,59.23,LONDON,,50.0,ORDER_FLOW_EXECUTION_AGENT,GOLD#,,,,2026-07-08 15:04:04.145643+00:00,2026-07-08 12:04:04.145643+00:00
,,,BUY,,SAIN,29.5,,,,,33.36,C,,-37.14,False,,,,55.0,91.0,,,failed_gate=DAILY_KILLSWITCH_MAX_LOSSES,,REFUSE,59.14,LONDON,,50.0,ORDER_FLOW_EXECUTION_AGENT,GOLD#,,,,2026-07-08 15:04:27.578231+00:00,2026-07-08 12:04:27.578231+00:00
,,,BUY,,SAIN,29.5,,,,,32.41,C,,-37.14,False,,,,55.0,91.0,,,failed_gate=DAILY_KILLSWITCH_MAX_LOSSES,,REFUSE,58.9,LONDON,,50.0,ORDER_FLOW_EXECUTION_AGENT,GOLD#,,,,2026-07-08 15:04:52.547075+00:00,2026-07-08 12:04:52.547075+00:00
,,,BUY,,,,,,,,37.21,C,,-37.14,False,,,,55.0,91.0,,,failed_gate=DAILY_KILLSWITCH_MAX_LOSSES,,REFUSE,60.1,LONDON,,50.0,ORDER_FLOW_EXECUTION_AGENT,GOLD#,,,,2026-07-08 15:05:16.350910+00:00,2026-07-08 12:05:16.350910+00:00
,,,BUY,,,,,,,,56.63,B,,-37.14,False,,,,55.0,99.0,,,failed_gate=DAILY_KILLSWITCH_MAX_LOSSES,,REFUSE,67.36,LONDON,,50.0,ORDER_FLOW_EXECUTION_AGENT,GOLD#,,,,2026-07-08 15:06:06.904250+00:00,2026-07-08 12:06:06.904250+00:00
,,,BUY,,,,,,,,55.82,C,,-37.14,False,,,,55.0,91.0,,,failed_gate=DAILY_KILLSWITCH_MAX_LOSSES,,REFUSE,64.75,LONDON,,50.0,ORDER_FLOW_EXECUTION_AGENT,GOLD#,,,,2026-07-08 15:06:28.526971+00:00,2026-07-08 12:06:28.526971+00:00
,,,BUY,,,,,,,,40.66,C,,-37.14,False,,,,55.0,91.0,,,failed_gate=DAILY_KILLSWITCH_MAX_LOSSES,,REFUSE,60.97,LONDON,,50.0,ORDER_FLOW_EXECUTION_AGENT,GOLD#,,,,2026-07-08 15:06:50.095847+00:00,2026-07-08 12:06:50.095847+00:00
,,,BUY,,,,,,,,30.01,C,,-37.14,False,,,,55.0,91.0,,,failed_gate=DAILY_KILLSWITCH_MAX_LOSSES,,REFUSE,58.3,LONDON,,50.0,ORDER_FLOW_EXECUTION_AGENT,GOLD#,,,,2026-07-08 15:07:12.257602+00:00,2026-07-08 12:07:12.257602+00:00
,,,BUY,,,,,,,,56.17,C,,-37.14,False,,,,55.0,91.0,,,failed_gate=DAILY_KILLSWITCH_MAX_LOSSES,,REFUSE,64.84,LONDON,,50.0,ORDER_FLOW_EXECUTION_AGENT,GOLD#,,,,2026-07-08 15:07:38.314197+00:00,2026-07-08 12:07:38.314197+00:00
,,,BUY,,,,,,,,30.42,C,,-37.14,False,,,,55.0,91.0,,,failed_gate=DAILY_KILLSWITCH_MAX_LOSSES,,REFUSE,58.41,LONDON,,50.0,ORDER_FLOW_EXECUTION_AGENT,GOLD#,,,,2026-07-08 15:08:03.987007+00:00,2026-07-08 12:08:03.987007+00:00
,,,BUY,,,,,,,,30.36,C,,-37.14,False,,,,55.0,91.0,,,failed_gate=DAILY_KILLSWITCH_MAX_LOSSES,,REFUSE,58.39,LONDON,,50.0,ORDER_FLOW_EXECUTION_AGENT,GOLD#,,,,2026-07-08 15:08:30.336114+00:00,2026-07-08 12:08:30.336114+00:00
,,,BUY,,,,,,,,30.12,C,,-37.14,False,,,,55.0,91.0,,,failed_gate=DAILY_KILLSWITCH_MAX_LOSSES,,REFUSE,58.33,LONDON,,50.0,ORDER_FLOW_EXECUTION_AGENT,GOLD#,,,,2026-07-08 15:08:54.734521+00:00,2026-07-08 12:08:54.734521+00:00
,,,BUY,,,,,,,,29.95,C,,-37.14,False,,,,55.0,91.0,,,failed_gate=DAILY_KILLSWITCH_MAX_LOSSES,,REFUSE,58.29,LONDON,,50.0,ORDER_FLOW_EXECUTION_AGENT,GOLD#,,,,2026-07-08 15:09:16.953231+00:00,2026-07-08 12:09:16.953231+00:00
,,,BUY,,,,,,,,56.51,C,,-37.14,False,,,,55.0,91.0,,,failed_gate=DAILY_KILLSWITCH_MAX_LOSSES,,REFUSE,64.93,LONDON,,50.0,ORDER_FLOW_EXECUTION_AGENT,GOLD#,,,,2026-07-08 15:09:43.016396+00:00,2026-07-08 12:09:43.016396+00:00
,,,BUY,,,,,,,,57.63,B,,-37.14,False,,,,55.0,99.0,,,failed_gate=DAILY_KILLSWITCH_MAX_LOSSES,,REFUSE,67.61,LONDON,,50.0,ORDER_FLOW_EXECUTION_AGENT,GOLD#,,,,2026-07-08 15:10:09.377632+00:00,2026-07-08 12:10:09.377632+00:00
,,,BUY,,,,,,,,49.61,C,,-37.14,False,,,,50.0,100.0,,,failed_gate=DAILY_KILLSWITCH_MAX_LOSSES,,REFUSE,64.9,LONDON,,50.0,ORDER_FLOW_EXECUTION_AGENT,BTCUSD#,,,,2026-07-08 15:10:18.368519+00:00,2026-07-08 12:10:18.368519+00:00
,,,BUY,,,,,,,,45.46,B,,-37.14,False,,,,80.0,100.0,,,failed_gate=DAILY_KILLSWITCH_MAX_LOSSES,,REFUSE,69.87,LONDON,,50.0,ORDER_FLOW_EXECUTION_AGENT,GOLD#,,,,2026-07-08 15:10:53.582168+00:00,2026-07-08 12:10:53.582168+00:00
,,,BUY,,,,,,,,45.46,B,,-37.14,False,,,,80.0,100.0,,,failed_gate=DAILY_KILLSWITCH_MAX_LOSSES,,REFUSE,69.87,LONDON,,50.0,ORDER_FLOW_EXECUTION_AGENT,GOLD#,,,,2026-07-08 15:11:16.102207+00:00,2026-07-08 12:11:16.102207+00:00
,,,BUY,,,,,,,,57.34,B,,-37.14,False,,,,80.0,100.0,,,failed_gate=DAILY_KILLSWITCH_MAX_LOSSES,,REFUSE,72.84,LONDON,,50.0,ORDER_FLOW_EXECUTION_AGENT,GOLD#,,,,2026-07-08 15:11:40.805652+00:00,2026-07-08 12:11:40.805652+00:00
,,,BUY,,,,,,,,46.54,B,,-37.14,False,,,,80.0,100.0,,,failed_gate=DAILY_KILLSWITCH_MAX_LOSSES,,REFUSE,70.13,LONDON,,50.0,ORDER_FLOW_EXECUTION_AGENT,GOLD#,,,,2026-07-08 15:12:03.532285+00:00,2026-07-08 12:12:03.532285+00:00
,,,BUY,,,,,,,,46.77,B,,-37.14,False,,,,80.0,100.0,,,failed_gate=DAILY_KILLSWITCH_MAX_LOSSES,,REFUSE,70.19,LONDON,,50.0,ORDER_FLOW_EXECUTION_AGENT,GOLD#,,,,2026-07-08 15:12:25.808969+00:00,2026-07-08 12:12:25.808969+00:00
,,,BUY,,,,,,,,46.92,B,,-37.14,False,,,,80.0,100.0,,,failed_gate=DAILY_KILLSWITCH_MAX_LOSSES,,REFUSE,70.23,LONDON,,50.0,ORDER_FLOW_EXECUTION_AGENT,GOLD#,,,,2026-07-08 15:12:48.152043+00:00,2026-07-08 12:12:48.152043+00:00
,,,BUY,,,,,,,,46.98,B,,-37.14,False,,,,80.0,100.0,,,failed_gate=DAILY_KILLSWITCH_MAX_LOSSES,,REFUSE,70.25,LONDON,,50.0,ORDER_FLOW_EXECUTION_AGENT,GOLD#,,,,2026-07-08 15:13:10.213290+00:00,2026-07-08 12:13:10.213290+00:00
,,,BUY,,,,,,,,46.82,B,,-37.14,False,,,,80.0,100.0,,,failed_gate=DAILY_KILLSWITCH_MAX_LOSSES,,REFUSE,70.2,LONDON,,50.0,ORDER_FLOW_EXECUTION_AGENT,GOLD#,,,,2026-07-08 15:13:31.196739+00:00,2026-07-08 12:13:31.196739+00:00
,,,BUY,,,,,,,,57.21,B,,-37.14,False,,,,80.0,100.0,,,failed_gate=DAILY_KILLSWITCH_MAX_LOSSES,,REFUSE,72.8,LONDON,,50.0,ORDER_FLOW_EXECUTION_AGENT,GOLD#,,,,2026-07-08 15:13:54.945283+00:00,2026-07-08 12:13:54.945283+00:00
,,,BUY,,,,,,,,46.7,B,,-37.14,False,,,,80.0,100.0,,,failed_gate=DAILY_KILLSWITCH_MAX_LOSSES,,REFUSE,70.17,LONDON,,50.0,ORDER_FLOW_EXECUTION_AGENT,GOLD#,,,,2026-07-08 15:14:16.808515+00:00,2026-07-08 12:14:16.808515+00:00
,,,BUY,,,,,,,,46.03,B,,-37.14,False,,,,80.0,100.0,,,failed_gate=DAILY_KILLSWITCH_MAX_LOSSES,,REFUSE,70.01,LONDON,,50.0,ORDER_FLOW_EXECUTION_AGENT,GOLD#,,,,2026-07-08 15:14:37.576721+00:00,2026-07-08 12:14:37.576721+00:00
,,,BUY,,,,,,,,46.79,B,,-37.14,False,,,,80.0,100.0,,,failed_gate=DAILY_KILLSWITCH_MAX_LOSSES,,REFUSE,70.2,LONDON,,50.0,ORDER_FLOW_EXECUTION_AGENT,GOLD#,,,,2026-07-08 15:15:00.982020+00:00,2026-07-08 12:15:00.982020+00:00
,,,SELL,,SAIN,30.6,SAIN,12.1,,,33.71,C,,-37.14,False,,,,55.0,94.0,,,failed_gate=DAILY_KILLSWITCH_MAX_LOSSES,,REFUSE,60.13,LONDON,,50.0,ORDER_FLOW_EXECUTION_AGENT,BTCUSD#,,,,2026-07-08 15:15:13.012854+00:00,2026-07-08 12:15:13.012854+00:00
,,,SELL,,,,SAIN,12.1,,,33.24,C,,-37.14,False,,,,55.0,94.0,,,failed_gate=DAILY_KILLSWITCH_MAX_LOSSES,,REFUSE,60.01,LONDON,,50.0,ORDER_FLOW_EXECUTION_AGENT,BTCUSD#,,,,2026-07-08 15:15:34.984081+00:00,2026-07-08 12:15:34.984081+00:00
,,,SELL,,,,SAIN,12.1,,,34.15,C,,-37.14,False,,,,55.0,94.0,,,failed_gate=DAILY_KILLSWITCH_MAX_LOSSES,,REFUSE,60.24,LONDON,,50.0,ORDER_FLOW_EXECUTION_AGENT,BTCUSD#,,,,2026-07-08 15:15:57.013576+00:00,2026-07-08 12:15:57.013576+00:00
,,,BUY,,,,,,,,45.96,B,,-37.14,False,,,,65.0,99.0,,,failed_gate=DAILY_KILLSWITCH_MAX_LOSSES,,REFUSE,66.69,LONDON,,50.0,ORDER_FLOW_EXECUTION_AGENT,GOLD#,,,,2026-07-08 15:17:52.981910+00:00,2026-07-08 12:17:52.981910+00:00
,,,BUY,,,,,,,,57.11,B,,-37.14,False,,,,65.0,91.0,,,failed_gate=DAILY_KILLSWITCH_MAX_LOSSES,,REFUSE,67.08,LONDON,,50.0,ORDER_FLOW_EXECUTION_AGENT,GOLD#,,,,2026-07-08 15:18:15.609320+00:00,2026-07-08 12:18:15.609320+00:00
,,,BUY,,,,,,,,57.08,B,,-37.14,False,,,,65.0,91.0,,,failed_gate=DAILY_KILLSWITCH_MAX_LOSSES,,REFUSE,67.07,LONDON,,50.0,ORDER_FLOW_EXECUTION_AGENT,GOLD#,,,,2026-07-08 15:18:37.606466+00:00,2026-07-08 12:18:37.606466+00:00
,,,BUY,,,,,,,,46.4,C,,-37.14,False,,,,65.0,91.0,,,failed_gate=DAILY_KILLSWITCH_MAX_LOSSES,,REFUSE,64.4,LONDON,,50.0,ORDER_FLOW_EXECUTION_AGENT,GOLD#,,,,2026-07-08 15:18:57.854823+00:00,2026-07-08 12:18:57.854823+00:00
,,,BUY,,,,,,,,58.63,B,,-37.14,False,,,,65.0,91.0,,,failed_gate=DAILY_KILLSWITCH_MAX_LOSSES,,REFUSE,67.46,LONDON,,50.0,ORDER_FLOW_EXECUTION_AGENT,GOLD#,,,,2026-07-08 15:19:20.034948+00:00,2026-07-08 12:19:20.034948+00:00
,,,BUY,,,,,,,,58.75,B,,-37.14,False,,,,65.0,91.0,,,failed_gate=DAILY_KILLSWITCH_MAX_LOSSES,,REFUSE,67.49,LONDON,,50.0,ORDER_FLOW_EXECUTION_AGENT,GOLD#,,,,2026-07-08 15:19:42.284420+00:00,2026-07-08 12:19:42.284420+00:00
,,,BUY,,,,,,,,58.23,B,,-37.14,False,,,,65.0,91.0,,,failed_gate=DAILY_KILLSWITCH_MAX_LOSSES,,REFUSE,67.36,LONDON,,50.0,ORDER_FLOW_EXECUTION_AGENT,GOLD#,,,,2026-07-08 15:20:06.085891+00:00,2026-07-08 12:20:06.085891+00:00
,,,BUY,,SAIN,35.6,,,,,35.17,C,,-37.14,False,,,,55.0,91.0,,,failed_gate=DAILY_KILLSWITCH_MAX_LOSSES,,REFUSE,59.59,LONDON,,50.0,ORDER_FLOW_EXECUTION_AGENT,BTCUSD#,,,,2026-07-08 15:20:15.417978+00:00,2026-07-08 12:20:15.417978+00:00
,,,BUY,,SAIN,35.6,,,,,35.17,C,,-37.14,False,,,,55.0,91.0,,,failed_gate=DAILY_KILLSWITCH_MAX_LOSSES,,REFUSE,59.59,LONDON,,50.0,ORDER_FLOW_EXECUTION_AGENT,BTCUSD#,,,,2026-07-08 15:20:35.427776+00:00,2026-07-08 12:20:35.427776+00:00
,,,BUY,,SAIN,35.6,,,,,35.15,C,,-37.14,False,,,,55.0,91.0,,,failed_gate=DAILY_KILLSWITCH_MAX_LOSSES,,REFUSE,59.59,LONDON,,50.0,ORDER_FLOW_EXECUTION_AGENT,BTCUSD#,,,,2026-07-08 15:20:55.748120+00:00,2026-07-08 12:20:55.748120+00:00
,,,BUY,,,,,,,,47.96,C,,-37.14,False,,,,50.0,91.0,,,failed_gate=DAILY_KILLSWITCH_MAX_LOSSES,,REFUSE,61.79,LONDON,,50.0,ORDER_FLOW_EXECUTION_AGENT,GOLD#,,,,2026-07-08 15:25:23.009288+00:00,2026-07-08 12:25:23.009288+00:00
,,,BUY,,,,,,,,47.71,C,,-37.14,False,,,,50.0,91.0,,,failed_gate=DAILY_KILLSWITCH_MAX_LOSSES,,REFUSE,61.73,LONDON,,50.0,ORDER_FLOW_EXECUTION_AGENT,GOLD#,,,,2026-07-08 15:25:40.727042+00:00,2026-07-08 12:25:40.727042+00:00
,,,BUY,,,,,,,,47.71,C,,-37.14,False,,,,50.0,91.0,,,failed_gate=DAILY_KILLSWITCH_MAX_LOSSES,,REFUSE,61.73,LONDON,,50.0,ORDER_FLOW_EXECUTION_AGENT,GOLD#,,,,2026-07-08 15:26:02.234707+00:00,2026-07-08 12:26:02.234707+00:00
,,,BUY,,,,,,,,48.02,C,,-37.14,False,,,,50.0,91.0,,,failed_gate=DAILY_KILLSWITCH_MAX_LOSSES,,REFUSE,61.81,LONDON,,50.0,ORDER_FLOW_EXECUTION_AGENT,GOLD#,,,,2026-07-08 15:26:22.222788+00:00,2026-07-08 12:26:22.222788+00:00
,,,BUY,,,,,,,,47.64,C,,-37.14,False,,,,50.0,91.0,,,failed_gate=DAILY_KILLSWITCH_MAX_LOSSES,,REFUSE,61.71,LONDON,,50.0,ORDER_FLOW_EXECUTION_AGENT,GOLD#,,,,2026-07-08 15:26:39.352391+00:00,2026-07-08 12:26:39.352391+00:00
,,,BUY,,,,,,,,47.74,C,,-37.14,False,,,,50.0,91.0,,,failed_gate=DAILY_KILLSWITCH_MAX_LOSSES,,REFUSE,61.73,LONDON,,50.0,ORDER_FLOW_EXECUTION_AGENT,GOLD#,,,,2026-07-08 15:27:02.609323+00:00,2026-07-08 12:27:02.609323+00:00
,,,BUY,,,,,,,,37.4,C,,-37.14,False,,,,50.0,99.0,,,failed_gate=DAILY_KILLSWITCH_MAX_LOSSES,,REFUSE,61.55,LONDON,,50.0,ORDER_FLOW_EXECUTION_AGENT,GOLD#,,,,2026-07-08 15:27:25.762910+00:00,2026-07-08 12:27:25.762910+00:00
,,,BUY,,,,,,,,37.14,C,,-37.14,False,,,,50.0,99.0,,,failed_gate=DAILY_KILLSWITCH_MAX_LOSSES,,REFUSE,61.48,LONDON,,50.0,ORDER_FLOW_EXECUTION_AGENT,GOLD#,,,,2026-07-08 15:27:48.517231+00:00,2026-07-08 12:27:48.517231+00:00
,,,BUY,,,,,,,,37.4,C,,-37.14,False,,,,50.0,91.0,,,failed_gate=DAILY_KILLSWITCH_MAX_LOSSES,,REFUSE,59.15,LONDON,,50.0,ORDER_FLOW_EXECUTION_AGENT,GOLD#,,,,2026-07-08 15:28:12.657961+00:00,2026-07-08 12:28:12.657961+00:00
,,,BUY,,,,,,,,37.07,C,,-37.14,False,,,,50.0,99.0,,,failed_gate=DAILY_KILLSWITCH_MAX_LOSSES,,REFUSE,61.47,LONDON,,50.0,ORDER_FLOW_EXECUTION_AGENT,GOLD#,,,,2026-07-08 15:28:30.271293+00:00,2026-07-08 12:28:30.271293+00:00
,,,BUY,,SAIN,19.2,SAIN,17.7,,,44.3,B,,-37.14,False,,,,80.0,99.0,,,failed_gate=DAILY_KILLSWITCH_MAX_LOSSES,,REFUSE,69.28,LONDON,,50.0,ORDER_FLOW_EXECUTION_AGENT,BTCUSD#,,,,2026-07-08 15:28:40.013241+00:00,2026-07-08 12:28:40.013241+00:00
,,,BUY,,,,,,,,37.21,C,,-37.14,False,,,,50.0,99.0,,,failed_gate=DAILY_KILLSWITCH_MAX_LOSSES,,REFUSE,61.5,LONDON,,50.0,ORDER_FLOW_EXECUTION_AGENT,GOLD#,,,,2026-07-08 15:28:52.215526+00:00,2026-07-08 12:28:52.215526+00:00
,,,BUY,,SAIN,19.2,SAIN,17.7,,,44.33,B,,-37.14,False,,,,80.0,99.0,,,failed_gate=DAILY_KILLSWITCH_MAX_LOSSES,,REFUSE,69.28,LONDON,,50.0,ORDER_FLOW_EXECUTION_AGENT,BTCUSD#,,,,2026-07-08 15:29:01.406015+00:00,2026-07-08 12:29:01.406015+00:00
,,,BUY,,,,,,,,48.46,C,,-37.14,False,,,,50.0,91.0,,,failed_gate=DAILY_KILLSWITCH_MAX_LOSSES,,REFUSE,61.92,LONDON,,50.0,ORDER_FLOW_EXECUTION_AGENT,GOLD#,,,,2026-07-08 15:29:13.386011+00:00,2026-07-08 12:29:13.386011+00:00
,,,BUY,,SAIN,19.2,SAIN,17.7,,,44.71,B,,-37.14,False,,,,80.0,91.0,,,failed_gate=DAILY_KILLSWITCH_MAX_LOSSES,,REFUSE,66.98,LONDON,,50.0,ORDER_FLOW_EXECUTION_AGENT,BTCUSD#,,,,2026-07-08 15:29:22.225257+00:00,2026-07-08 12:29:22.225257+00:00
,,,BUY,,,,,,,,37.86,C,,-37.14,False,,,,50.0,91.0,,,failed_gate=DAILY_KILLSWITCH_MAX_LOSSES,,REFUSE,59.27,LONDON,,50.0,ORDER_FLOW_EXECUTION_AGENT,GOLD#,,,,2026-07-08 15:29:33.787645+00:00,2026-07-08 12:29:33.787645+00:00
,,,BUY,,SAIN,19.2,SAIN,17.7,,,44.34,B,,-37.14,False,,,,80.0,91.0,,,failed_gate=DAILY_KILLSWITCH_MAX_LOSSES,,REFUSE,66.89,LONDON,,50.0,ORDER_FLOW_EXECUTION_AGENT,BTCUSD#,,,,2026-07-08 15:29:43.925237+00:00,2026-07-08 12:29:43.925237+00:00
,,,BUY,,,,,,,,37.28,C,,-37.14,False,,,,50.0,91.0,,,failed_gate=DAILY_KILLSWITCH_MAX_LOSSES,,REFUSE,59.12,LONDON,,50.0,ORDER_FLOW_EXECUTION_AGENT,GOLD#,,,,2026-07-08 15:29:56.455391+00:00,2026-07-08 12:29:56.455391+00:00
,,,BUY,,SAIN,19.2,SAIN,17.7,,,44.51,B,,-37.14,False,,,,80.0,99.0,,,failed_gate=DAILY_KILLSWITCH_MAX_LOSSES,,REFUSE,69.33,LONDON,,50.0,ORDER_FLOW_EXECUTION_AGENT,BTCUSD#,,,,2026-07-08 15:30:08.494393+00:00,2026-07-08 12:30:08.494393+00:00
,,,BUY,,,,,,,,62.96,B,,-37.14,False,,,,55.0,99.0,,,failed_gate=DAILY_KILLSWITCH_MAX_LOSSES,,REFUSE,68.94,LONDON,,50.0,ORDER_FLOW_EXECUTION_AGENT,GOLD#,,,,2026-07-08 15:30:20.657338+00:00,2026-07-08 12:30:20.657338+00:00
,,,BUY,,SAIN,25.7,SAIN,7.7,,,44.13,C,,-37.14,False,,,,50.0,91.0,,,failed_gate=DAILY_KILLSWITCH_MAX_LOSSES,,REFUSE,60.83,LONDON,,50.0,ORDER_FLOW_EXECUTION_AGENT,BTCUSD#,,,,2026-07-08 15:30:30.881590+00:00,2026-07-08 12:30:30.881590+00:00
,,,SELL,,,,SAIN,7.7,,,46.55,C,,-37.14,False,,,,50.0,91.0,,,failed_gate=DAILY_KILLSWITCH_MAX_LOSSES,,REFUSE,61.44,LONDON,,50.0,ORDER_FLOW_EXECUTION_AGENT,BTCUSD#,,,,2026-07-08 15:30:54.021283+00:00,2026-07-08 12:30:54.021283+00:00
,,,BUY,,,,,,,,40.74,C,,-37.14,False,,,,55.0,91.0,,,failed_gate=DAILY_KILLSWITCH_MAX_LOSSES,,REFUSE,60.98,LONDON,,50.0,ORDER_FLOW_EXECUTION_AGENT,GOLD#,,,,2026-07-08 15:31:05.205724+00:00,2026-07-08 12:31:05.205724+00:00
,,,SELL,,,,SAIN,7.7,,,46.54,C,,-37.14,False,,,,50.0,91.0,,,failed_gate=DAILY_KILLSWITCH_MAX_LOSSES,,REFUSE,61.44,LONDON,,50.0,ORDER_FLOW_EXECUTION_AGENT,BTCUSD#,,,,2026-07-08 15:31:14.245837+00:00,2026-07-08 12:31:14.245837+00:00
,,,SELL,,,,SAIN,7.7,,,47.06,C,,-37.14,False,,,,50.0,99.0,,,failed_gate=DAILY_KILLSWITCH_MAX_LOSSES,,REFUSE,63.97,LONDON,,50.0,ORDER_FLOW_EXECUTION_AGENT,BTCUSD#,,,,2026-07-08 15:31:33.087572+00:00,2026-07-08 12:31:33.087572+00:00
,,,SELL,,,,SAIN,7.7,,,46.68,C,,-37.14,False,,,,50.0,91.0,,,failed_gate=DAILY_KILLSWITCH_MAX_LOSSES,,REFUSE,61.47,LONDON,,50.0,ORDER_FLOW_EXECUTION_AGENT,BTCUSD#,,,,2026-07-08 15:31:46.506962+00:00,2026-07-08 12:31:46.506962+00:00
,,,BUY,,,,,,,,40.45,C,,-37.14,False,,,,55.0,91.0,,,failed_gate=DAILY_KILLSWITCH_MAX_LOSSES,,REFUSE,60.91,LONDON,,50.0,ORDER_FLOW_EXECUTION_AGENT,GOLD#,,,,2026-07-08 15:31:58.577744+00:00,2026-07-08 12:31:58.577744+00:00
,,,SELL,,,,SAIN,7.7,,,46.18,C,,-37.14,False,,,,50.0,91.0,,,failed_gate=DAILY_KILLSWITCH_MAX_LOSSES,,REFUSE,61.34,LONDON,,50.0,ORDER_FLOW_EXECUTION_AGENT,BTCUSD#,,,,2026-07-08 15:32:08.319024+00:00,2026-07-08 12:32:08.319024+00:00
,,,SELL,,,,SAIN,7.7,,,46.82,C,,-37.14,False,,,,50.0,91.0,,,failed_gate=DAILY_KILLSWITCH_MAX_LOSSES,,REFUSE,61.5,LONDON,,50.0,ORDER_FLOW_EXECUTION_AGENT,BTCUSD#,,,,2026-07-08 15:32:31.773809+00:00,2026-07-08 12:32:31.773809+00:00
,,,SELL,,,,SAIN,7.7,,,48.13,C,,-37.14,False,,,,50.0,99.0,,,failed_gate=DAILY_KILLSWITCH_MAX_LOSSES,,REFUSE,64.23,LONDON,,50.0,ORDER_FLOW_EXECUTION_AGENT,BTCUSD#,,,,2026-07-08 15:32:56.047237+00:00,2026-07-08 12:32:56.047237+00:00
,,,SELL,,,,SAIN,7.7,,,48.37,C,,-37.14,False,,,,50.0,91.0,,,failed_gate=DAILY_KILLSWITCH_MAX_LOSSES,,REFUSE,61.89,LONDON,,50.0,ORDER_FLOW_EXECUTION_AGENT,BTCUSD#,,,,2026-07-08 15:33:19.877903+00:00,2026-07-08 12:33:19.877903+00:00
,,,SELL,,,,SAIN,7.7,,,48.68,C,,-37.14,False,,,,50.0,99.0,,,failed_gate=DAILY_KILLSWITCH_MAX_LOSSES,,REFUSE,64.37,LONDON,,50.0,ORDER_FLOW_EXECUTION_AGENT,BTCUSD#,,,,2026-07-08 15:33:43.602555+00:00,2026-07-08 12:33:43.602555+00:00
,,,SELL,,,,SAIN,7.7,,,50.21,C,,-37.14,False,,,,50.0,99.0,,,failed_gate=DAILY_KILLSWITCH_MAX_LOSSES,,REFUSE,64.75,LONDON,,50.0,ORDER_FLOW_EXECUTION_AGENT,BTCUSD#,,,,2026-07-08 15:34:07.185808+00:00,2026-07-08 12:34:07.185808+00:00
,,,SELL,,,,SAIN,7.7,,,50.39,C,,-37.14,False,,,,50.0,91.0,,,failed_gate=DAILY_KILLSWITCH_MAX_LOSSES,,REFUSE,62.4,LONDON,,50.0,ORDER_FLOW_EXECUTION_AGENT,BTCUSD#,,,,2026-07-08 15:34:29.896204+00:00,2026-07-08 12:34:29.896204+00:00
,,,SELL,,,,SAIN,7.7,,,50.46,C,,-37.14,False,,,,50.0,91.0,,,failed_gate=DAILY_KILLSWITCH_MAX_LOSSES,,REFUSE,62.42,LONDON,,50.0,ORDER_FLOW_EXECUTION_AGENT,BTCUSD#,,,,2026-07-08 15:34:52.616936+00:00,2026-07-08 12:34:52.616936+00:00
,,,BUY,,,,,,,,64.31,B,,-37.14,False,,,,55.0,99.0,,,failed_gate=DAILY_KILLSWITCH_MAX_LOSSES,,REFUSE,69.28,LONDON,,50.0,ORDER_FLOW_EXECUTION_AGENT,GOLD#,,,,2026-07-08 15:35:06.042765+00:00,2026-07-08 12:35:06.042765+00:00
,,,SELL,,,,,,,,42.63,C,,-37.14,False,,,,50.0,100.0,,,failed_gate=DAILY_KILLSWITCH_MAX_LOSSES,,REFUSE,63.16,LONDON,,50.0,ORDER_FLOW_EXECUTION_AGENT,BTCUSD#,,,,2026-07-08 15:35:17.794012+00:00,2026-07-08 12:35:17.794012+00:00
,,,SELL,,,,,,,,43.53,C,,-37.14,False,,,,50.0,100.0,,,failed_gate=DAILY_KILLSWITCH_MAX_LOSSES,,REFUSE,63.38,LONDON,,50.0,ORDER_FLOW_EXECUTION_AGENT,BTCUSD#,,,,2026-07-08 15:35:39.560918+00:00,2026-07-08 12:35:39.560918+00:00
,,,SELL,,,,,,,,44.51,C,,-37.14,False,,,,50.0,100.0,,,failed_gate=DAILY_KILLSWITCH_MAX_LOSSES,,REFUSE,63.63,LONDON,,50.0,ORDER_FLOW_EXECUTION_AGENT,BTCUSD#,,,,2026-07-08 15:36:03.006614+00:00,2026-07-08 12:36:03.006614+00:00
,,,SELL,,,,,,,,44.67,C,,-37.14,False,,,,50.0,100.0,,,failed_gate=DAILY_KILLSWITCH_MAX_LOSSES,,REFUSE,63.67,LONDON,,50.0,ORDER_FLOW_EXECUTION_AGENT,BTCUSD#,,,,2026-07-08 15:36:25.553468+00:00,2026-07-08 12:36:25.553468+00:00
,,,SELL,,,,,,,,44.13,C,,-37.14,False,,,,50.0,100.0,,,failed_gate=DAILY_KILLSWITCH_MAX_LOSSES,,REFUSE,63.53,LONDON,,50.0,ORDER_FLOW_EXECUTION_AGENT,BTCUSD#,,,,2026-07-08 15:36:47.302828+00:00,2026-07-08 12:36:47.302828+00:00
,,,SELL,,,,,,,,44.67,C,,-37.14,False,,,,50.0,100.0,,,failed_gate=DAILY_KILLSWITCH_MAX_LOSSES,,REFUSE,63.67,LONDON,,50.0,ORDER_FLOW_EXECUTION_AGENT,BTCUSD#,,,,2026-07-08 15:37:10.037788+00:00,2026-07-08 12:37:10.037788+00:00
,,,SELL,,,,,,,,44.64,C,,-37.14,False,,,,50.0,100.0,,,failed_gate=DAILY_KILLSWITCH_MAX_LOSSES,,REFUSE,63.66,LONDON,,50.0,ORDER_FLOW_EXECUTION_AGENT,BTCUSD#,,,,2026-07-08 15:37:31.859204+00:00,2026-07-08 12:37:31.859204+00:00
,,,SELL,,,,,,,,44.44,C,,-37.14,False,,,,50.0,100.0,,,failed_gate=DAILY_KILLSWITCH_MAX_LOSSES,,REFUSE,63.61,LONDON,,50.0,ORDER_FLOW_EXECUTION_AGENT,BTCUSD#,,,,2026-07-08 15:37:53.895634+00:00,2026-07-08 12:37:53.895634+00:00
,,,SELL,,,,,,,,44.63,C,,-37.14,False,,,,50.0,100.0,,,failed_gate=DAILY_KILLSWITCH_MAX_LOSSES,,REFUSE,63.66,LONDON,,50.0,ORDER_FLOW_EXECUTION_AGENT,BTCUSD#,,,,2026-07-08 15:38:16.631385+00:00,2026-07-08 12:38:16.631385+00:00
,,,SELL,,,,,,,,44.23,C,,-37.14,False,,,,50.0,100.0,,,failed_gate=DAILY_KILLSWITCH_MAX_LOSSES,,REFUSE,63.56,LONDON,,50.0,ORDER_FLOW_EXECUTION_AGENT,BTCUSD#,,,,2026-07-08 15:38:37.670049+00:00,2026-07-08 12:38:37.670049+00:00
,,,SELL,,,,,,,,43.95,C,,-37.14,False,,,,50.0,100.0,,,failed_gate=DAILY_KILLSWITCH_MAX_LOSSES,,REFUSE,63.49,LONDON,,50.0,ORDER_FLOW_EXECUTION_AGENT,BTCUSD#,,,,2026-07-08 15:39:00.514348+00:00,2026-07-08 12:39:00.514348+00:00
,,,SELL,,,,,,,,43.7,C,,-37.14,False,,,,50.0,100.0,,,failed_gate=DAILY_KILLSWITCH_MAX_LOSSES,,REFUSE,63.42,LONDON,,50.0,ORDER_FLOW_EXECUTION_AGENT,BTCUSD#,,,,2026-07-08 15:39:22.876702+00:00,2026-07-08 12:39:22.876702+00:00
,,,SELL,,,,,,,,43.58,C,,-37.14,False,,,,50.0,100.0,,,failed_gate=DAILY_KILLSWITCH_MAX_LOSSES,,REFUSE,63.39,LONDON,,50.0,ORDER_FLOW_EXECUTION_AGENT,BTCUSD#,,,,2026-07-08 15:39:44.257042+00:00,2026-07-08 12:39:44.257042+00:00
,,,BUY,,,,,,,,50.32,B,,-37.14,False,,,,55.0,99.0,,,failed_gate=DAILY_KILLSWITCH_MAX_LOSSES,,REFUSE,65.78,LONDON,,50.0,ORDER_FLOW_EXECUTION_AGENT,GOLD#,,,,2026-07-08 15:39:57.141072+00:00,2026-07-08 12:39:57.141072+00:00
,,,SELL,,,,,,,,43.44,C,,-37.14,False,,,,50.0,100.0,,,failed_gate=DAILY_KILLSWITCH_MAX_LOSSES,,REFUSE,63.36,LONDON,,50.0,ORDER_FLOW_EXECUTION_AGENT,BTCUSD#,,,,2026-07-08 15:40:10.988004+00:00,2026-07-08 12:40:10.988004+00:00
,,,BUY,,PRUDENCE,40.0,,,,,47.72,B,,-37.14,False,,,,55.0,99.0,,,failed_gate=DAILY_KILLSWITCH_MAX_LOSSES,,REFUSE,65.13,LONDON,,50.0,ORDER_FLOW_EXECUTION_AGENT,GOLD#,,,,2026-07-08 15:40:23.242498+00:00,2026-07-08 12:40:23.242498+00:00
,,,SELL,,,,SAIN,33.8,,,43.27,C,,-37.14,False,,,,50.0,91.0,,,failed_gate=DAILY_KILLSWITCH_MAX_LOSSES,,REFUSE,60.62,LONDON,,50.0,ORDER_FLOW_EXECUTION_AGENT,BTCUSD#,,,,2026-07-08 15:40:36.021907+00:00,2026-07-08 12:40:36.021907+00:00
,,,BUY,,PRUDENCE,40.0,,,,,48.32,B,,-37.14,False,,,,55.0,99.0,,,failed_gate=DAILY_KILLSWITCH_MAX_LOSSES,,REFUSE,65.28,LONDON,,50.0,ORDER_FLOW_EXECUTION_AGENT,GOLD#,,,,2026-07-08 15:40:47.845372+00:00,2026-07-08 12:40:47.845372+00:00
,,,SELL,,,,SAIN,33.8,,,44.26,C,,-37.14,False,,,,50.0,91.0,,,failed_gate=DAILY_KILLSWITCH_MAX_LOSSES,,REFUSE,60.86,LONDON,,50.0,ORDER_FLOW_EXECUTION_AGENT,BTCUSD#,,,,2026-07-08 15:41:00.771323+00:00,2026-07-08 12:41:00.771323+00:00
,,,SELL,,,,SAIN,5.0,,,47.08,C,,-37.14,False,,,,55.0,86.0,,,failed_gate=DAILY_KILLSWITCH_MAX_LOSSES,,REFUSE,61.07,LONDON,,50.0,ORDER_FLOW_EXECUTION_AGENT,GOLD#,,,,2026-07-08 15:41:12.630677+00:00,2026-07-08 12:41:12.630677+00:00
,,,SELL,,,,SAIN,33.8,,,45.07,C,,-37.14,False,,,,50.0,99.0,,,failed_gate=DAILY_KILLSWITCH_MAX_LOSSES,,REFUSE,63.47,LONDON,,50.0,ORDER_FLOW_EXECUTION_AGENT,BTCUSD#,,,,2026-07-08 15:41:25.476752+00:00,2026-07-08 12:41:25.476752+00:00
,,,BUY,,PRUDENCE,40.0,,,,,47.66,C,,-37.14,False,,,,55.0,91.0,,,failed_gate=DAILY_KILLSWITCH_MAX_LOSSES,,REFUSE,62.72,LONDON,,50.0,ORDER_FLOW_EXECUTION_AGENT,GOLD#,,,,2026-07-08 15:41:38.082276+00:00,2026-07-08 12:41:38.082276+00:00
,,,SELL,,,,SAIN,33.8,,,45.3,C,,-37.14,False,,,,50.0,99.0,,,failed_gate=DAILY_KILLSWITCH_MAX_LOSSES,,REFUSE,63.53,LONDON,,50.0,ORDER_FLOW_EXECUTION_AGENT,BTCUSD#,,,,2026-07-08 15:41:50.431997+00:00,2026-07-08 12:41:50.431997+00:00
,,,SELL,,,,SAIN,5.0,,,62.5,C,,-37.14,False,,,,55.0,86.0,,,failed_gate=DAILY_KILLSWITCH_MAX_LOSSES,,REFUSE,64.92,LONDON,,50.0,ORDER_FLOW_EXECUTION_AGENT,GOLD#,,,,2026-07-08 15:42:04.274410+00:00,2026-07-08 12:42:04.274410+00:00
,,,SELL,,,,SAIN,33.8,,,45.23,C,,-37.14,False,,,,50.0,91.0,,,failed_gate=DAILY_KILLSWITCH_MAX_LOSSES,,REFUSE,61.11,LONDON,,50.0,ORDER_FLOW_EXECUTION_AGENT,BTCUSD#,,,,2026-07-08 15:42:15.752459+00:00,2026-07-08 12:42:15.752459+00:00
,,,BUY,,PRUDENCE,40.0,,,,,49.84,B,,-37.14,False,,,,55.0,99.0,,,failed_gate=DAILY_KILLSWITCH_MAX_LOSSES,,REFUSE,65.66,LONDON,,50.0,ORDER_FLOW_EXECUTION_AGENT,GOLD#,,,,2026-07-08 15:42:28.308812+00:00,2026-07-08 12:42:28.308812+00:00
,,,SELL,,,,SAIN,33.8,,,45.07,C,,-37.14,False,,,,50.0,91.0,,,failed_gate=DAILY_KILLSWITCH_MAX_LOSSES,,REFUSE,61.07,LONDON,,50.0,ORDER_FLOW_EXECUTION_AGENT,BTCUSD#,,,,2026-07-08 15:42:40.985602+00:00,2026-07-08 12:42:40.985602+00:00
,,,BUY,,PRUDENCE,40.0,,,,,50.49,B,,-37.14,False,,,,55.0,99.0,,,failed_gate=DAILY_KILLSWITCH_MAX_LOSSES,,REFUSE,65.82,LONDON,,50.0,ORDER_FLOW_EXECUTION_AGENT,GOLD#,,,,2026-07-08 15:42:53.126397+00:00,2026-07-08 12:42:53.126397+00:00
,,,SELL,,,,SAIN,33.8,,,45.32,C,,-37.14,False,,,,50.0,91.0,,,failed_gate=DAILY_KILLSWITCH_MAX_LOSSES,,REFUSE,61.13,LONDON,,50.0,ORDER_FLOW_EXECUTION_AGENT,BTCUSD#,,,,2026-07-08 15:43:06.132600+00:00,2026-07-08 12:43:06.132600+00:00
,,,BUY,,PRUDENCE,40.0,,,,,51.65,B,,-37.14,False,,,,55.0,99.0,,,failed_gate=DAILY_KILLSWITCH_MAX_LOSSES,,REFUSE,66.11,LONDON,,50.0,ORDER_FLOW_EXECUTION_AGENT,GOLD#,,,,2026-07-08 15:43:18.315554+00:00,2026-07-08 12:43:18.315554+00:00
,,,SELL,,,,SAIN,33.8,,,45.54,C,,-37.14,False,,,,50.0,91.0,,,failed_gate=DAILY_KILLSWITCH_MAX_LOSSES,,REFUSE,61.19,LONDON,,50.0,ORDER_FLOW_EXECUTION_AGENT,BTCUSD#,,,,2026-07-08 15:43:28.491464+00:00,2026-07-08 12:43:28.491464+00:00
,,,BUY,,PRUDENCE,40.0,,,,,52.08,B,,-37.14,False,,,,55.0,99.0,,,failed_gate=DAILY_KILLSWITCH_MAX_LOSSES,,REFUSE,66.22,LONDON,,50.0,ORDER_FLOW_EXECUTION_AGENT,GOLD#,,,,2026-07-08 15:43:41.541200+00:00,2026-07-08 12:43:41.541200+00:00
,,,SELL,,,,SAIN,33.8,,,45.87,C,,-37.14,False,,,,50.0,99.0,,,failed_gate=DAILY_KILLSWITCH_MAX_LOSSES,,REFUSE,63.67,LONDON,,50.0,ORDER_FLOW_EXECUTION_AGENT,BTCUSD#,,,,2026-07-08 15:43:53.130006+00:00,2026-07-08 12:43:53.130006+00:00
,,,BUY,,PRUDENCE,40.0,,,,,52.35,B,,-37.14,False,,,,55.0,99.0,,,failed_gate=DAILY_KILLSWITCH_MAX_LOSSES,,REFUSE,66.29,LONDON,,50.0,ORDER_FLOW_EXECUTION_AGENT,GOLD#,,,,2026-07-08 15:44:05.415947+00:00,2026-07-08 12:44:05.415947+00:00
,,,SELL,,,,SAIN,33.8,,,45.72,C,,-37.14,False,,,,50.0,91.0,,,failed_gate=DAILY_KILLSWITCH_MAX_LOSSES,,REFUSE,61.23,LONDON,,50.0,ORDER_FLOW_EXECUTION_AGENT,BTCUSD#,,,,2026-07-08 15:44:14.757858+00:00,2026-07-08 12:44:14.757858+00:00
,,,BUY,,PRUDENCE,40.0,,,,,51.7,C,,-37.14,False,,,,55.0,91.0,,,failed_gate=DAILY_KILLSWITCH_MAX_LOSSES,,REFUSE,63.72,LONDON,,50.0,ORDER_FLOW_EXECUTION_AGENT,GOLD#,,,,2026-07-08 15:44:27.141939+00:00,2026-07-08 12:44:27.141939+00:00
,,,SELL,,,,SAIN,33.8,,,45.87,C,,-37.14,False,,,,50.0,91.0,,,failed_gate=DAILY_KILLSWITCH_MAX_LOSSES,,REFUSE,61.27,LONDON,,50.0,ORDER_FLOW_EXECUTION_AGENT,BTCUSD#,,,,2026-07-08 15:44:39.827245+00:00,2026-07-08 12:44:39.827245+00:00
,,,BUY,,PRUDENCE,40.0,,,,,52.21,C,,-37.14,False,,,,55.0,91.0,,,failed_gate=DAILY_KILLSWITCH_MAX_LOSSES,,REFUSE,63.85,LONDON,,50.0,ORDER_FLOW_EXECUTION_AGENT,GOLD#,,,,2026-07-08 15:44:52.242605+00:00,2026-07-08 12:44:52.242605+00:00
,,,SELL,,,,SAIN,33.8,,,45.97,C,,-37.14,False,,,,50.0,91.0,,,failed_gate=DAILY_KILLSWITCH_MAX_LOSSES,,REFUSE,61.29,LONDON,,50.0,ORDER_FLOW_EXECUTION_AGENT,BTCUSD#,,,,2026-07-08 15:45:03.757414+00:00,2026-07-08 12:45:03.757414+00:00
,,,SELL,,SAIN,0.0,,,,,34.44,C,,-37.14,False,,,,50.0,91.0,,,failed_gate=DAILY_KILLSWITCH_MAX_LOSSES,,REFUSE,58.41,LONDON,,50.0,ORDER_FLOW_EXECUTION_AGENT,BTCUSD#,,,,2026-07-08 15:45:30.753190+00:00,2026-07-08 12:45:30.753190+00:00
,,,BUY,,,,,,,,60.0,B,,-37.14,False,,,,50.0,100.0,,,failed_gate=DAILY_KILLSWITCH_MAX_LOSSES,,REFUSE,67.5,LONDON,,50.0,ORDER_FLOW_EXECUTION_AGENT,GOLD#,,,,2026-07-08 15:45:45.802478+00:00,2026-07-08 12:45:45.802478+00:00
,,,SELL,,SAIN,0.0,,,,,35.75,C,,-37.14,False,,,,50.0,99.0,,,failed_gate=DAILY_KILLSWITCH_MAX_LOSSES,,REFUSE,61.14,LONDON,,50.0,ORDER_FLOW_EXECUTION_AGENT,BTCUSD#,,,,2026-07-08 15:46:01.122349+00:00,2026-07-08 12:46:01.122349+00:00
,,,BUY,,,,,,,,59.66,B,,-37.14,False,,,,50.0,100.0,,,failed_gate=DAILY_KILLSWITCH_MAX_LOSSES,,REFUSE,67.41,LONDON,,50.0,ORDER_FLOW_EXECUTION_AGENT,GOLD#,,,,2026-07-08 15:46:16.367980+00:00,2026-07-08 12:46:16.367980+00:00
,,,SELL,,SAIN,0.0,,,,,35.24,C,,-37.14,False,,,,50.0,91.0,,,failed_gate=DAILY_KILLSWITCH_MAX_LOSSES,,REFUSE,58.61,LONDON,,50.0,ORDER_FLOW_EXECUTION_AGENT,BTCUSD#,,,,2026-07-08 15:46:29.589760+00:00,2026-07-08 12:46:29.589760+00:00
,,,BUY,,,,,,,,62.95,B,,-37.14,False,,,,50.0,100.0,,,failed_gate=DAILY_KILLSWITCH_MAX_LOSSES,,REFUSE,68.24,LONDON,,50.0,ORDER_FLOW_EXECUTION_AGENT,GOLD#,,,,2026-07-08 15:46:45.097855+00:00,2026-07-08 12:46:45.097855+00:00
,,,SELL,,SAIN,0.0,,,,,35.94,C,,-37.14,False,,,,50.0,91.0,,,failed_gate=DAILY_KILLSWITCH_MAX_LOSSES,,REFUSE,58.78,LONDON,,50.0,ORDER_FLOW_EXECUTION_AGENT,BTCUSD#,,,,2026-07-08 15:46:58.045805+00:00,2026-07-08 12:46:58.045805+00:00
,,,BUY,,,,,,,,64.04,B,,-37.14,False,,,,50.0,100.0,,,failed_gate=DAILY_KILLSWITCH_MAX_LOSSES,,REFUSE,68.51,LONDON,,50.0,ORDER_FLOW_EXECUTION_AGENT,GOLD#,,,,2026-07-08 15:47:13.582118+00:00,2026-07-08 12:47:13.582118+00:00
,,,SELL,,SAIN,0.0,,,,,36.12,C,,-37.14,False,,,,50.0,99.0,,,failed_gate=DAILY_KILLSWITCH_MAX_LOSSES,,REFUSE,61.23,LONDON,,50.0,ORDER_FLOW_EXECUTION_AGENT,BTCUSD#,,,,2026-07-08 15:47:28.112089+00:00,2026-07-08 12:47:28.112089+00:00
,,,BUY,,,,,,,,62.59,B,,-37.14,False,,,,50.0,100.0,,,failed_gate=DAILY_KILLSWITCH_MAX_LOSSES,,REFUSE,68.15,LONDON,,50.0,ORDER_FLOW_EXECUTION_AGENT,GOLD#,,,,2026-07-08 15:47:43.475669+00:00,2026-07-08 12:47:43.475669+00:00
,,,SELL,,SAIN,0.0,,,,,35.39,C,,-37.14,False,,,,50.0,91.0,,,failed_gate=DAILY_KILLSWITCH_MAX_LOSSES,,REFUSE,58.65,LONDON,,50.0,ORDER_FLOW_EXECUTION_AGENT,BTCUSD#,,,,2026-07-08 15:47:54.944191+00:00,2026-07-08 12:47:54.944191+00:00
,,,BUY,,,,,,,,63.39,B,,-37.14,False,,,,50.0,100.0,,,failed_gate=DAILY_KILLSWITCH_MAX_LOSSES,,REFUSE,68.35,LONDON,,50.0,ORDER_FLOW_EXECUTION_AGENT,GOLD#,,,,2026-07-08 15:48:11.651605+00:00,2026-07-08 12:48:11.651605+00:00
,,,BUY,,,,,,,,62.86,B,,-37.14,False,,,,50.0,100.0,,,failed_gate=DAILY_KILLSWITCH_MAX_LOSSES,,REFUSE,68.22,LONDON,,50.0,ORDER_FLOW_EXECUTION_AGENT,GOLD#,,,,2026-07-08 15:48:39.178846+00:00,2026-07-08 12:48:39.178846+00:00
,,,BUY,,,,,,,,62.57,B,,-37.14,False,,,,50.0,100.0,,,failed_gate=DAILY_KILLSWITCH_MAX_LOSSES,,REFUSE,68.14,LONDON,,50.0,ORDER_FLOW_EXECUTION_AGENT,GOLD#,,,,2026-07-08 15:49:04.816556+00:00,2026-07-08 12:49:04.816556+00:00
,,,SELL,,SAIN,0.0,,,,,35.39,C,,-37.14,False,,,,50.0,91.0,,,failed_gate=DAILY_KILLSWITCH_MAX_LOSSES,,REFUSE,58.65,LONDON,,50.0,ORDER_FLOW_EXECUTION_AGENT,BTCUSD#,,,,2026-07-08 15:49:18.203867+00:00,2026-07-08 12:49:18.203867+00:00
,,,BUY,,,,,,,,62.8,B,,-37.14,False,,,,50.0,100.0,,,failed_gate=DAILY_KILLSWITCH_MAX_LOSSES,,REFUSE,68.2,LONDON,,50.0,ORDER_FLOW_EXECUTION_AGENT,GOLD#,,,,2026-07-08 15:49:32.237539+00:00,2026-07-08 12:49:32.237539+00:00
,,,SELL,,SAIN,0.0,,,,,36.51,C,,-37.14,False,,,,50.0,99.0,,,failed_gate=DAILY_KILLSWITCH_MAX_LOSSES,,REFUSE,61.33,LONDON,,50.0,ORDER_FLOW_EXECUTION_AGENT,BTCUSD#,,,,2026-07-08 15:49:48.856147+00:00,2026-07-08 12:49:48.856147+00:00
,,,BUY,,,,,,,,63.46,B,,-37.14,False,,,,50.0,100.0,,,failed_gate=DAILY_KILLSWITCH_MAX_LOSSES,,REFUSE,68.37,LONDON,,50.0,ORDER_FLOW_EXECUTION_AGENT,GOLD#,,,,2026-07-08 15:50:04.240638+00:00,2026-07-08 12:50:04.240638+00:00
,,,BUY,,,,,,,,53.04,B,,-37.14,False,,,,50.0,100.0,,,failed_gate=DAILY_KILLSWITCH_MAX_LOSSES,,REFUSE,65.76,LONDON,,50.0,ORDER_FLOW_EXECUTION_AGENT,GOLD#,,,,2026-07-08 15:50:36.103721+00:00,2026-07-08 12:50:36.103721+00:00
,,,BUY,,,,,,,,64.24,B,,-37.14,False,,,,50.0,100.0,,,failed_gate=DAILY_KILLSWITCH_MAX_LOSSES,,REFUSE,68.56,LONDON,,50.0,ORDER_FLOW_EXECUTION_AGENT,GOLD#,,,,2026-07-08 15:51:00.809099+00:00,2026-07-08 12:51:00.809099+00:00
,,,BUY,,,,,,,,64.72,B,,-37.14,False,,,,50.0,100.0,,,failed_gate=DAILY_KILLSWITCH_MAX_LOSSES,,REFUSE,68.68,LONDON,,50.0,ORDER_FLOW_EXECUTION_AGENT,GOLD#,,,,2026-07-08 15:51:31.696206+00:00,2026-07-08 12:51:31.696206+00:00
,,,BUY,,,,,,,,65.41,B,,-37.14,False,,,,50.0,100.0,,,failed_gate=DAILY_KILLSWITCH_MAX_LOSSES,,REFUSE,68.85,LONDON,,50.0,ORDER_FLOW_EXECUTION_AGENT,GOLD#,,,,2026-07-08 15:52:36.758976+00:00,2026-07-08 12:52:36.758976+00:00
,,,BUY,,,,,,,,64.79,B,,-37.14,False,,,,50.0,100.0,,,failed_gate=DAILY_KILLSWITCH_MAX_LOSSES,,REFUSE,68.7,LONDON,,50.0,ORDER_FLOW_EXECUTION_AGENT,GOLD#,,,,2026-07-08 15:53:05.729672+00:00,2026-07-08 12:53:05.729672+00:00
,,,BUY,,,,,,,,64.74,B,,-37.14,False,,,,50.0,100.0,,,failed_gate=DAILY_KILLSWITCH_MAX_LOSSES,,REFUSE,68.69,LONDON,,50.0,ORDER_FLOW_EXECUTION_AGENT,GOLD#,,,,2026-07-08 15:53:36.139635+00:00,2026-07-08 12:53:36.139635+00:00
,,,BUY,,,,,,,,53.69,B,,-37.14,False,,,,50.0,100.0,,,failed_gate=DAILY_KILLSWITCH_MAX_LOSSES,,REFUSE,65.92,LONDON,,50.0,ORDER_FLOW_EXECUTION_AGENT,GOLD#,,,,2026-07-08 15:54:28.032364+00:00,2026-07-08 12:54:28.032364+00:00
,,,BUY,,,,,,,,64.5,B,,-37.14,False,,,,50.0,100.0,,,failed_gate=DAILY_KILLSWITCH_MAX_LOSSES,,REFUSE,68.62,LONDON,,50.0,ORDER_FLOW_EXECUTION_AGENT,GOLD#,,,,2026-07-08 15:55:08.914891+00:00,2026-07-08 12:55:08.914891+00:00
,,,BUY,,,,,,,,50.02,C,,-37.14,False,,,,50.0,91.0,,,failed_gate=DAILY_KILLSWITCH_MAX_LOSSES,,REFUSE,62.31,LONDON,,50.0,ORDER_FLOW_EXECUTION_AGENT,GOLD#,,,,2026-07-08 15:55:53.261943+00:00,2026-07-08 12:55:53.261943+00:00
,,,BUY,,,,,,,,49.48,C,,-37.14,False,,,,50.0,91.0,,,failed_gate=DAILY_KILLSWITCH_MAX_LOSSES,,REFUSE,62.17,LONDON,,50.0,ORDER_FLOW_EXECUTION_AGENT,GOLD#,,,,2026-07-08 15:56:19.462677+00:00,2026-07-08 12:56:19.462677+00:00
,,,SELL,,SAIN,5.0,SAIN,30.7,,,35.78,C,,-37.14,False,,,,50.0,91.0,,,failed_gate=DAILY_KILLSWITCH_MAX_LOSSES,,REFUSE,58.75,LONDON,,50.0,ORDER_FLOW_EXECUTION_AGENT,BTCUSD#,,,,2026-07-08 15:56:34.142656+00:00,2026-07-08 12:56:34.142656+00:00
,,,SELL,,SAIN,5.0,SAIN,30.7,,,38.96,C,,-37.14,False,,,,50.0,99.0,,,failed_gate=DAILY_KILLSWITCH_MAX_LOSSES,,REFUSE,61.94,LONDON,,50.0,ORDER_FLOW_EXECUTION_AGENT,BTCUSD#,,,,2026-07-08 15:56:58.594094+00:00,2026-07-08 12:56:58.594094+00:00
,,,SELL,,SAIN,5.0,SAIN,30.7,,,50.77,C,,-37.14,False,,,,50.0,99.0,,,failed_gate=DAILY_KILLSWITCH_MAX_LOSSES,,REFUSE,64.89,LONDON,,50.0,ORDER_FLOW_EXECUTION_AGENT,BTCUSD#,,,,2026-07-08 15:57:24.400936+00:00,2026-07-08 12:57:24.400936+00:00
,,,SELL,,SAIN,5.0,SAIN,30.7,,,51.43,B,,-37.14,False,,,,50.0,99.0,,,failed_gate=DAILY_KILLSWITCH_MAX_LOSSES,,REFUSE,65.06,LONDON,,50.0,ORDER_FLOW_EXECUTION_AGENT,BTCUSD#,,,,2026-07-08 15:57:50.329200+00:00,2026-07-08 12:57:50.329200+00:00
,,,SELL,,SAIN,5.0,SAIN,30.7,,,51.29,B,,-37.14,False,,,,50.0,99.0,,,failed_gate=DAILY_KILLSWITCH_MAX_LOSSES,,REFUSE,65.02,LONDON,,50.0,ORDER_FLOW_EXECUTION_AGENT,BTCUSD#,,,,2026-07-08 15:58:16.869391+00:00,2026-07-08 12:58:16.869391+00:00
,,,SELL,,SAIN,5.0,SAIN,30.7,,,53.32,B,,-37.14,False,,,,50.0,99.0,,,failed_gate=DAILY_KILLSWITCH_MAX_LOSSES,,REFUSE,65.53,LONDON,,50.0,ORDER_FLOW_EXECUTION_AGENT,BTCUSD#,,,,2026-07-08 15:58:50.031175+00:00,2026-07-08 12:58:50.031175+00:00
,,,SELL,,SAIN,5.0,SAIN,30.7,,,54.45,B,,-37.14,False,,,,50.0,99.0,,,failed_gate=DAILY_KILLSWITCH_MAX_LOSSES,,REFUSE,65.81,LONDON,,50.0,ORDER_FLOW_EXECUTION_AGENT,BTCUSD#,,,,2026-07-08 15:59:20.179436+00:00,2026-07-08 12:59:20.179436+00:00
,,,SELL,,SAIN,5.0,SAIN,30.7,,,54.55,B,,-37.14,False,,,,50.0,99.0,,,failed_gate=DAILY_KILLSWITCH_MAX_LOSSES,,REFUSE,65.84,LONDON,,50.0,ORDER_FLOW_EXECUTION_AGENT,BTCUSD#,,,,2026-07-08 15:59:52.225003+00:00,2026-07-08 12:59:52.225003+00:00
,,,SELL,,SAIN,15.0,,,,,55.72,B,,-37.14,False,,,,50.0,100.0,,,failed_gate=DAILY_KILLSWITCH_MAX_LOSSES,,REFUSE,70.18,OVERLAP,,65.0,ORDER_FLOW_EXECUTION_AGENT,BTCUSD#,,,,2026-07-08 16:00:23.982250+00:00,2026-07-08 13:00:23.982250+00:00
,,,BUY,,,,,,,,53.78,C,,-37.14,False,,,,55.0,91.0,,,failed_gate=DAILY_KILLSWITCH_MAX_LOSSES,,REFUSE,64.25,OVERLAP,,50.0,ORDER_FLOW_EXECUTION_AGENT,GOLD#,,,,2026-07-08 16:01:11.009862+00:00,2026-07-08 13:01:11.009862+00:00
,,,SELL,,SAIN,15.0,,,,,56.73,B,,-37.14,False,,,,50.0,100.0,,,failed_gate=DAILY_KILLSWITCH_MAX_LOSSES,,REFUSE,70.43,OVERLAP,,65.0,ORDER_FLOW_EXECUTION_AGENT,BTCUSD#,,,,2026-07-08 16:01:31.691407+00:00,2026-07-08 13:01:31.691407+00:00
,,,BUY,,,,,,,,43.18,C,,-37.14,False,,,,55.0,91.0,,,failed_gate=DAILY_KILLSWITCH_MAX_LOSSES,,REFUSE,61.59,OVERLAP,,50.0,ORDER_FLOW_EXECUTION_AGENT,GOLD#,,,,2026-07-08 16:01:48.048974+00:00,2026-07-08 13:01:48.048974+00:00
,,,BUY,,,,,,,,53.86,C,,-37.14,False,,,,55.0,91.0,,,failed_gate=DAILY_KILLSWITCH_MAX_LOSSES,,REFUSE,64.27,OVERLAP,,50.0,ORDER_FLOW_EXECUTION_AGENT,GOLD#,,,,2026-07-08 16:02:15.348448+00:00,2026-07-08 13:02:15.348448+00:00
,,,SELL,,SAIN,15.0,,,,,57.04,B,,-37.14,False,,,,50.0,100.0,,,failed_gate=DAILY_KILLSWITCH_MAX_LOSSES,,REFUSE,70.51,OVERLAP,,65.0,ORDER_FLOW_EXECUTION_AGENT,BTCUSD#,,,,2026-07-08 16:02:35.329325+00:00,2026-07-08 13:02:35.329325+00:00
,,,BUY,,,,,,,,43.57,C,,-37.14,False,,,,55.0,91.0,,,failed_gate=DAILY_KILLSWITCH_MAX_LOSSES,,REFUSE,61.69,OVERLAP,,50.0,ORDER_FLOW_EXECUTION_AGENT,GOLD#,,,,2026-07-08 16:02:56.165622+00:00,2026-07-08 13:02:56.165622+00:00
,,,SELL,,SAIN,15.0,,,,,56.3,B,,-37.14,False,,,,50.0,100.0,,,failed_gate=DAILY_KILLSWITCH_MAX_LOSSES,,REFUSE,70.33,OVERLAP,,65.0,ORDER_FLOW_EXECUTION_AGENT,BTCUSD#,,,,2026-07-08 16:03:14.591525+00:00,2026-07-08 13:03:14.591525+00:00
,,,BUY,,,,,,,,54.11,C,,-37.14,False,,,,55.0,91.0,,,failed_gate=DAILY_KILLSWITCH_MAX_LOSSES,,REFUSE,64.33,OVERLAP,,50.0,ORDER_FLOW_EXECUTION_AGENT,GOLD#,,,,2026-07-08 16:03:35.091907+00:00,2026-07-08 13:03:35.091907+00:00
,,,BUY,,,,,,,,42.78,C,,-37.14,False,,,,55.0,99.0,,,failed_gate=DAILY_KILLSWITCH_MAX_LOSSES,,REFUSE,63.89,OVERLAP,,50.0,ORDER_FLOW_EXECUTION_AGENT,GOLD#,,,,2026-07-08 16:04:27.926161+00:00,2026-07-08 13:04:27.926161+00:00
,,,SELL,,SAIN,15.0,,,,,57.06,B,,-37.14,False,,,,50.0,100.0,,,failed_gate=DAILY_KILLSWITCH_MAX_LOSSES,,REFUSE,69.27,OVERLAP,,60.0,ORDER_FLOW_EXECUTION_AGENT,BTCUSD#,,,,2026-07-08 16:04:46.741531+00:00,2026-07-08 13:04:46.741531+00:00
,,,BUY,,,,,,,,42.41,C,,-37.14,False,,,,55.0,99.0,,,failed_gate=DAILY_KILLSWITCH_MAX_LOSSES,,REFUSE,63.8,OVERLAP,,50.0,ORDER_FLOW_EXECUTION_AGENT,GOLD#,,,,2026-07-08 16:05:06.912880+00:00,2026-07-08 13:05:06.912880+00:00
,,,SELL,,,,,,,,52.72,B,,-37.14,False,,,,50.0,100.0,,,failed_gate=DAILY_KILLSWITCH_MAX_LOSSES,,REFUSE,69.43,OVERLAP,,65.0,ORDER_FLOW_EXECUTION_AGENT,BTCUSD#,,,,2026-07-08 16:05:20.612221+00:00,2026-07-08 13:05:20.612221+00:00
,,,BUY,,,,,,,,42.28,C,,-37.14,False,,,,55.0,91.0,,,failed_gate=DAILY_KILLSWITCH_MAX_LOSSES,,REFUSE,61.37,OVERLAP,,50.0,ORDER_FLOW_EXECUTION_AGENT,GOLD#,,,,2026-07-08 16:05:54.051775+00:00,2026-07-08 13:05:54.051775+00:00
,,,SELL,,,,,,,,63.74,B,,-37.14,False,,,,50.0,100.0,,,failed_gate=DAILY_KILLSWITCH_MAX_LOSSES,,REFUSE,72.19,OVERLAP,,65.0,ORDER_FLOW_EXECUTION_AGENT,BTCUSD#,,,,2026-07-08 16:06:16.126105+00:00,2026-07-08 13:06:16.126105+00:00
,,,SELL,,,,,,,,66.79,B,,-37.14,False,,,,50.0,100.0,,,failed_gate=DAILY_KILLSWITCH_MAX_LOSSES,,REFUSE,72.95,OVERLAP,,65.0,ORDER_FLOW_EXECUTION_AGENT,BTCUSD#,,,,2026-07-08 16:06:57.401178+00:00,2026-07-08 13:06:57.401178+00:00
,,,SELL,,,,,,,,66.46,B,,-37.14,False,,,,50.0,100.0,,,failed_gate=DAILY_KILLSWITCH_MAX_LOSSES,,REFUSE,72.86,OVERLAP,,65.0,ORDER_FLOW_EXECUTION_AGENT,BTCUSD#,,,,2026-07-08 16:07:39.645433+00:00,2026-07-08 13:07:39.645433+00:00
,,,SELL,,,,,,,,66.49,B,,-37.14,False,,,,50.0,100.0,,,failed_gate=DAILY_KILLSWITCH_MAX_LOSSES,,REFUSE,72.87,OVERLAP,,65.0,ORDER_FLOW_EXECUTION_AGENT,BTCUSD#,,,,2026-07-08 16:08:11.462954+00:00,2026-07-08 13:08:11.462954+00:00
,,,SELL,,,,,,,,63.98,B,,-37.14,False,,,,50.0,100.0,,,failed_gate=DAILY_KILLSWITCH_MAX_LOSSES,,REFUSE,71.0,OVERLAP,,60.0,ORDER_FLOW_EXECUTION_AGENT,BTCUSD#,,,,2026-07-08 16:08:40.452319+00:00,2026-07-08 13:08:40.452319+00:00
,,,SELL,,,,SAIN,21.7,,,45.11,C,,-37.14,False,,,,55.0,94.0,,,failed_gate=DAILY_KILLSWITCH_MAX_LOSSES,,REFUSE,62.98,OVERLAP,,50.0,ORDER_FLOW_EXECUTION_AGENT,GOLD#,,,,2026-07-08 16:10:25.400123+00:00,2026-07-08 13:10:25.400123+00:00
,,,SELL,,,,,,,,33.74,C,,-37.14,False,,,,50.0,91.0,,,failed_gate=DAILY_KILLSWITCH_MAX_LOSSES,,REFUSE,60.73,OVERLAP,,60.0,ORDER_FLOW_EXECUTION_AGENT,BTCUSD#,,,,2026-07-08 16:10:37.191745+00:00,2026-07-08 13:10:37.191745+00:00
,,,SELL,,,,SAIN,21.7,,,45.96,C,,-37.14,False,,,,55.0,86.0,,,failed_gate=DAILY_KILLSWITCH_MAX_LOSSES,,REFUSE,60.79,OVERLAP,,50.0,ORDER_FLOW_EXECUTION_AGENT,GOLD#,,,,2026-07-08 16:10:52.808648+00:00,2026-07-08 13:10:52.808648+00:00
,,,SELL,,,,,,,,34.82,C,,-37.14,False,,,,50.0,91.0,,,failed_gate=DAILY_KILLSWITCH_MAX_LOSSES,,REFUSE,61.0,OVERLAP,,60.0,ORDER_FLOW_EXECUTION_AGENT,BTCUSD#,,,,2026-07-08 16:11:05.904346+00:00,2026-07-08 13:11:05.904346+00:00
,,,SELL,,,,,,,,35.62,C,,-37.14,False,,,,50.0,91.0,,,failed_gate=DAILY_KILLSWITCH_MAX_LOSSES,,REFUSE,61.2,OVERLAP,,60.0,ORDER_FLOW_EXECUTION_AGENT,BTCUSD#,,,,2026-07-08 16:11:30.931158+00:00,2026-07-08 13:11:30.931158+00:00
,,,SELL,,,,SAIN,21.7,,,45.82,C,,-37.14,False,,,,55.0,86.0,,,failed_gate=DAILY_KILLSWITCH_MAX_LOSSES,,REFUSE,60.75,OVERLAP,,50.0,ORDER_FLOW_EXECUTION_AGENT,GOLD#,,,,2026-07-08 16:11:46.359574+00:00,2026-07-08 13:11:46.359574+00:00
,,,SELL,,,,,,,,35.05,C,,-37.14,False,,,,50.0,91.0,,,failed_gate=DAILY_KILLSWITCH_MAX_LOSSES,,REFUSE,61.06,OVERLAP,,60.0,ORDER_FLOW_EXECUTION_AGENT,BTCUSD#,,,,2026-07-08 16:11:59.309268+00:00,2026-07-08 13:11:59.309268+00:00
,,,SELL,,,,SAIN,21.7,,,45.78,C,,-37.14,False,,,,55.0,86.0,,,failed_gate=DAILY_KILLSWITCH_MAX_LOSSES,,REFUSE,60.75,OVERLAP,,50.0,ORDER_FLOW_EXECUTION_AGENT,GOLD#,,,,2026-07-08 16:12:13.901733+00:00,2026-07-08 13:12:13.901733+00:00
,,,SELL,,,,,,,,35.24,C,,-37.14,False,,,,50.0,91.0,,,failed_gate=DAILY_KILLSWITCH_MAX_LOSSES,,REFUSE,61.11,OVERLAP,,60.0,ORDER_FLOW_EXECUTION_AGENT,BTCUSD#,,,,2026-07-08 16:12:27.440229+00:00,2026-07-08 13:12:27.440229+00:00
,,,SELL,,,,SAIN,21.7,,,46.04,C,,-37.14,False,,,,55.0,86.0,,,failed_gate=DAILY_KILLSWITCH_MAX_LOSSES,,REFUSE,60.81,OVERLAP,,50.0,ORDER_FLOW_EXECUTION_AGENT,GOLD#,,,,2026-07-08 16:12:42.834360+00:00,2026-07-08 13:12:42.834360+00:00
,,,SELL,,,,,,,,35.2,C,,-37.14,False,,,,50.0,91.0,,,failed_gate=DAILY_KILLSWITCH_MAX_LOSSES,,REFUSE,61.1,OVERLAP,,60.0,ORDER_FLOW_EXECUTION_AGENT,BTCUSD#,,,,2026-07-08 16:12:55.826956+00:00,2026-07-08 13:12:55.826956+00:00
,,,SELL,,,,SAIN,21.7,,,47.53,C,,-37.14,False,,,,55.0,86.0,,,failed_gate=DAILY_KILLSWITCH_MAX_LOSSES,,REFUSE,61.18,OVERLAP,,50.0,ORDER_FLOW_EXECUTION_AGENT,GOLD#,,,,2026-07-08 16:13:12.401047+00:00,2026-07-08 13:13:12.401047+00:00
,,,SELL,,,,,,,,58.34,B,,-37.14,False,,,,50.0,91.0,,,failed_gate=DAILY_KILLSWITCH_MAX_LOSSES,,REFUSE,66.89,OVERLAP,,60.0,ORDER_FLOW_EXECUTION_AGENT,BTCUSD#,,,,2026-07-08 16:13:21.800920+00:00,2026-07-08 13:13:21.800920+00:00
,,,BUY,,,,,,,,47.77,C,,-37.14,False,,,,55.0,91.0,,,failed_gate=DAILY_KILLSWITCH_MAX_LOSSES,,REFUSE,62.74,OVERLAP,,50.0,ORDER_FLOW_EXECUTION_AGENT,GOLD#,,,,2026-07-08 16:13:37.033318+00:00,2026-07-08 13:13:37.033318+00:00
,,,SELL,,,,,,,,35.14,C,,-37.14,False,,,,50.0,91.0,,,failed_gate=DAILY_KILLSWITCH_MAX_LOSSES,,REFUSE,61.08,OVERLAP,,60.0,ORDER_FLOW_EXECUTION_AGENT,BTCUSD#,,,,2026-07-08 16:13:50.617448+00:00,2026-07-08 13:13:50.617448+00:00
,,,SELL,,,,SAIN,21.7,,,45.79,C,,-37.14,False,,,,55.0,86.0,,,failed_gate=DAILY_KILLSWITCH_MAX_LOSSES,,REFUSE,60.75,OVERLAP,,50.0,ORDER_FLOW_EXECUTION_AGENT,GOLD#,,,,2026-07-08 16:14:07.987302+00:00,2026-07-08 13:14:07.987302+00:00
,,,SELL,,,,,,,,36.14,C,,-37.14,False,,,,50.0,91.0,,,failed_gate=DAILY_KILLSWITCH_MAX_LOSSES,,REFUSE,62.58,OVERLAP,,65.0,ORDER_FLOW_EXECUTION_AGENT,BTCUSD#,,,,2026-07-08 16:14:21.033761+00:00,2026-07-08 13:14:21.033761+00:00
,,,SELL,,,,SAIN,21.7,,,46.59,C,,-37.14,False,,,,55.0,86.0,,,failed_gate=DAILY_KILLSWITCH_MAX_LOSSES,,REFUSE,60.95,OVERLAP,,50.0,ORDER_FLOW_EXECUTION_AGENT,GOLD#,,,,2026-07-08 16:14:37.360319+00:00,2026-07-08 13:14:37.360319+00:00
,,,SELL,,,,,,,,35.11,C,,-37.14,False,,,,50.0,91.0,,,failed_gate=DAILY_KILLSWITCH_MAX_LOSSES,,REFUSE,62.33,OVERLAP,,65.0,ORDER_FLOW_EXECUTION_AGENT,BTCUSD#,,,,2026-07-08 16:14:47.476850+00:00,2026-07-08 13:14:47.476850+00:00
,,,SELL,,,,SAIN,21.7,,,46.74,C,,-37.14,False,,,,55.0,86.0,,,failed_gate=DAILY_KILLSWITCH_MAX_LOSSES,,REFUSE,60.98,OVERLAP,,50.0,ORDER_FLOW_EXECUTION_AGENT,GOLD#,,,,2026-07-08 16:15:03.000567+00:00,2026-07-08 13:15:03.000567+00:00
,,,SELL,,,,,,,,35.9,C,,-37.14,False,,,,50.0,91.0,,,failed_gate=DAILY_KILLSWITCH_MAX_LOSSES,,REFUSE,60.03,OVERLAP,,55.0,ORDER_FLOW_EXECUTION_AGENT,BTCUSD#,,,,2026-07-08 16:15:14.600413+00:00,2026-07-08 13:15:14.600413+00:00
,,,SELL,,,,,,,,37.17,C,,-37.14,False,,,,50.0,91.0,,,failed_gate=DAILY_KILLSWITCH_MAX_LOSSES,,REFUSE,60.34,OVERLAP,,55.0,ORDER_FLOW_EXECUTION_AGENT,BTCUSD#,,,,2026-07-08 16:15:56.666067+00:00,2026-07-08 13:15:56.666067+00:00
,,,SELL,,,,,,,,47.59,C,,-37.14,False,,,,50.0,91.0,,,failed_gate=DAILY_KILLSWITCH_MAX_LOSSES,,REFUSE,62.95,OVERLAP,,55.0,ORDER_FLOW_EXECUTION_AGENT,BTCUSD#,,,,2026-07-08 16:16:21.985259+00:00,2026-07-08 13:16:21.985259+00:00
,,,SELL,,,,,,,,47.76,C,,-37.14,False,,,,50.0,91.0,,,failed_gate=DAILY_KILLSWITCH_MAX_LOSSES,,REFUSE,62.99,OVERLAP,,55.0,ORDER_FLOW_EXECUTION_AGENT,BTCUSD#,,,,2026-07-08 16:16:44.523567+00:00,2026-07-08 13:16:44.523567+00:00
,,,SELL,,,,SAIN,20.6,,,47.6,C,,-37.14,False,,,,50.0,91.0,,,failed_gate=DAILY_KILLSWITCH_MAX_LOSSES,,REFUSE,61.7,OVERLAP,,50.0,ORDER_FLOW_EXECUTION_AGENT,GOLD#,,,,2026-07-08 16:17:00.610025+00:00,2026-07-08 13:17:00.610025+00:00
,,,SELL,,,,,,,,50.27,B,,-37.14,False,,,,50.0,99.0,,,failed_gate=DAILY_KILLSWITCH_MAX_LOSSES,,REFUSE,67.27,OVERLAP,,60.0,ORDER_FLOW_EXECUTION_AGENT,BTCUSD#,,,,2026-07-08 16:17:12.782721+00:00,2026-07-08 13:17:12.782721+00:00
,,,SELL,,,,,,,,37.95,C,,-37.14,False,,,,50.0,91.0,,,failed_gate=DAILY_KILLSWITCH_MAX_LOSSES,,REFUSE,61.79,OVERLAP,,60.0,ORDER_FLOW_EXECUTION_AGENT,BTCUSD#,,,,2026-07-08 16:17:35.948705+00:00,2026-07-08 13:17:35.948705+00:00
,,,SELL,,,,,,,,38.41,C,,-37.14,False,,,,50.0,91.0,,,failed_gate=DAILY_KILLSWITCH_MAX_LOSSES,,REFUSE,61.9,OVERLAP,,60.0,ORDER_FLOW_EXECUTION_AGENT,BTCUSD#,,,,2026-07-08 16:18:00.961773+00:00,2026-07-08 13:18:00.961773+00:00
,,,SELL,,,,,,,,48.48,C,,-37.14,False,,,,50.0,91.0,,,failed_gate=DAILY_KILLSWITCH_MAX_LOSSES,,REFUSE,64.42,OVERLAP,,60.0,ORDER_FLOW_EXECUTION_AGENT,BTCUSD#,,,,2026-07-08 16:18:42.447004+00:00,2026-07-08 13:18:42.447004+00:00
,,,SELL,,,,,,,,49.05,C,,-37.14,False,,,,50.0,91.0,,,failed_gate=DAILY_KILLSWITCH_MAX_LOSSES,,REFUSE,64.56,OVERLAP,,60.0,ORDER_FLOW_EXECUTION_AGENT,BTCUSD#,,,,2026-07-08 16:19:07.086006+00:00,2026-07-08 13:19:07.086006+00:00
,,,SELL,,,,,,,,50.27,C,,-37.14,False,,,,50.0,91.0,,,failed_gate=DAILY_KILLSWITCH_MAX_LOSSES,,REFUSE,63.62,OVERLAP,,55.0,ORDER_FLOW_EXECUTION_AGENT,BTCUSD#,,,,2026-07-08 16:19:29.992780+00:00,2026-07-08 13:19:29.992780+00:00
,,,SELL,,,,,,,,49.54,C,,-37.14,False,,,,50.0,91.0,,,failed_gate=DAILY_KILLSWITCH_MAX_LOSSES,,REFUSE,63.44,OVERLAP,,55.0,ORDER_FLOW_EXECUTION_AGENT,BTCUSD#,,,,2026-07-08 16:19:52.764520+00:00,2026-07-08 13:19:52.764520+00:00
,,,SELL,,,,,,,,51.9,B,,-37.14,False,,,,50.0,100.0,,,failed_gate=DAILY_KILLSWITCH_MAX_LOSSES,,REFUSE,67.97,OVERLAP,,60.0,ORDER_FLOW_EXECUTION_AGENT,BTCUSD#,,,,2026-07-08 16:20:15.000617+00:00,2026-07-08 13:20:15.000617+00:00
,,,SELL,,,,SAIN,26.3,,,40.66,C,,-37.14,False,,,,50.0,99.0,,,failed_gate=DAILY_KILLSWITCH_MAX_LOSSES,,REFUSE,62.36,OVERLAP,,50.0,ORDER_FLOW_EXECUTION_AGENT,GOLD#,,,,2026-07-08 16:20:31.650045+00:00,2026-07-08 13:20:31.650045+00:00
,,,SELL,,,,,,,,52.51,B,,-37.14,False,,,,50.0,100.0,,,failed_gate=DAILY_KILLSWITCH_MAX_LOSSES,,REFUSE,68.13,OVERLAP,,60.0,ORDER_FLOW_EXECUTION_AGENT,BTCUSD#,,,,2026-07-08 16:20:41.226280+00:00,2026-07-08 13:20:41.226280+00:00
,,,SELL,,,,,,,,53.01,B,,-37.14,False,,,,50.0,100.0,,,failed_gate=DAILY_KILLSWITCH_MAX_LOSSES,,REFUSE,68.25,OVERLAP,,60.0,ORDER_FLOW_EXECUTION_AGENT,BTCUSD#,,,,2026-07-08 16:21:57.741078+00:00,2026-07-08 13:21:57.741078+00:00
,,,SELL,,,,,,,,53.96,B,,-37.14,False,,,,50.0,100.0,,,failed_gate=DAILY_KILLSWITCH_MAX_LOSSES,,REFUSE,67.24,OVERLAP,,55.0,ORDER_FLOW_EXECUTION_AGENT,BTCUSD#,,,,2026-07-08 16:22:26.914149+00:00,2026-07-08 13:22:26.914149+00:00
,,,SELL,,,,,,,,52.98,B,,-37.14,False,,,,50.0,100.0,,,failed_gate=DAILY_KILLSWITCH_MAX_LOSSES,,REFUSE,67.0,OVERLAP,,55.0,ORDER_FLOW_EXECUTION_AGENT,BTCUSD#,,,,2026-07-08 16:22:57.738583+00:00,2026-07-08 13:22:57.738583+00:00
,,,SELL,,,,SAIN,26.3,,,41.65,C,,-37.14,False,,,,50.0,91.0,,,failed_gate=DAILY_KILLSWITCH_MAX_LOSSES,,REFUSE,60.21,OVERLAP,,50.0,ORDER_FLOW_EXECUTION_AGENT,GOLD#,,,,2026-07-08 16:23:21.189339+00:00,2026-07-08 13:23:21.189339+00:00
,,,SELL,,,,,,,,53.82,B,,-37.14,False,,,,50.0,100.0,,,failed_gate=DAILY_KILLSWITCH_MAX_LOSSES,,REFUSE,68.45,OVERLAP,,60.0,ORDER_FLOW_EXECUTION_AGENT,BTCUSD#,,,,2026-07-08 16:23:32.921016+00:00,2026-07-08 13:23:32.921016+00:00
,,,SELL,,,,SAIN,26.3,,,42.29,C,,-37.14,False,,,,50.0,91.0,,,failed_gate=DAILY_KILLSWITCH_MAX_LOSSES,,REFUSE,60.37,OVERLAP,,50.0,ORDER_FLOW_EXECUTION_AGENT,GOLD#,,,,2026-07-08 16:23:54.375945+00:00,2026-07-08 13:23:54.375945+00:00
,,,SELL,,,,,,,,54.45,B,,-37.14,False,,,,50.0,100.0,,,failed_gate=DAILY_KILLSWITCH_MAX_LOSSES,,REFUSE,68.61,OVERLAP,,60.0,ORDER_FLOW_EXECUTION_AGENT,BTCUSD#,,,,2026-07-08 16:24:09.486667+00:00,2026-07-08 13:24:09.486667+00:00
,,,SELL,,,,SAIN,26.3,,,42.95,C,,-37.14,False,,,,50.0,91.0,,,failed_gate=DAILY_KILLSWITCH_MAX_LOSSES,,REFUSE,60.54,OVERLAP,,50.0,ORDER_FLOW_EXECUTION_AGENT,GOLD#,,,,2026-07-08 16:24:26.847523+00:00,2026-07-08 13:24:26.847523+00:00
,,,SELL,,,,,,,,53.3,B,,-37.14,False,,,,50.0,100.0,,,failed_gate=DAILY_KILLSWITCH_MAX_LOSSES,,REFUSE,68.33,OVERLAP,,60.0,ORDER_FLOW_EXECUTION_AGENT,BTCUSD#,,,,2026-07-08 16:24:39.195786+00:00,2026-07-08 13:24:39.195786+00:00
,,,SELL,,,,SAIN,26.3,,,42.54,C,,-37.14,False,,,,50.0,91.0,,,failed_gate=DAILY_KILLSWITCH_MAX_LOSSES,,REFUSE,60.44,OVERLAP,,50.0,ORDER_FLOW_EXECUTION_AGENT,GOLD#,,,,2026-07-08 16:24:57.221023+00:00,2026-07-08 13:24:57.221023+00:00
,,,SELL,,,,,,,,53.57,B,,-37.14,False,,,,50.0,100.0,,,failed_gate=DAILY_KILLSWITCH_MAX_LOSSES,,REFUSE,68.39,OVERLAP,,60.0,ORDER_FLOW_EXECUTION_AGENT,BTCUSD#,,,,2026-07-08 16:25:24.061982+00:00,2026-07-08 13:25:24.061982+00:00
,,,SELL,,,,SAIN,32.0,,,37.2,C,,-37.14,False,,,,50.0,100.0,,,failed_gate=DAILY_KILLSWITCH_MAX_LOSSES,,REFUSE,61.8,OVERLAP,,50.0,ORDER_FLOW_EXECUTION_AGENT,GOLD#,,,,2026-07-08 16:25:44.212548+00:00,2026-07-08 13:25:44.212548+00:00
,,,SELL,,,,,,,,64.46,B,,-37.14,False,,,,50.0,100.0,,,failed_gate=DAILY_KILLSWITCH_MAX_LOSSES,,REFUSE,69.86,OVERLAP,,55.0,ORDER_FLOW_EXECUTION_AGENT,BTCUSD#,,,,2026-07-08 16:26:00.754762+00:00,2026-07-08 13:26:00.754762+00:00
,,,SELL,,,,,,,,63.41,B,,-37.14,False,,,,50.0,100.0,,,failed_gate=DAILY_KILLSWITCH_MAX_LOSSES,,REFUSE,70.85,OVERLAP,,60.0,ORDER_FLOW_EXECUTION_AGENT,BTCUSD#,,,,2026-07-08 16:26:36.766807+00:00,2026-07-08 13:26:36.766807+00:00
,,,SELL,,,,,,,,63.29,B,,-37.14,False,,,,50.0,100.0,,,failed_gate=DAILY_KILLSWITCH_MAX_LOSSES,,REFUSE,70.82,OVERLAP,,60.0,ORDER_FLOW_EXECUTION_AGENT,BTCUSD#,,,,2026-07-08 16:27:14.283862+00:00,2026-07-08 13:27:14.283862+00:00
,,,SELL,,,,,,,,61.45,B,,-37.14,False,,,,50.0,100.0,,,failed_gate=DAILY_KILLSWITCH_MAX_LOSSES,,REFUSE,69.11,OVERLAP,,55.0,ORDER_FLOW_EXECUTION_AGENT,BTCUSD#,,,,2026-07-08 16:27:46.803156+00:00,2026-07-08 13:27:46.803156+00:00
,,,SELL,,,,,,,,49.92,B,,-37.14,False,,,,50.0,100.0,,,failed_gate=DAILY_KILLSWITCH_MAX_LOSSES,,REFUSE,66.23,OVERLAP,,55.0,ORDER_FLOW_EXECUTION_AGENT,BTCUSD#,,,,2026-07-08 16:28:19.292929+00:00,2026-07-08 13:28:19.292929+00:00
,,,SELL,,,,,,,,50.23,B,,-37.14,False,,,,50.0,100.0,,,failed_gate=DAILY_KILLSWITCH_MAX_LOSSES,,REFUSE,66.31,OVERLAP,,55.0,ORDER_FLOW_EXECUTION_AGENT,BTCUSD#,,,,2026-07-08 16:28:44.258300+00:00,2026-07-08 13:28:44.258300+00:00
,,,SELL,,,,,,,,62.6,B,,-37.14,False,,,,50.0,100.0,,,failed_gate=DAILY_KILLSWITCH_MAX_LOSSES,,REFUSE,69.4,OVERLAP,,55.0,ORDER_FLOW_EXECUTION_AGENT,BTCUSD#,,,,2026-07-08 16:29:20.149381+00:00,2026-07-08 13:29:20.149381+00:00
,,,SELL,,,,SAIN,32.0,,,40.27,C,,-37.14,False,,,,50.0,99.0,,,failed_gate=DAILY_KILLSWITCH_MAX_LOSSES,,REFUSE,62.27,OVERLAP,,50.0,ORDER_FLOW_EXECUTION_AGENT,GOLD#,,,,2026-07-08 16:29:44.157751+00:00,2026-07-08 13:29:44.157751+00:00
,,,SELL,,,,,,,,61.43,B,,-37.14,False,,,,50.0,100.0,,,failed_gate=DAILY_KILLSWITCH_MAX_LOSSES,,REFUSE,69.11,OVERLAP,,55.0,ORDER_FLOW_EXECUTION_AGENT,BTCUSD#,,,,2026-07-08 16:29:59.973466+00:00,2026-07-08 13:29:59.973466+00:00
,,,BUY,,SAIN,15.0,,,,,43.73,C,,-37.14,False,,,,50.0,84.0,,,failed_gate=DAILY_KILLSWITCH_MAX_LOSSES,,REFUSE,58.63,OVERLAP,,50.0,ORDER_FLOW_EXECUTION_AGENT,GOLD#,,,,2026-07-08 16:32:41.286008+00:00,2026-07-08 13:32:41.286008+00:00
,,,SELL,,,,SAIN,17.7,,,56.79,C,,-37.14,False,,,,50.0,91.0,,,failed_gate=DAILY_KILLSWITCH_MAX_LOSSES,,REFUSE,64.0,OVERLAP,,50.0,ORDER_FLOW_EXECUTION_AGENT,GOLD#,,,,2026-07-08 16:35:44.550310+00:00,2026-07-08 13:35:44.550310+00:00
,,,SELL,,,,,,,,,,,,,,,,,,,,failed_gate=GOLD_ANALYSIS_ONLY,,REFUSE,67.5,OVERLAP,,,GOLD_LIQUIDITY_HUNTER_PRO,GOLD#,,,,2026-07-08 16:36:30.042924+00:00,2026-07-08 13:36:30.042924+00:00
,,,SELL,,,,,,,,55.31,C,,-37.14,False,,,,50.0,91.0,,,failed_gate=DAILY_KILLSWITCH_MAX_LOSSES,,REFUSE,64.88,OVERLAP,,55.0,ORDER_FLOW_EXECUTION_AGENT,BTCUSD#,,,,2026-07-08 16:37:55.724315+00:00,2026-07-08 13:37:55.724315+00:00
,,,SELL,,,,,,,,57.78,B,,-37.14,False,,,,50.0,91.0,,,failed_gate=DAILY_KILLSWITCH_MAX_LOSSES,,REFUSE,65.5,OVERLAP,,55.0,ORDER_FLOW_EXECUTION_AGENT,BTCUSD#,,,,2026-07-08 16:38:30.214042+00:00,2026-07-08 13:38:30.214042+00:00
,,,SELL,,,,SAIN,17.7,,,57.53,C,,-37.14,False,,,,50.0,91.0,,,failed_gate=DAILY_KILLSWITCH_MAX_LOSSES,,REFUSE,64.18,OVERLAP,,50.0,ORDER_FLOW_EXECUTION_AGENT,GOLD#,,,,2026-07-08 16:38:54.846594+00:00,2026-07-08 13:38:54.846594+00:00
,,,SELL,,,,,,,,56.94,B,,-37.14,False,,,,50.0,91.0,,,failed_gate=DAILY_KILLSWITCH_MAX_LOSSES,,REFUSE,65.28,OVERLAP,,55.0,ORDER_FLOW_EXECUTION_AGENT,BTCUSD#,,,,2026-07-08 16:39:17.023984+00:00,2026-07-08 13:39:17.023984+00:00
,,,BUY,,,,,,,,45.41,C,,-37.14,False,,,,50.0,84.0,,,failed_gate=DAILY_KILLSWITCH_MAX_LOSSES,,REFUSE,59.05,OVERLAP,,50.0,ORDER_FLOW_EXECUTION_AGENT,GOLD#,,,,2026-07-08 16:40:12.431260+00:00,2026-07-08 13:40:12.431260+00:00
,,,BUY,,SAIN,32.4,,,,,45.42,C,,-37.14,False,,,,50.0,91.0,,,failed_gate=DAILY_KILLSWITCH_MAX_LOSSES,,REFUSE,61.16,OVERLAP,,50.0,ORDER_FLOW_EXECUTION_AGENT,GOLD#,,,,2026-07-08 16:40:39.323121+00:00,2026-07-08 13:40:39.323121+00:00
,,,BUY,,SAIN,32.4,,,,,45.41,C,,-37.14,False,,,,50.0,91.0,,,failed_gate=DAILY_KILLSWITCH_MAX_LOSSES,,REFUSE,61.15,OVERLAP,,50.0,ORDER_FLOW_EXECUTION_AGENT,GOLD#,,,,2026-07-08 16:41:31.985228+00:00,2026-07-08 13:41:31.985228+00:00
,,,SELL,,,,SAIN,0.0,,,43.9,C,,-37.14,False,,,,50.0,91.0,,,failed_gate=DAILY_KILLSWITCH_MAX_LOSSES,,REFUSE,60.78,OVERLAP,,50.0,ORDER_FLOW_EXECUTION_AGENT,GOLD#,,,,2026-07-08 16:42:10.252801+00:00,2026-07-08 13:42:10.252801+00:00
,,,SELL,,,,,,,,71.97,B,,-37.14,False,,,,50.0,91.0,,,failed_gate=DAILY_KILLSWITCH_MAX_LOSSES,,REFUSE,69.04,OVERLAP,,55.0,ORDER_FLOW_EXECUTION_AGENT,BTCUSD#,,,,2026-07-08 16:42:29.340050+00:00,2026-07-08 13:42:29.340050+00:00
,,,SELL,,,,SAIN,0.0,,,32.01,C,,-37.14,False,,,,50.0,99.0,,,failed_gate=DAILY_KILLSWITCH_MAX_LOSSES,,REFUSE,60.2,OVERLAP,,50.0,ORDER_FLOW_EXECUTION_AGENT,GOLD#,,,,2026-07-08 16:42:52.656250+00:00,2026-07-08 13:42:52.656250+00:00
,,,SELL,,,,,,,,71.64,B,,-37.14,False,,,,50.0,99.0,,,failed_gate=DAILY_KILLSWITCH_MAX_LOSSES,,REFUSE,71.36,OVERLAP,,55.0,ORDER_FLOW_EXECUTION_AGENT,BTCUSD#,,,,2026-07-08 16:43:16.380688+00:00,2026-07-08 13:43:16.380688+00:00
,,,SELL,,,,,,,,72.3,B,,-37.14,False,,,,50.0,91.0,,,failed_gate=DAILY_KILLSWITCH_MAX_LOSSES,,REFUSE,70.38,OVERLAP,,60.0,ORDER_FLOW_EXECUTION_AGENT,BTCUSD#,,,,2026-07-08 16:43:51.593290+00:00,2026-07-08 13:43:51.593290+00:00
,,,SELL,,,,,,,,71.67,B,,-37.14,False,,,,50.0,91.0,,,failed_gate=DAILY_KILLSWITCH_MAX_LOSSES,,REFUSE,68.97,OVERLAP,,55.0,ORDER_FLOW_EXECUTION_AGENT,BTCUSD#,,,,2026-07-08 16:44:31.701413+00:00,2026-07-08 13:44:31.701413+00:00
,,,SELL,,,,SAIN,0.0,,,32.97,C,,-37.14,False,,,,50.0,91.0,,,failed_gate=DAILY_KILLSWITCH_MAX_LOSSES,,REFUSE,58.04,OVERLAP,,50.0,ORDER_FLOW_EXECUTION_AGENT,GOLD#,,,,2026-07-08 16:45:16.366137+00:00,2026-07-08 13:45:16.366137+00:00
,,,SELL,,,,,,,,41.67,C,,-37.14,False,,,,50.0,99.0,,,failed_gate=DAILY_KILLSWITCH_MAX_LOSSES,,REFUSE,62.62,OVERLAP,,50.0,ORDER_FLOW_EXECUTION_AGENT,BTCUSD#,,,,2026-07-08 16:45:34.761966+00:00,2026-07-08 13:45:34.761966+00:00
,,,BUY,,SAIN,9.7,,,,,37.13,C,,-37.14,False,,,,50.0,91.0,,,failed_gate=DAILY_KILLSWITCH_MAX_LOSSES,,REFUSE,59.08,OVERLAP,,50.0,ORDER_FLOW_EXECUTION_AGENT,GOLD#,,,,2026-07-08 16:45:57.281535+00:00,2026-07-08 13:45:57.281535+00:00
,,,SELL,,,,,,,,41.94,C,,-37.14,False,,,,50.0,99.0,,,failed_gate=DAILY_KILLSWITCH_MAX_LOSSES,,REFUSE,62.69,OVERLAP,,50.0,ORDER_FLOW_EXECUTION_AGENT,BTCUSD#,,,,2026-07-08 16:46:17.887431+00:00,2026-07-08 13:46:17.887431+00:00
,,,BUY,,SAIN,9.7,,,,,37.34,C,,-37.14,False,,,,50.0,99.0,,,failed_gate=DAILY_KILLSWITCH_MAX_LOSSES,,REFUSE,61.53,OVERLAP,,50.0,ORDER_FLOW_EXECUTION_AGENT,GOLD#,,,,2026-07-08 16:46:33.775187+00:00,2026-07-08 13:46:33.775187+00:00
,,,SELL,,,,,,,,41.45,C,,-37.14,False,,,,50.0,91.0,,,failed_gate=DAILY_KILLSWITCH_MAX_LOSSES,,REFUSE,60.16,OVERLAP,,50.0,ORDER_FLOW_EXECUTION_AGENT,BTCUSD#,,,,2026-07-08 16:46:46.898214+00:00,2026-07-08 13:46:46.898214+00:00
,,,BUY,,SAIN,9.7,,,,,51.98,B,,-37.14,False,,,,50.0,99.0,,,failed_gate=DAILY_KILLSWITCH_MAX_LOSSES,,REFUSE,65.19,OVERLAP,,50.0,ORDER_FLOW_EXECUTION_AGENT,GOLD#,,,,2026-07-08 16:47:01.042092+00:00,2026-07-08 13:47:01.042092+00:00
,,,SELL,,,,,,,,41.44,C,,-37.14,False,,,,50.0,91.0,,,failed_gate=DAILY_KILLSWITCH_MAX_LOSSES,,REFUSE,60.16,OVERLAP,,50.0,ORDER_FLOW_EXECUTION_AGENT,BTCUSD#,,,,2026-07-08 16:47:17.624678+00:00,2026-07-08 13:47:17.624678+00:00
,,,SELL,,,,,,,,58.31,B,,-37.14,False,,,,50.0,99.0,,,failed_gate=DAILY_KILLSWITCH_MAX_LOSSES,,REFUSE,66.78,OVERLAP,,50.0,ORDER_FLOW_EXECUTION_AGENT,BTCUSD#,,,,2026-07-08 16:47:47.547080+00:00,2026-07-08 13:47:47.547080+00:00
,,,SELL,,,,,,,,58.55,C,,-37.14,False,,,,50.0,91.0,,,failed_gate=DAILY_KILLSWITCH_MAX_LOSSES,,REFUSE,64.44,OVERLAP,,50.0,ORDER_FLOW_EXECUTION_AGENT,BTCUSD#,,,,2026-07-08 16:48:58.114110+00:00,2026-07-08 13:48:58.114110+00:00
,,,SELL,,,,SAIN,21.4,,,41.2,C,,-37.14,False,,,,50.0,99.0,,,failed_gate=DAILY_KILLSWITCH_MAX_LOSSES,,REFUSE,62.5,OVERLAP,,50.0,ORDER_FLOW_EXECUTION_AGENT,GOLD#,,,,2026-07-08 16:50:02.638348+00:00,2026-07-08 13:50:02.638348+00:00
,,,SELL,,,,,,,,69.29,B,,-37.14,False,,,,50.0,99.0,,,failed_gate=DAILY_KILLSWITCH_MAX_LOSSES,,REFUSE,69.52,OVERLAP,,50.0,ORDER_FLOW_EXECUTION_AGENT,BTCUSD#,,,,2026-07-08 16:55:49.460868+00:00,2026-07-08 13:55:49.460868+00:00
,,,SELL,,,,,,,,,,,,,,,,,,,,failed_gate=GOLD_ANALYSIS_ONLY,,REFUSE,67.5,OVERLAP,,,GOLD_LIQUIDITY_HUNTER_PRO,GOLD#,,,,2026-07-08 16:56:27.425920+00:00,2026-07-08 13:56:27.425920+00:00
,,,SELL,,,,,,,,,,,,,,,,,,,,failed_gate=GOLD_ANALYSIS_ONLY,,REFUSE,67.5,OVERLAP,,,GOLD_LIQUIDITY_HUNTER_PRO,GOLD#,,,,2026-07-08 16:58:20.047516+00:00,2026-07-08 13:58:20.047516+00:00
,,,SELL,,,,,,,,37.04,C,,-37.14,False,,,,50.0,91.0,,,failed_gate=DAILY_KILLSWITCH_MAX_LOSSES,,REFUSE,59.06,OVERLAP,,50.0,ORDER_FLOW_EXECUTION_AGENT,GOLD#,,,,2026-07-08 16:58:41.261790+00:00,2026-07-08 13:58:41.261790+00:00
,,,SELL,,,,,,,,,,,,,,,,,,,,failed_gate=GOLD_ANALYSIS_ONLY,,REFUSE,67.5,OVERLAP,,,GOLD_LIQUIDITY_HUNTER_PRO,GOLD#,,,,2026-07-08 17:00:15.574476+00:00,2026-07-08 14:00:15.574476+00:00
,,,SELL,,,,,,,,,,,,,,,,,,,,failed_gate=GOLD_ANALYSIS_ONLY,,REFUSE,67.5,OVERLAP,,,GOLD_LIQUIDITY_HUNTER_PRO,GOLD#,,,,2026-07-08 17:02:10.448016+00:00,2026-07-08 14:02:10.448016+00:00
,,,SELL,,,,,,,,68.18,B,,-37.14,False,,,,55.0,85.0,,,failed_gate=DAILY_KILLSWITCH_MAX_LOSSES,,REFUSE,67.3,OVERLAP,,55.0,ORDER_FLOW_EXECUTION_AGENT,BTCUSD#,,,,2026-07-08 17:03:24.989199+00:00,2026-07-08 14:03:24.989199+00:00
,,,SELL,,,,,,,,,,,,,,,,,,,,failed_gate=GOLD_ANALYSIS_ONLY,,REFUSE,67.5,OVERLAP,,,GOLD_LIQUIDITY_HUNTER_PRO,GOLD#,,,,2026-07-08 17:06:07.441898+00:00,2026-07-08 14:06:07.441898+00:00
,,,BUY,,SAIN,31.4,SAIN,23.5,,,54.53,B,,-37.14,False,,,,55.0,97.0,,,failed_gate=DAILY_KILLSWITCH_MAX_LOSSES,,REFUSE,66.23,OVERLAP,,50.0,ORDER_FLOW_EXECUTION_AGENT,BTCUSD#,,,,2026-07-08 17:07:26.692435+00:00,2026-07-08 14:07:26.692435+00:00
,,,SELL,,,,SAIN,38.7,,,48.52,C,,,,,,,50.0,85.0,,,failed_gate=MAX_OPEN_TRADES_PER_SYMBOL,,REFUSE,60.13,OVERLAP,,50.0,ORDER_FLOW_EXECUTION_AGENT,GOLD#,,,,2026-07-08 17:11:22.284400+00:00,2026-07-08 14:11:22.284400+00:00
,,,SELL,,,,,,,,,,,,,,,,,,,,failed_gate=GOLD_ANALYSIS_ONLY,,REFUSE,67.5,OVERLAP,,,GOLD_LIQUIDITY_HUNTER_PRO,GOLD#,,,,2026-07-08 17:12:20.093376+00:00,2026-07-08 14:12:20.093376+00:00
,,,SELL,,,,SAIN,38.7,,,60.44,B,,,,,,,50.0,93.0,,,failed_gate=MAX_OPEN_TRADES_PER_SYMBOL,,REFUSE,65.51,OVERLAP,,50.0,ORDER_FLOW_EXECUTION_AGENT,GOLD#,,,,2026-07-08 17:13:27.782210+00:00,2026-07-08 14:13:27.782210+00:00
,,,SELL,,,,SAIN,38.7,,,49.39,C,,,,,,,50.0,85.0,,,failed_gate=MAX_OPEN_TRADES_PER_SYMBOL,,REFUSE,60.35,OVERLAP,,50.0,ORDER_FLOW_EXECUTION_AGENT,GOLD#,,,,2026-07-08 17:14:06.305528+00:00,2026-07-08 14:14:06.305528+00:00
,,,SELL,,,,SAIN,38.7,,,60.68,C,,,,,,,50.0,85.0,,,failed_gate=MAX_OPEN_TRADES_PER_SYMBOL,,REFUSE,63.17,OVERLAP,,50.0,ORDER_FLOW_EXECUTION_AGENT,GOLD#,,,,2026-07-08 17:14:33.210386+00:00,2026-07-08 14:14:33.210386+00:00
,,,SELL,,,,SAIN,38.7,,,62.43,B,,,,,,,50.0,93.0,,,failed_gate=MAX_OPEN_TRADES_PER_SYMBOL,,REFUSE,66.01,OVERLAP,,50.0,ORDER_FLOW_EXECUTION_AGENT,GOLD#,,,,2026-07-08 17:15:14.887177+00:00,2026-07-08 14:15:14.887177+00:00
,,,SELL,,,,,,,,60.32,B,,,,,,,50.0,100.0,,,failed_gate=MAX_OPEN_TRADES_PER_SYMBOL,,REFUSE,67.58,OVERLAP,,50.0,ORDER_FLOW_EXECUTION_AGENT,GOLD#,,,,2026-07-08 17:15:48.266122+00:00,2026-07-08 14:15:48.266122+00:00
,,,SELL,,,,,,,,61.53,B,,,,,,,50.0,95.0,,,failed_gate=MAX_OPEN_TRADES_PER_SYMBOL,,REFUSE,66.38,OVERLAP,,50.0,ORDER_FLOW_EXECUTION_AGENT,GOLD#,,,,2026-07-08 17:16:22.088605+00:00,2026-07-08 14:16:22.088605+00:00
,,,SELL,,,,,,,,62.93,B,,,,,,,50.0,100.0,,,failed_gate=MAX_OPEN_TRADES_PER_SYMBOL,,REFUSE,68.23,OVERLAP,,50.0,ORDER_FLOW_EXECUTION_AGENT,GOLD#,,,,2026-07-08 17:16:59.040879+00:00,2026-07-08 14:16:59.040879+00:00
,,,SELL,,,,,,,,62.38,B,,,,,,,50.0,95.0,,,failed_gate=MAX_OPEN_TRADES_PER_SYMBOL,,REFUSE,66.59,OVERLAP,,50.0,ORDER_FLOW_EXECUTION_AGENT,GOLD#,,,,2026-07-08 17:17:34.219952+00:00,2026-07-08 14:17:34.219952+00:00
,,,SELL,,,,SAIN,30.3,,,46.39,C,,,,,,,55.0,93.0,,,failed_gate=MAX_OPEN_TRADES_PER_SYMBOL,,REFUSE,63.0,OVERLAP,,50.0,ORDER_FLOW_EXECUTION_AGENT,GOLD#,,,,2026-07-08 17:32:43.950893+00:00,2026-07-08 14:32:43.950893+00:00
,,,SELL,,,,SAIN,30.3,,,48.45,C,,,,,,,55.0,85.0,,,failed_gate=MAX_OPEN_TRADES_PER_SYMBOL,,REFUSE,61.11,OVERLAP,,50.0,ORDER_FLOW_EXECUTION_AGENT,GOLD#,,,,2026-07-08 17:33:46.175387+00:00,2026-07-08 14:33:46.175387+00:00
,,,SELL,,,,SAIN,30.3,,,47.25,C,,,,,,,55.0,85.0,,,failed_gate=MAX_OPEN_TRADES_PER_SYMBOL,,REFUSE,60.81,OVERLAP,,50.0,ORDER_FLOW_EXECUTION_AGENT,GOLD#,,,,2026-07-08 17:35:10.359921+00:00,2026-07-08 14:35:10.359921+00:00
,,,SELL,,,,,,,,48.79,C,,,,,,,55.0,95.0,,,failed_gate=MAX_OPEN_TRADES_PER_SYMBOL,,REFUSE,64.2,OVERLAP,,50.0,ORDER_FLOW_EXECUTION_AGENT,GOLD#,,,,2026-07-08 17:35:41.947365+00:00,2026-07-08 14:35:41.947365+00:00
,,,SELL,,,,,,,,,,,,,,,,,,,,failed_gate=GOLD_ANALYSIS_ONLY,,REFUSE,67.5,OVERLAP,,,GOLD_LIQUIDITY_HUNTER_PRO,GOLD#,,,,2026-07-08 17:38:09.252781+00:00,2026-07-08 14:38:09.252781+00:00
,,,SELL,,,,,,,,63.57,B,,,,,,,55.0,100.0,,,failed_gate=MAX_OPEN_TRADES_PER_SYMBOL,,REFUSE,69.39,OVERLAP,,50.0,ORDER_FLOW_EXECUTION_AGENT,GOLD#,,,,2026-07-08 17:39:45.030763+00:00,2026-07-08 14:39:45.030763+00:00
,,,SELL,,,,,,,,,,,,,,,,,,,,failed_gate=GOLD_ANALYSIS_ONLY,,REFUSE,67.5,OVERLAP,,,GOLD_LIQUIDITY_HUNTER_PRO,GOLD#,,,,2026-07-08 17:44:12.736086+00:00,2026-07-08 14:44:12.736086+00:00
,,,SELL,,,,,,,,40.0,C,,,,,,,50.0,100.0,,,failed_gate=MAX_OPEN_TRADES_PER_SYMBOL,,REFUSE,62.5,OVERLAP,,50.0,ORDER_FLOW_EXECUTION_AGENT,BTCUSD#,,,,2026-07-08 17:50:34.223654+00:00,2026-07-08 14:50:34.223654+00:00
,,,SELL,,,,,,,,,,,,,,,,,,,,failed_gate=GOLD_ANALYSIS_ONLY,,REFUSE,67.5,OVERLAP,,,GOLD_LIQUIDITY_HUNTER_PRO,GOLD#,,,,2026-07-08 17:51:45.136712+00:00,2026-07-08 14:51:45.136712+00:00
,,,SELL,,,,,,,,39.55,C,,,,,,,50.0,100.0,,,failed_gate=MAX_OPEN_TRADES_PER_SYMBOL,,REFUSE,62.39,OVERLAP,,50.0,ORDER_FLOW_EXECUTION_AGENT,BTCUSD#,,,,2026-07-08 17:53:14.042142+00:00,2026-07-08 14:53:14.042142+00:00
,,,SELL,,,,,,,,,,,,,,,,,,,,failed_gate=GOLD_ANALYSIS_ONLY,,REFUSE,67.5,OVERLAP,,,GOLD_LIQUIDITY_HUNTER_PRO,GOLD#,,,,2026-07-08 17:54:10.331372+00:00,2026-07-08 14:54:10.331372+00:00
,,,SELL,,,,,,,,64.76,C,,,,,,,50.0,85.0,,,failed_gate=MAX_OPEN_TRADES_PER_SYMBOL,,REFUSE,64.19,OVERLAP,,50.0,ORDER_FLOW_EXECUTION_AGENT,GOLD#,,,,2026-07-08 17:58:15.547694+00:00,2026-07-08 14:58:15.547694+00:00
,,,SELL,,,,SAIN,16.0,,,29.54,C,,,,,,,50.0,95.0,,,failed_gate=MAX_OPEN_TRADES_PER_SYMBOL,,REFUSE,58.38,OVERLAP,,50.0,ORDER_FLOW_EXECUTION_AGENT,BTCUSD#,,,,2026-07-08 17:58:56.410826+00:00,2026-07-08 14:58:56.410826+00:00
,,,SELL,,,,,,,,,,,,,,,,,,,,failed_gate=GOLD_ANALYSIS_ONLY,,REFUSE,67.5,OVERLAP,,,GOLD_LIQUIDITY_HUNTER_PRO,GOLD#,,,,2026-07-08 17:59:51.665065+00:00,2026-07-08 14:59:51.665065+00:00
,,,SELL,,,,,,,,64.58,C,,,,,,,50.0,85.0,,,failed_gate=MAX_OPEN_TRADES_PER_SYMBOL,,REFUSE,64.14,OVERLAP,,50.0,ORDER_FLOW_EXECUTION_AGENT,GOLD#,,,,2026-07-08 18:01:16.928904+00:00,2026-07-08 15:01:16.928904+00:00
,,,SELL,,,,SAIN,14.1,,,29.59,C,,,,,,,50.0,100.0,,,failed_gate=MAX_OPEN_TRADES_PER_SYMBOL,,REFUSE,59.9,OVERLAP,,50.0,ORDER_FLOW_EXECUTION_AGENT,BTCUSD#,,,,2026-07-08 18:01:47.017878+00:00,2026-07-08 15:01:47.017878+00:00
,,,SELL,,,,,,,,49.32,C,,,,,,,50.0,85.0,,,failed_gate=MAX_OPEN_TRADES_PER_SYMBOL,,REFUSE,60.33,OVERLAP,,50.0,ORDER_FLOW_EXECUTION_AGENT,GOLD#,,,,2026-07-08 18:02:14.380610+00:00,2026-07-08 15:02:14.380610+00:00
,,,SELL,,,,SAIN,14.1,,,39.64,C,,,,,,,50.0,95.0,,,failed_gate=MAX_OPEN_TRADES_PER_SYMBOL,,REFUSE,60.91,OVERLAP,,50.0,ORDER_FLOW_EXECUTION_AGENT,BTCUSD#,,,,2026-07-08 18:02:54.122332+00:00,2026-07-08 15:02:54.122332+00:00
,,,SELL,,,,SAIN,14.1,,,30.85,C,,,,,,,50.0,95.0,,,failed_gate=MAX_OPEN_TRADES_PER_SYMBOL,,REFUSE,58.71,OVERLAP,,50.0,ORDER_FLOW_EXECUTION_AGENT,BTCUSD#,,,,2026-07-08 18:03:41.075428+00:00,2026-07-08 15:03:41.075428+00:00
,,,SELL,,,,,,,,40.47,C,,,,,,,50.0,85.0,,,failed_gate=MAX_OPEN_TRADES_PER_SYMBOL,,REFUSE,58.12,OVERLAP,,50.0,ORDER_FLOW_EXECUTION_AGENT,GOLD#,,,,2026-07-08 18:03:59.370531+00:00,2026-07-08 15:03:59.370531+00:00
,,,SELL,,,,SAIN,14.1,,,31.06,C,,,,,,,50.0,95.0,,,failed_gate=MAX_OPEN_TRADES_PER_SYMBOL,,REFUSE,58.77,OVERLAP,,50.0,ORDER_FLOW_EXECUTION_AGENT,BTCUSD#,,,,2026-07-08 18:04:23.539830+00:00,2026-07-08 15:04:23.539830+00:00
,,,SELL,,,,,,,,49.66,C,,,,,,,50.0,85.0,,,failed_gate=MAX_OPEN_TRADES_PER_SYMBOL,,REFUSE,60.41,OVERLAP,,50.0,ORDER_FLOW_EXECUTION_AGENT,GOLD#,,,,2026-07-08 18:04:40.221191+00:00,2026-07-08 15:04:40.221191+00:00
,,,SELL,,,,SAIN,14.1,,,39.83,C,,,,,,,50.0,95.0,,,failed_gate=MAX_OPEN_TRADES_PER_SYMBOL,,REFUSE,60.96,OVERLAP,,50.0,ORDER_FLOW_EXECUTION_AGENT,BTCUSD#,,,,2026-07-08 18:05:03.531870+00:00,2026-07-08 15:05:03.531870+00:00
,,,SELL,,,,,,,,,,,,,,,,,,,,failed_gate=GOLD_ANALYSIS_ONLY,,REFUSE,67.5,OVERLAP,,,GOLD_LIQUIDITY_HUNTER_PRO,GOLD#,,,,2026-07-08 18:07:38.700981+00:00,2026-07-08 15:07:38.700981+00:00
,,,SELL,,,,SAIN,26.0,,,40.92,C,,,,,,,50.0,100.0,,,failed_gate=MAX_OPEN_TRADES_PER_SYMBOL,,REFUSE,62.73,OVERLAP,,50.0,ORDER_FLOW_EXECUTION_AGENT,BTCUSD#,,,,2026-07-08 18:09:31.413703+00:00,2026-07-08 15:09:31.413703+00:00
,,,SELL,,,,SAIN,26.0,,,41.71,C,,,,,,,50.0,100.0,,,failed_gate=MAX_OPEN_TRADES_PER_SYMBOL,,REFUSE,62.93,OVERLAP,,50.0,ORDER_FLOW_EXECUTION_AGENT,BTCUSD#,,,,2026-07-08 18:10:35.822799+00:00,2026-07-08 15:10:35.822799+00:00
,,,SELL,,,,,,,,,,,,,,,,,,,,failed_gate=GOLD_ANALYSIS_ONLY,,REFUSE,67.5,OVERLAP,,,GOLD_LIQUIDITY_HUNTER_PRO,GOLD#,,,,2026-07-08 18:11:19.395843+00:00,2026-07-08 15:11:19.395843+00:00
,,,SELL,,,,SAIN,34.5,,,38.49,C,,,,,,,50.0,100.0,,,failed_gate=MAX_OPEN_TRADES_PER_SYMBOL,,REFUSE,62.12,OVERLAP,,50.0,ORDER_FLOW_EXECUTION_AGENT,BTCUSD#,,,,2026-07-08 18:13:23.455414+00:00,2026-07-08 15:13:23.455414+00:00
,,,SELL,,,,PRUDENCE,40.0,,,51.06,C,,,,,,,50.0,85.0,,,failed_gate=MAX_OPEN_TRADES_PER_SYMBOL,,REFUSE,60.77,OVERLAP,,50.0,ORDER_FLOW_EXECUTION_AGENT,GOLD#,,,,2026-07-08 18:13:38.026863+00:00,2026-07-08 15:13:38.026863+00:00
,,,SELL,,,,PRUDENCE,40.0,,,53.2,C,,,,,,,50.0,93.0,,,failed_gate=MAX_OPEN_TRADES_PER_SYMBOL,,REFUSE,63.7,OVERLAP,,50.0,ORDER_FLOW_EXECUTION_AGENT,GOLD#,,,,2026-07-08 18:14:29.487680+00:00,2026-07-08 15:14:29.487680+00:00
,,,SELL,,,,,,,,61.96,B,,,,,,,50.0,100.0,,,failed_gate=MAX_OPEN_TRADES_PER_SYMBOL,,REFUSE,69.24,OVERLAP,,55.0,ORDER_FLOW_EXECUTION_AGENT,GOLD#,,,,2026-07-08 18:16:12.090939+00:00,2026-07-08 15:16:12.090939+00:00
,,,SELL,,,,,,,,,,,,,,,,,,,,failed_gate=GOLD_ANALYSIS_ONLY,,REFUSE,67.5,OVERLAP,,,GOLD_LIQUIDITY_HUNTER_PRO,GOLD#,,,,2026-07-08 18:16:51.430540+00:00,2026-07-08 15:16:51.430540+00:00
,,,SELL,,,,,,,,61.73,B,,,,,,,50.0,95.0,,,failed_gate=MAX_OPEN_TRADES_PER_SYMBOL,,REFUSE,66.43,OVERLAP,,50.0,ORDER_FLOW_EXECUTION_AGENT,GOLD#,,,,2026-07-08 18:19:07.754655+00:00,2026-07-08 15:19:07.754655+00:00
,,,SELL,,,,,,,,,,,,,,,,,,,,failed_gate=GOLD_ANALYSIS_ONLY,,REFUSE,67.5,OVERLAP,,,GOLD_LIQUIDITY_HUNTER_PRO,GOLD#,,,,2026-07-08 18:20:26.072628+00:00,2026-07-08 15:20:26.072628+00:00
,,,SELL,,,,,,,,54.75,C,,,,,,,50.0,85.0,,,failed_gate=MAX_OPEN_TRADES_PER_SYMBOL,,REFUSE,61.69,OVERLAP,,50.0,ORDER_FLOW_EXECUTION_AGENT,GOLD#,,,,2026-07-08 18:22:26.104903+00:00,2026-07-08 15:22:26.104903+00:00
,,,SELL,,,,,,,,56.12,C,,,,,,,50.0,93.0,,,failed_gate=MAX_OPEN_TRADES_PER_SYMBOL,,REFUSE,64.43,OVERLAP,,50.0,ORDER_FLOW_EXECUTION_AGENT,GOLD#,,,,2026-07-08 18:22:56.079506+00:00,2026-07-08 15:22:56.079506+00:00
,,,SELL,,,,,,,,55.8,C,,,,,,,50.0,85.0,,,failed_gate=MAX_OPEN_TRADES_PER_SYMBOL,,REFUSE,63.2,OVERLAP,,55.0,ORDER_FLOW_EXECUTION_AGENT,GOLD#,,,,2026-07-08 18:23:26.509919+00:00,2026-07-08 15:23:26.509919+00:00
,,,SELL,,,,SAIN,25.2,,,42.4,C,,,,,,,50.0,95.0,,,failed_gate=MAX_OPEN_TRADES_PER_SYMBOL,,REFUSE,61.6,OVERLAP,,50.0,ORDER_FLOW_EXECUTION_AGENT,BTCUSD#,,,,2026-07-08 18:23:41.188300+00:00,2026-07-08 15:23:41.188300+00:00
,,,SELL,,,,,,,,56.39,C,,,,,,,50.0,85.0,,,failed_gate=MAX_OPEN_TRADES_PER_SYMBOL,,REFUSE,63.35,OVERLAP,,55.0,ORDER_FLOW_EXECUTION_AGENT,GOLD#,,,,2026-07-08 18:23:58.266335+00:00,2026-07-08 15:23:58.266335+00:00
,,,SELL,,,,SAIN,25.2,,,42.83,C,,,,,,,50.0,95.0,,,failed_gate=MAX_OPEN_TRADES_PER_SYMBOL,,REFUSE,61.71,OVERLAP,,50.0,ORDER_FLOW_EXECUTION_AGENT,BTCUSD#,,,,2026-07-08 18:24:13.015151+00:00,2026-07-08 15:24:13.015151+00:00
,,,SELL,,,,,,,,56.02,C,,,,,,,50.0,85.0,,,failed_gate=MAX_OPEN_TRADES_PER_SYMBOL,,REFUSE,63.26,OVERLAP,,55.0,ORDER_FLOW_EXECUTION_AGENT,GOLD#,,,,2026-07-08 18:24:29.693999+00:00,2026-07-08 15:24:29.693999+00:00
,,,SELL,,,,SAIN,25.2,,,43.8,C,,,,,,,50.0,100.0,,,failed_gate=MAX_OPEN_TRADES_PER_SYMBOL,,REFUSE,63.45,OVERLAP,,50.0,ORDER_FLOW_EXECUTION_AGENT,BTCUSD#,,,,2026-07-08 18:24:47.892014+00:00,2026-07-08 15:24:47.892014+00:00
,,,SELL,,,,,,,,56.48,C,,,,,,,50.0,85.0,,,failed_gate=MAX_OPEN_TRADES_PER_SYMBOL,,REFUSE,63.37,OVERLAP,,55.0,ORDER_FLOW_EXECUTION_AGENT,GOLD#,,,,2026-07-08 18:25:05.787715+00:00,2026-07-08 15:25:05.787715+00:00
,,,SELL,,,,SAIN,39.1,,,40.34,C,,,,,,,50.0,95.0,,,failed_gate=MAX_OPEN_TRADES_PER_SYMBOL,,REFUSE,62.34,OVERLAP,,55.0,ORDER_FLOW_EXECUTION_AGENT,BTCUSD#,,,,2026-07-08 18:25:20.841136+00:00,2026-07-08 15:25:20.841136+00:00
,,,SELL,,,,SAIN,39.1,,,50.54,B,,,,,,,50.0,100.0,,,failed_gate=MAX_OPEN_TRADES_PER_SYMBOL,,REFUSE,66.38,OVERLAP,,55.0,ORDER_FLOW_EXECUTION_AGENT,BTCUSD#,,,,2026-07-08 18:25:56.380324+00:00,2026-07-08 15:25:56.380324+00:00
,,,SELL,,,,SAIN,39.1,,,51.41,B,,,,,,,50.0,95.0,,,failed_gate=MAX_OPEN_TRADES_PER_SYMBOL,,REFUSE,65.1,OVERLAP,,55.0,ORDER_FLOW_EXECUTION_AGENT,BTCUSD#,,,,2026-07-08 18:26:30.489636+00:00,2026-07-08 15:26:30.489636+00:00
,,,SELL,,,,SAIN,39.1,,,51.11,B,,,,,,,50.0,95.0,,,failed_gate=MAX_OPEN_TRADES_PER_SYMBOL,,REFUSE,65.03,OVERLAP,,55.0,ORDER_FLOW_EXECUTION_AGENT,BTCUSD#,,,,2026-07-08 18:27:02.546136+00:00,2026-07-08 15:27:02.546136+00:00
,,,SELL,,,,PRUDENCE,40.0,,,63.37,B,,,,,,,50.0,85.0,,,failed_gate=MAX_OPEN_TRADES_PER_SYMBOL,,REFUSE,65.09,OVERLAP,,55.0,ORDER_FLOW_EXECUTION_AGENT,GOLD#,,,,2026-07-08 18:31:16.926313+00:00,2026-07-08 15:31:16.926313+00:00
,,,SELL,,,,SAIN,30.3,,,47.63,C,,,,,,,55.0,95.0,,,failed_gate=MAX_OPEN_TRADES_PER_SYMBOL,,REFUSE,63.91,OVERLAP,,50.0,ORDER_FLOW_EXECUTION_AGENT,BTCUSD#,,,,2026-07-08 18:31:32.864783+00:00,2026-07-08 15:31:32.864783+00:00
,,,SELL,,,,PRUDENCE,40.0,,,64.33,B,,,,,,,50.0,85.0,,,failed_gate=MAX_OPEN_TRADES_PER_SYMBOL,,REFUSE,65.33,OVERLAP,,55.0,ORDER_FLOW_EXECUTION_AGENT,GOLD#,,,,2026-07-08 18:31:52.386331+00:00,2026-07-08 15:31:52.386331+00:00
,,,SELL,,,,SAIN,30.3,,,47.36,C,,,,,,,55.0,95.0,,,failed_gate=MAX_OPEN_TRADES_PER_SYMBOL,,REFUSE,63.84,OVERLAP,,50.0,ORDER_FLOW_EXECUTION_AGENT,BTCUSD#,,,,2026-07-08 18:32:07.465378+00:00,2026-07-08 15:32:07.465378+00:00
,,,SELL,,,,PRUDENCE,40.0,,,63.04,B,,,,,,,50.0,85.0,,,failed_gate=MAX_OPEN_TRADES_PER_SYMBOL,,REFUSE,65.01,OVERLAP,,55.0,ORDER_FLOW_EXECUTION_AGENT,GOLD#,,,,2026-07-08 18:32:30.382201+00:00,2026-07-08 15:32:30.382201+00:00
,,,SELL,,,,PRUDENCE,40.0,,,64.43,B,,,,,,,50.0,85.0,,,failed_gate=MAX_OPEN_TRADES_PER_SYMBOL,,REFUSE,65.36,OVERLAP,,55.0,ORDER_FLOW_EXECUTION_AGENT,GOLD#,,,,2026-07-08 18:33:07.056051+00:00,2026-07-08 15:33:07.056051+00:00
,,,SELL,,,,PRUDENCE,40.0,,,63.41,B,,,,,,,50.0,85.0,,,failed_gate=MAX_OPEN_TRADES_PER_SYMBOL,,REFUSE,65.1,OVERLAP,,55.0,ORDER_FLOW_EXECUTION_AGENT,GOLD#,,,,2026-07-08 18:33:46.615731+00:00,2026-07-08 15:33:46.615731+00:00
,,,SELL,,,,PRUDENCE,40.0,,,63.18,C,,,,,,,50.0,85.0,,,failed_gate=MAX_OPEN_TRADES_PER_SYMBOL,,REFUSE,63.8,OVERLAP,,50.0,ORDER_FLOW_EXECUTION_AGENT,GOLD#,,,,2026-07-08 18:34:26.649494+00:00,2026-07-08 15:34:26.649494+00:00
,,,SELL,,,,PRUDENCE,40.0,,,62.86,C,,,,,,,50.0,85.0,,,failed_gate=MAX_OPEN_TRADES_PER_SYMBOL,,REFUSE,63.72,OVERLAP,,50.0,ORDER_FLOW_EXECUTION_AGENT,GOLD#,,,,2026-07-08 18:35:05.746662+00:00,2026-07-08 15:35:05.746662+00:00
,,,SELL,,,,SAIN,31.2,,,48.14,B,,,,,,,55.0,100.0,,,failed_gate=MAX_OPEN_TRADES_PER_SYMBOL,,REFUSE,65.53,OVERLAP,,50.0,ORDER_FLOW_EXECUTION_AGENT,BTCUSD#,,,,2026-07-08 18:43:12.114473+00:00,2026-07-08 15:43:12.114473+00:00
,,,SELL,,,,SAIN,31.2,,,47.72,C,,,,,,,55.0,95.0,,,failed_gate=MAX_OPEN_TRADES_PER_SYMBOL,,REFUSE,63.93,OVERLAP,,50.0,ORDER_FLOW_EXECUTION_AGENT,BTCUSD#,,,,2026-07-08 18:43:53.403759+00:00,2026-07-08 15:43:53.403759+00:00
,,,SELL,,,,SAIN,31.2,,,47.9,C,,,,,,,55.0,95.0,,,failed_gate=MAX_OPEN_TRADES_PER_SYMBOL,,REFUSE,63.98,OVERLAP,,50.0,ORDER_FLOW_EXECUTION_AGENT,BTCUSD#,,,,2026-07-08 18:44:32.100917+00:00,2026-07-08 15:44:32.100917+00:00
,,,SELL,,,,SAIN,31.2,,,47.67,C,,,,,,,55.0,95.0,,,failed_gate=MAX_OPEN_TRADES_PER_SYMBOL,,REFUSE,63.92,OVERLAP,,50.0,ORDER_FLOW_EXECUTION_AGENT,BTCUSD#,,,,2026-07-08 18:45:11.565576+00:00,2026-07-08 15:45:11.565576+00:00
,,,SELL,,SAIN,5.0,SAIN,30.2,,,35.87,C,,,,,,,50.0,95.0,,,failed_gate=MAX_OPEN_TRADES_PER_SYMBOL,,REFUSE,59.97,OVERLAP,,50.0,ORDER_FLOW_EXECUTION_AGENT,BTCUSD#,,,,2026-07-08 18:53:24.625913+00:00,2026-07-08 15:53:24.625913+00:00
,,,SELL,,SAIN,10.2,SAIN,30.7,,,34.72,C,,,,,,,50.0,100.0,,,failed_gate=MAX_OPEN_TRADES_PER_SYMBOL,,REFUSE,61.18,OVERLAP,,50.0,ORDER_FLOW_EXECUTION_AGENT,BTCUSD#,,,,2026-07-08 18:57:09.197791+00:00,2026-07-08 15:57:09.197791+00:00
,,,SELL,,SAIN,10.2,SAIN,30.7,,,34.76,C,,,,,,,50.0,95.0,,,failed_gate=MAX_OPEN_TRADES_PER_SYMBOL,,REFUSE,59.69,OVERLAP,,50.0,ORDER_FLOW_EXECUTION_AGENT,BTCUSD#,,,,2026-07-08 18:57:34.627793+00:00,2026-07-08 15:57:34.627793+00:00
,,,SELL,,SAIN,10.2,SAIN,30.7,,,34.9,C,,,,,,,50.0,95.0,,,failed_gate=MAX_OPEN_TRADES_PER_SYMBOL,,REFUSE,59.73,OVERLAP,,50.0,ORDER_FLOW_EXECUTION_AGENT,BTCUSD#,,,,2026-07-08 18:58:00.044309+00:00,2026-07-08 15:58:00.044309+00:00
,,,SELL,,SAIN,10.2,SAIN,30.7,,,34.83,C,,,,,,,50.0,95.0,,,failed_gate=MAX_OPEN_TRADES_PER_SYMBOL,,REFUSE,59.71,OVERLAP,,50.0,ORDER_FLOW_EXECUTION_AGENT,BTCUSD#,,,,2026-07-08 18:58:28.092316+00:00,2026-07-08 15:58:28.092316+00:00
,,,SELL,,SAIN,10.2,SAIN,30.7,,,60.34,B,,,,,,,50.0,95.0,,,failed_gate=MAX_OPEN_TRADES_PER_SYMBOL,,REFUSE,66.09,OVERLAP,,50.0,ORDER_FLOW_EXECUTION_AGENT,BTCUSD#,,,,2026-07-08 18:58:54.417673+00:00,2026-07-08 15:58:54.417673+00:00
,,,BUY,,SAIN,30.5,,,,,37.06,C,,,,,,,50.0,95.0,,,failed_gate=MAX_OPEN_TRADES_PER_SYMBOL,,REFUSE,61.52,OVERLAP,,55.0,ORDER_FLOW_EXECUTION_AGENT,GOLD#,,,,2026-07-08 19:10:09.645815+00:00,2026-07-08 16:10:09.645815+00:00
,,,BUY,,SAIN,30.5,,,,,37.58,C,,,,,,,50.0,95.0,,,failed_gate=MAX_OPEN_TRADES_PER_SYMBOL,,REFUSE,61.64,OVERLAP,,55.0,ORDER_FLOW_EXECUTION_AGENT,GOLD#,,,,2026-07-08 19:10:30.780518+00:00,2026-07-08 16:10:30.780518+00:00
,,,BUY,,SAIN,30.5,,,,,37.68,C,,,,,,,50.0,100.0,,,failed_gate=MAX_OPEN_TRADES_PER_SYMBOL,,REFUSE,63.17,OVERLAP,,55.0,ORDER_FLOW_EXECUTION_AGENT,GOLD#,,,,2026-07-08 19:10:54.676902+00:00,2026-07-08 16:10:54.676902+00:00
,,,BUY,,SAIN,30.5,,,,,38.89,C,,,,,,,50.0,100.0,,,failed_gate=MAX_OPEN_TRADES_PER_SYMBOL,,REFUSE,63.47,OVERLAP,,55.0,ORDER_FLOW_EXECUTION_AGENT,GOLD#,,,,2026-07-08 19:11:17.180444+00:00,2026-07-08 16:11:17.180444+00:00
,,,BUY,,SAIN,30.5,,,,,38.55,C,,,,,,,50.0,95.0,,,failed_gate=MAX_OPEN_TRADES_PER_SYMBOL,,REFUSE,61.89,OVERLAP,,55.0,ORDER_FLOW_EXECUTION_AGENT,GOLD#,,,,2026-07-08 19:11:41.090900+00:00,2026-07-08 16:11:41.090900+00:00
,,,BUY,,SAIN,30.5,,,,,37.76,C,,,,,,,50.0,95.0,,,failed_gate=MAX_OPEN_TRADES_PER_SYMBOL,,REFUSE,61.69,OVERLAP,,55.0,ORDER_FLOW_EXECUTION_AGENT,GOLD#,,,,2026-07-08 19:12:03.216134+00:00,2026-07-08 16:12:03.216134+00:00
,,,BUY,,SAIN,30.5,,,,,37.91,C,,,,,,,50.0,95.0,,,failed_gate=MAX_OPEN_TRADES_PER_SYMBOL,,REFUSE,61.73,OVERLAP,,55.0,ORDER_FLOW_EXECUTION_AGENT,GOLD#,,,,2026-07-08 19:12:25.466207+00:00,2026-07-08 16:12:25.466207+00:00
,,,BUY,,SAIN,30.5,,,,,37.54,C,,,,,,,50.0,95.0,,,failed_gate=MAX_OPEN_TRADES_PER_SYMBOL,,REFUSE,61.63,OVERLAP,,55.0,ORDER_FLOW_EXECUTION_AGENT,GOLD#,,,,2026-07-08 19:12:48.280564+00:00,2026-07-08 16:12:48.280564+00:00
,,,BUY,,SAIN,30.5,,,,,38.24,C,,,,,,,50.0,95.0,,,failed_gate=MAX_OPEN_TRADES_PER_SYMBOL,,REFUSE,60.56,OVERLAP,,50.0,ORDER_FLOW_EXECUTION_AGENT,GOLD#,,,,2026-07-08 19:13:10.251182+00:00,2026-07-08 16:13:10.251182+00:00
,,,BUY,,SAIN,30.5,,,,,38.97,C,,,,,,,50.0,95.0,,,failed_gate=MAX_OPEN_TRADES_PER_SYMBOL,,REFUSE,60.74,OVERLAP,,50.0,ORDER_FLOW_EXECUTION_AGENT,GOLD#,,,,2026-07-08 19:13:32.531494+00:00,2026-07-08 16:13:32.531494+00:00
,,,BUY,,SAIN,30.5,,,,,37.92,C,,,,,,,50.0,95.0,,,failed_gate=MAX_OPEN_TRADES_PER_SYMBOL,,REFUSE,60.48,OVERLAP,,50.0,ORDER_FLOW_EXECUTION_AGENT,GOLD#,,,,2026-07-08 19:13:53.327103+00:00,2026-07-08 16:13:53.327103+00:00
,,,BUY,,SAIN,30.5,,,,,37.52,C,,,,,,,50.0,95.0,,,failed_gate=MAX_OPEN_TRADES_PER_SYMBOL,,REFUSE,60.38,OVERLAP,,50.0,ORDER_FLOW_EXECUTION_AGENT,GOLD#,,,,2026-07-08 19:14:14.770986+00:00,2026-07-08 16:14:14.770986+00:00
,,,BUY,,SAIN,30.5,,,,,37.87,C,,,,,,,50.0,95.0,,,failed_gate=MAX_OPEN_TRADES_PER_SYMBOL,,REFUSE,60.47,OVERLAP,,50.0,ORDER_FLOW_EXECUTION_AGENT,GOLD#,,,,2026-07-08 19:14:36.534844+00:00,2026-07-08 16:14:36.534844+00:00
,,,SELL,,,,SAIN,23.3,,,48.47,C,,,,,,,50.0,85.0,,,failed_gate=MAX_OPEN_TRADES_PER_SYMBOL,,REFUSE,62.62,OVERLAP,,60.0,ORDER_FLOW_EXECUTION_AGENT,GOLD#,,,,2026-07-08 19:15:44.015506+00:00,2026-07-08 16:15:44.015506+00:00
,,,SELL,,,,SAIN,23.3,,,48.52,C,,,,,,,50.0,85.0,,,failed_gate=MAX_OPEN_TRADES_PER_SYMBOL,,REFUSE,62.63,OVERLAP,,60.0,ORDER_FLOW_EXECUTION_AGENT,GOLD#,,,,2026-07-08 19:16:10.527379+00:00,2026-07-08 16:16:10.527379+00:00
,,,SELL,,,,SAIN,23.3,,,48.54,C,,,,,,,50.0,85.0,,,failed_gate=MAX_OPEN_TRADES_PER_SYMBOL,,REFUSE,62.63,OVERLAP,,60.0,ORDER_FLOW_EXECUTION_AGENT,GOLD#,,,,2026-07-08 19:16:37.390927+00:00,2026-07-08 16:16:37.390927+00:00
,,,SELL,,,,SAIN,23.3,,,33.27,C,,,,,,,50.0,85.0,,,failed_gate=MAX_OPEN_TRADES_PER_SYMBOL,,REFUSE,58.82,OVERLAP,,60.0,ORDER_FLOW_EXECUTION_AGENT,GOLD#,,,,2026-07-08 19:17:00.956118+00:00,2026-07-08 16:17:00.956118+00:00
,,,SELL,,,,SAIN,23.3,,,48.91,C,,,,,,,50.0,85.0,,,failed_gate=MAX_OPEN_TRADES_PER_SYMBOL,,REFUSE,62.73,OVERLAP,,60.0,ORDER_FLOW_EXECUTION_AGENT,GOLD#,,,,2026-07-08 19:17:25.946145+00:00,2026-07-08 16:17:25.946145+00:00
,,,BUY,,SAIN,20.7,,,,,50.04,C,,,,,,,50.0,85.0,,,failed_gate=MAX_OPEN_TRADES_PER_SYMBOL,,REFUSE,63.01,OVERLAP,,60.0,ORDER_FLOW_EXECUTION_AGENT,GOLD#,,,,2026-07-08 19:17:47.462022+00:00,2026-07-08 16:17:47.462022+00:00
,,,BUY,,SAIN,20.7,,,,,36.09,C,,,,,,,50.0,93.0,,,failed_gate=MAX_OPEN_TRADES_PER_SYMBOL,,REFUSE,60.67,OVERLAP,,55.0,ORDER_FLOW_EXECUTION_AGENT,GOLD#,,,,2026-07-08 19:18:10.801527+00:00,2026-07-08 16:18:10.801527+00:00
,,,BUY,,SAIN,20.7,,,,,36.05,C,,,,,,,50.0,93.0,,,failed_gate=MAX_OPEN_TRADES_PER_SYMBOL,,REFUSE,60.66,OVERLAP,,55.0,ORDER_FLOW_EXECUTION_AGENT,GOLD#,,,,2026-07-08 19:18:37.702467+00:00,2026-07-08 16:18:37.702467+00:00
,,,BUY,,SAIN,20.7,,,,,50.18,C,,,,,,,50.0,85.0,,,failed_gate=MAX_OPEN_TRADES_PER_SYMBOL,,REFUSE,61.8,OVERLAP,,55.0,ORDER_FLOW_EXECUTION_AGENT,GOLD#,,,,2026-07-08 19:19:04.388803+00:00,2026-07-08 16:19:04.388803+00:00
,,,BUY,,SAIN,20.7,,,,,50.31,C,,,,,,,50.0,85.0,,,failed_gate=MAX_OPEN_TRADES_PER_SYMBOL,,REFUSE,61.83,OVERLAP,,55.0,ORDER_FLOW_EXECUTION_AGENT,GOLD#,,,,2026-07-08 19:19:27.927905+00:00,2026-07-08 16:19:27.927905+00:00
,,,BUY,,SAIN,20.7,,,,,50.67,C,,,,,,,50.0,85.0,,,failed_gate=MAX_OPEN_TRADES_PER_SYMBOL,,REFUSE,61.92,OVERLAP,,55.0,ORDER_FLOW_EXECUTION_AGENT,GOLD#,,,,2026-07-08 19:19:52.307731+00:00,2026-07-08 16:19:52.307731+00:00
,,,BUY,,SAIN,29.9,,,,,49.13,C,,,,,,,50.0,93.0,,,failed_gate=MAX_OPEN_TRADES_PER_SYMBOL,,REFUSE,63.93,OVERLAP,,55.0,ORDER_FLOW_EXECUTION_AGENT,GOLD#,,,,2026-07-08 19:21:09.241246+00:00,2026-07-08 16:21:09.241246+00:00
,,,BUY,,SAIN,29.9,,,,,48.81,C,,,,,,,50.0,85.0,,,failed_gate=MAX_OPEN_TRADES_PER_SYMBOL,,REFUSE,60.2,OVERLAP,,50.0,ORDER_FLOW_EXECUTION_AGENT,GOLD#,,,,2026-07-08 19:22:24.280474+00:00,2026-07-08 16:22:24.280474+00:00
,,,BUY,,SAIN,22.3,,,,,50.32,C,,,,,,,50.0,85.0,,,failed_gate=MAX_OPEN_TRADES_PER_SYMBOL,,REFUSE,61.83,OVERLAP,,55.0,ORDER_FLOW_EXECUTION_AGENT,GOLD#,,,,2026-07-08 19:27:17.425480+00:00,2026-07-08 16:27:17.425480+00:00
,,,BUY,,SAIN,22.3,,,,,36.04,C,,,,,,,50.0,93.0,,,failed_gate=MAX_OPEN_TRADES_PER_SYMBOL,,REFUSE,60.66,OVERLAP,,55.0,ORDER_FLOW_EXECUTION_AGENT,GOLD#,,,,2026-07-08 19:27:42.924697+00:00,2026-07-08 16:27:42.924697+00:00
,,,BUY,,SAIN,22.3,,,,,38.56,C,,,,,,,50.0,93.0,,,failed_gate=MAX_OPEN_TRADES_PER_SYMBOL,,REFUSE,60.04,OVERLAP,,50.0,ORDER_FLOW_EXECUTION_AGENT,GOLD#,,,,2026-07-08 19:28:07.854545+00:00,2026-07-08 16:28:07.854545+00:00
,,,BUY,,SAIN,22.3,,,,,37.7,C,,,,,,,50.0,85.0,,,failed_gate=MAX_OPEN_TRADES_PER_SYMBOL,,REFUSE,58.67,OVERLAP,,55.0,ORDER_FLOW_EXECUTION_AGENT,GOLD#,,,,2026-07-08 19:28:59.597431+00:00,2026-07-08 16:28:59.597431+00:00
,,,BUY,,SAIN,22.3,,,,,51.96,C,,,,,,,50.0,85.0,,,failed_gate=MAX_OPEN_TRADES_PER_SYMBOL,,REFUSE,62.24,OVERLAP,,55.0,ORDER_FLOW_EXECUTION_AGENT,GOLD#,,,,2026-07-08 19:29:25.002769+00:00,2026-07-08 16:29:25.002769+00:00
,,,BUY,,SAIN,22.3,,,,,37.99,C,,,,,,,50.0,85.0,,,failed_gate=MAX_OPEN_TRADES_PER_SYMBOL,,REFUSE,58.75,OVERLAP,,55.0,ORDER_FLOW_EXECUTION_AGENT,GOLD#,,,,2026-07-08 19:29:50.802246+00:00,2026-07-08 16:29:50.802246+00:00
,,,SELL,,,,SAIN,3.7,,,53.8,C,,,,,,,50.0,85.0,,,failed_gate=MAX_OPEN_TRADES_PER_SYMBOL,,REFUSE,62.7,OVERLAP,,55.0,ORDER_FLOW_EXECUTION_AGENT,GOLD#,,,,2026-07-08 19:30:18.054929+00:00,2026-07-08 16:30:18.054929+00:00
,,,SELL,,,,SAIN,3.7,,,54.38,C,,,,,,,50.0,85.0,,,failed_gate=MAX_OPEN_TRADES_PER_SYMBOL,,REFUSE,62.84,OVERLAP,,55.0,ORDER_FLOW_EXECUTION_AGENT,GOLD#,,,,2026-07-08 19:30:46.436526+00:00,2026-07-08 16:30:46.436526+00:00
,,,BUY,,,,,,,,41.65,B,,,,,,,50.0,95.0,,,failed_gate=MAX_OPEN_TRADES_PER_SYMBOL,,REFUSE,65.16,OVERLAP,,65.0,ORDER_FLOW_EXECUTION_AGENT,GOLD#,,,,2026-07-08 19:31:14.403546+00:00,2026-07-08 16:31:14.403546+00:00
,,,BUY,,,,,,,,42.86,B,,,,,,,50.0,100.0,,,failed_gate=MAX_OPEN_TRADES_PER_SYMBOL,,REFUSE,66.97,OVERLAP,,65.0,ORDER_FLOW_EXECUTION_AGENT,GOLD#,,,,2026-07-08 19:31:42.211333+00:00,2026-07-08 16:31:42.211333+00:00
,,,BUY,,,,,,,,41.93,B,,,,,,,50.0,95.0,,,failed_gate=MAX_OPEN_TRADES_PER_SYMBOL,,REFUSE,65.23,OVERLAP,,65.0,ORDER_FLOW_EXECUTION_AGENT,GOLD#,,,,2026-07-08 19:32:21.769862+00:00,2026-07-08 16:32:21.769862+00:00
,,,BUY,,,,,,,,41.54,C,,,,,,,50.0,95.0,,,failed_gate=MAX_OPEN_TRADES_PER_SYMBOL,,REFUSE,62.63,OVERLAP,,55.0,ORDER_FLOW_EXECUTION_AGENT,GOLD#,,,,2026-07-08 19:32:49.137285+00:00,2026-07-08 16:32:49.137285+00:00
,,,BUY,,,,,,,,40.72,C,,,,,,,50.0,95.0,,,failed_gate=MAX_OPEN_TRADES_PER_SYMBOL,,REFUSE,62.43,OVERLAP,,55.0,ORDER_FLOW_EXECUTION_AGENT,GOLD#,,,,2026-07-08 19:33:17.042410+00:00,2026-07-08 16:33:17.042410+00:00
,,,SELL,,,,SAIN,3.7,,,40.55,C,,,,,,,50.0,85.0,,,failed_gate=MAX_OPEN_TRADES_PER_SYMBOL,,REFUSE,59.39,OVERLAP,,55.0,ORDER_FLOW_EXECUTION_AGENT,GOLD#,,,,2026-07-08 19:33:46.074119+00:00,2026-07-08 16:33:46.074119+00:00
,,,BUY,,,,,,,,40.69,C,,,,,,,50.0,95.0,,,failed_gate=MAX_OPEN_TRADES_PER_SYMBOL,,REFUSE,62.42,OVERLAP,,55.0,ORDER_FLOW_EXECUTION_AGENT,GOLD#,,,,2026-07-08 19:34:15.877490+00:00,2026-07-08 16:34:15.877490+00:00
,,,SELL,,,,SAIN,3.7,,,40.08,C,,,,,,,50.0,85.0,,,failed_gate=MAX_OPEN_TRADES_PER_SYMBOL,,REFUSE,59.27,OVERLAP,,55.0,ORDER_FLOW_EXECUTION_AGENT,GOLD#,,,,2026-07-08 19:34:42.795901+00:00,2026-07-08 16:34:42.795901+00:00
,,,BUY,,SAIN,31.6,,,,,47.84,C,,,,,,,50.0,85.0,,,failed_gate=MAX_OPEN_TRADES_PER_SYMBOL,,REFUSE,62.46,OVERLAP,,60.0,ORDER_FLOW_EXECUTION_AGENT,GOLD#,,,,2026-07-08 19:35:41.146318+00:00,2026-07-08 16:35:41.146318+00:00
,,,SELL,,,,SAIN,5.0,,,44.06,C,,,,,,,50.0,93.0,,,failed_gate=MAX_OPEN_TRADES_PER_SYMBOL,,REFUSE,62.66,OVERLAP,,55.0,ORDER_FLOW_EXECUTION_AGENT,GOLD#,,,,2026-07-08 19:36:41.030466+00:00,2026-07-08 16:36:41.030466+00:00
,,,SELL,,,,SAIN,5.0,,,44.47,C,,,,,,,50.0,85.0,,,failed_gate=MAX_OPEN_TRADES_PER_SYMBOL,,REFUSE,61.62,OVERLAP,,60.0,ORDER_FLOW_EXECUTION_AGENT,GOLD#,,,,2026-07-08 19:37:14.420694+00:00,2026-07-08 16:37:14.420694+00:00
,,,SELL,,,,SAIN,5.0,,,44.16,C,,,,,,,50.0,85.0,,,failed_gate=MAX_OPEN_TRADES_PER_SYMBOL,,REFUSE,61.54,OVERLAP,,60.0,ORDER_FLOW_EXECUTION_AGENT,GOLD#,,,,2026-07-08 19:37:50.738282+00:00,2026-07-08 16:37:50.738282+00:00
,,,SELL,,,,SAIN,5.0,,,44.95,C,,,,,,,50.0,85.0,,,failed_gate=MAX_OPEN_TRADES_PER_SYMBOL,,REFUSE,61.74,OVERLAP,,60.0,ORDER_FLOW_EXECUTION_AGENT,GOLD#,,,,2026-07-08 19:38:27.458490+00:00,2026-07-08 16:38:27.458490+00:00
,,,SELL,,,,SAIN,5.0,,,43.63,C,,,,,,,50.0,85.0,,,failed_gate=MAX_OPEN_TRADES_PER_SYMBOL,,REFUSE,61.41,OVERLAP,,60.0,ORDER_FLOW_EXECUTION_AGENT,GOLD#,,,,2026-07-08 19:39:05.866823+00:00,2026-07-08 16:39:05.866823+00:00
,,,SELL,,,,SAIN,5.0,,,43.73,C,,,,,,,50.0,85.0,,,failed_gate=MAX_OPEN_TRADES_PER_SYMBOL,,REFUSE,60.18,OVERLAP,,55.0,ORDER_FLOW_EXECUTION_AGENT,GOLD#,,,,2026-07-08 19:39:41.215500+00:00,2026-07-08 16:39:41.215500+00:00
,,,BUY,,SAIN,19.8,SAIN,7.6,,,34.15,C,,,,,,,50.0,100.0,,,failed_gate=MAX_OPEN_TRADES_PER_SYMBOL,,REFUSE,61.04,OVERLAP,,50.0,ORDER_FLOW_EXECUTION_AGENT,BTCUSD#,,,,2026-07-08 19:39:59.200126+00:00,2026-07-08 16:39:59.200126+00:00
,,,BUY,,,,,,,,61.35,B,,,,,,,50.0,85.0,,,failed_gate=MAX_OPEN_TRADES_PER_SYMBOL,,REFUSE,65.84,OVERLAP,,60.0,ORDER_FLOW_EXECUTION_AGENT,GOLD#,,,,2026-07-08 19:40:51.419831+00:00,2026-07-08 16:40:51.419831+00:00
,,,BUY,,,,,,,,59.27,B,,,,,,,50.0,85.0,,,failed_gate=MAX_OPEN_TRADES_PER_SYMBOL,,REFUSE,65.32,OVERLAP,,60.0,ORDER_FLOW_EXECUTION_AGENT,GOLD#,,,,2026-07-08 19:41:30.726928+00:00,2026-07-08 16:41:30.726928+00:00
,,,BUY,,,,,,,,48.18,C,,,,,,,50.0,85.0,,,failed_gate=MAX_OPEN_TRADES_PER_SYMBOL,,REFUSE,61.3,OVERLAP,,55.0,ORDER_FLOW_EXECUTION_AGENT,GOLD#,,,,2026-07-08 19:42:07.580445+00:00,2026-07-08 16:42:07.580445+00:00
,,,BUY,,,,,,,,59.64,C,,,,,,,50.0,85.0,,,failed_gate=MAX_OPEN_TRADES_PER_SYMBOL,,REFUSE,64.16,OVERLAP,,55.0,ORDER_FLOW_EXECUTION_AGENT,GOLD#,,,,2026-07-08 19:42:45.590282+00:00,2026-07-08 16:42:45.590282+00:00
,,,BUY,,,,,,,,60.94,B,,,,,,,50.0,85.0,,,failed_gate=MAX_OPEN_TRADES_PER_SYMBOL,,REFUSE,65.73,OVERLAP,,60.0,ORDER_FLOW_EXECUTION_AGENT,GOLD#,,,,2026-07-08 19:43:21.743655+00:00,2026-07-08 16:43:21.743655+00:00
,,,BUY,,,,,,,,62.2,B,,,,,,,50.0,93.0,,,failed_gate=MAX_OPEN_TRADES_PER_SYMBOL,,REFUSE,68.45,OVERLAP,,60.0,ORDER_FLOW_EXECUTION_AGENT,GOLD#,,,,2026-07-08 19:43:57.940912+00:00,2026-07-08 16:43:57.940912+00:00
,,,BUY,,,,,,,,63.31,B,,,,,,,50.0,85.0,,,failed_gate=MAX_OPEN_TRADES_PER_SYMBOL,,REFUSE,66.33,OVERLAP,,60.0,ORDER_FLOW_EXECUTION_AGENT,GOLD#,,,,2026-07-08 19:44:33.999956+00:00,2026-07-08 16:44:33.999956+00:00
,,,BUY,,,,,,,,65.26,B,,,,,,,50.0,93.0,,,failed_gate=MAX_OPEN_TRADES_PER_SYMBOL,,REFUSE,69.22,OVERLAP,,60.0,ORDER_FLOW_EXECUTION_AGENT,GOLD#,,,,2026-07-08 19:45:14.492267+00:00,2026-07-08 16:45:14.492267+00:00
,,,BUY,,,,,,,,57.52,B,,,,,,,50.0,95.0,,,failed_gate=MAX_OPEN_TRADES_PER_SYMBOL,,REFUSE,65.38,OVERLAP,,50.0,ORDER_FLOW_EXECUTION_AGENT,GOLD#,,,,2026-07-08 19:50:15.620313+00:00,2026-07-08 16:50:15.620313+00:00
,,,BUY,,,,,,,,57.94,B,,,,,,,50.0,95.0,,,failed_gate=MAX_OPEN_TRADES_PER_SYMBOL,,REFUSE,65.48,OVERLAP,,50.0,ORDER_FLOW_EXECUTION_AGENT,GOLD#,,,,2026-07-08 19:50:41.661577+00:00,2026-07-08 16:50:41.661577+00:00
,,,BUY,,,,,,,,58.46,B,,,,,,,50.0,95.0,,,failed_gate=MAX_OPEN_TRADES_PER_SYMBOL,,REFUSE,65.62,OVERLAP,,50.0,ORDER_FLOW_EXECUTION_AGENT,GOLD#,,,,2026-07-08 19:51:08.526211+00:00,2026-07-08 16:51:08.526211+00:00
,,,BUY,,,,,,,,58.39,B,,,,,,,50.0,95.0,,,failed_gate=MAX_OPEN_TRADES_PER_SYMBOL,,REFUSE,65.6,OVERLAP,,50.0,ORDER_FLOW_EXECUTION_AGENT,GOLD#,,,,2026-07-08 19:51:57.259661+00:00,2026-07-08 16:51:57.259661+00:00
,,,BUY,,,,,,,,70.2,B,,,,,,,50.0,95.0,,,failed_gate=MAX_OPEN_TRADES_PER_SYMBOL,,REFUSE,68.55,OVERLAP,,50.0,ORDER_FLOW_EXECUTION_AGENT,GOLD#,,,,2026-07-08 19:52:25.288047+00:00,2026-07-08 16:52:25.288047+00:00
,,,BUY,,,,,,,,70.76,B,,,,,,,50.0,100.0,,,failed_gate=MAX_OPEN_TRADES_PER_SYMBOL,,REFUSE,70.19,OVERLAP,,50.0,ORDER_FLOW_EXECUTION_AGENT,GOLD#,,,,2026-07-08 19:52:53.961573+00:00,2026-07-08 16:52:53.961573+00:00
,,,BUY,,,,,,,,70.79,B,,,,,,,50.0,95.0,,,failed_gate=MAX_OPEN_TRADES_PER_SYMBOL,,REFUSE,68.7,OVERLAP,,50.0,ORDER_FLOW_EXECUTION_AGENT,GOLD#,,,,2026-07-08 19:53:21.954813+00:00,2026-07-08 16:53:21.954813+00:00
,,,BUY,,,,,,,,70.01,B,,,,,,,50.0,95.0,,,failed_gate=MAX_OPEN_TRADES_PER_SYMBOL,,REFUSE,68.5,OVERLAP,,50.0,ORDER_FLOW_EXECUTION_AGENT,GOLD#,,,,2026-07-08 19:53:54.356976+00:00,2026-07-08 16:53:54.356976+00:00
,,,BUY,,,,,,,,70.43,B,,,,,,,50.0,95.0,,,failed_gate=MAX_OPEN_TRADES_PER_SYMBOL,,REFUSE,68.61,OVERLAP,,50.0,ORDER_FLOW_EXECUTION_AGENT,GOLD#,,,,2026-07-08 19:54:24.300376+00:00,2026-07-08 16:54:24.300376+00:00
,,,BUY,,,,,,,,69.64,B,,,,,,,50.0,95.0,,,failed_gate=MAX_OPEN_TRADES_PER_SYMBOL,,REFUSE,70.91,OVERLAP,,60.0,ORDER_FLOW_EXECUTION_AGENT,GOLD#,,,,2026-07-08 19:54:52.722601+00:00,2026-07-08 16:54:52.722601+00:00
,,,BUY,,,,,,,,57.29,B,,,,,,,50.0,100.0,,,failed_gate=MAX_OPEN_TRADES_PER_SYMBOL,,REFUSE,66.82,OVERLAP,,50.0,ORDER_FLOW_EXECUTION_AGENT,GOLD#,,,,2026-07-08 19:55:20.819464+00:00,2026-07-08 16:55:20.819464+00:00
,,,BUY,,,,,,,,57.21,B,,,,,,,50.0,100.0,,,failed_gate=MAX_OPEN_TRADES_PER_SYMBOL,,REFUSE,66.8,OVERLAP,,50.0,ORDER_FLOW_EXECUTION_AGENT,GOLD#,,,,2026-07-08 19:55:52.461786+00:00,2026-07-08 16:55:52.461786+00:00
,,,BUY,,,,,,,,47.06,C,,,,,,,50.0,95.0,,,failed_gate=MAX_OPEN_TRADES_PER_SYMBOL,,REFUSE,62.77,OVERLAP,,50.0,ORDER_FLOW_EXECUTION_AGENT,GOLD#,,,,2026-07-08 19:56:23.859954+00:00,2026-07-08 16:56:23.859954+00:00
,,,BUY,,,,,,,,46.94,C,,,,,,,50.0,95.0,,,failed_gate=MAX_OPEN_TRADES_PER_SYMBOL,,REFUSE,62.73,OVERLAP,,50.0,ORDER_FLOW_EXECUTION_AGENT,GOLD#,,,,2026-07-08 19:56:54.178755+00:00,2026-07-08 16:56:54.178755+00:00
,,,BUY,,,,,,,,46.87,C,,,,,,,50.0,95.0,,,failed_gate=MAX_OPEN_TRADES_PER_SYMBOL,,REFUSE,62.72,OVERLAP,,50.0,ORDER_FLOW_EXECUTION_AGENT,GOLD#,,,,2026-07-08 19:57:24.192982+00:00,2026-07-08 16:57:24.192982+00:00
,,,BUY,,,,,,,,57.95,B,,,,,,,50.0,95.0,,,failed_gate=MAX_OPEN_TRADES_PER_SYMBOL,,REFUSE,65.49,OVERLAP,,50.0,ORDER_FLOW_EXECUTION_AGENT,GOLD#,,,,2026-07-08 19:58:24.694704+00:00,2026-07-08 16:58:24.694704+00:00
,,,BUY,,,,,,,,57.97,B,,,,,,,50.0,95.0,,,failed_gate=MAX_OPEN_TRADES_PER_SYMBOL,,REFUSE,65.49,OVERLAP,,50.0,ORDER_FLOW_EXECUTION_AGENT,GOLD#,,,,2026-07-08 19:58:56.969084+00:00,2026-07-08 16:58:56.969084+00:00
,,,BUY,,,,,,,,47.28,C,,,,,,,50.0,95.0,,,failed_gate=MAX_OPEN_TRADES_PER_SYMBOL,,REFUSE,62.82,OVERLAP,,50.0,ORDER_FLOW_EXECUTION_AGENT,GOLD#,,,,2026-07-08 19:59:28.059623+00:00,2026-07-08 16:59:28.059623+00:00
,,,BUY,,,,,,,,58.12,B,,,,,,,50.0,95.0,,,failed_gate=MAX_OPEN_TRADES_PER_SYMBOL,,REFUSE,65.53,NEW_YORK,,50.0,ORDER_FLOW_EXECUTION_AGENT,GOLD#,,,,2026-07-08 20:00:00.834283+00:00,2026-07-08 17:00:00.834283+00:00
,,,BUY,,PRUDENCE,40.0,,,,,45.88,C,,,,,,,50.0,85.0,,,failed_gate=MAX_OPEN_TRADES_PER_SYMBOL,,REFUSE,59.47,NEW_YORK,,50.0,ORDER_FLOW_EXECUTION_AGENT,GOLD#,,,,2026-07-08 20:05:28.671918+00:00,2026-07-08 17:05:28.671918+00:00
,,,BUY,,PRUDENCE,40.0,,,,,45.98,C,,,,,,,50.0,85.0,,,failed_gate=MAX_OPEN_TRADES_PER_SYMBOL,,REFUSE,59.49,NEW_YORK,,50.0,ORDER_FLOW_EXECUTION_AGENT,GOLD#,,,,2026-07-08 20:06:30.499052+00:00,2026-07-08 17:06:30.499052+00:00
,,,BUY,,PRUDENCE,40.0,,,,,59.21,B,,,,,,,50.0,93.0,,,failed_gate=MAX_OPEN_TRADES_PER_SYMBOL,,REFUSE,65.2,NEW_YORK,,50.0,ORDER_FLOW_EXECUTION_AGENT,GOLD#,,,,2026-07-08 20:07:00.494901+00:00,2026-07-08 17:07:00.494901+00:00
,,,BUY,,PRUDENCE,40.0,,,,,60.92,B,,,,,,,50.0,93.0,,,failed_gate=MAX_OPEN_TRADES_PER_SYMBOL,,REFUSE,65.63,NEW_YORK,,50.0,ORDER_FLOW_EXECUTION_AGENT,GOLD#,,,,2026-07-08 20:07:33.297440+00:00,2026-07-08 17:07:33.297440+00:00
,,,BUY,,PRUDENCE,40.0,,,,,62.07,B,,,,,,,50.0,93.0,,,failed_gate=MAX_OPEN_TRADES_PER_SYMBOL,,REFUSE,65.92,NEW_YORK,,50.0,ORDER_FLOW_EXECUTION_AGENT,GOLD#,,,,2026-07-08 20:08:01.962049+00:00,2026-07-08 17:08:01.962049+00:00
,,,BUY,,PRUDENCE,40.0,,,,,60.73,C,,,,,,,50.0,85.0,,,failed_gate=MAX_OPEN_TRADES_PER_SYMBOL,,REFUSE,63.18,NEW_YORK,,50.0,ORDER_FLOW_EXECUTION_AGENT,GOLD#,,,,2026-07-08 20:08:31.041697+00:00,2026-07-08 17:08:31.041697+00:00
,,,BUY,,PRUDENCE,40.0,,,,,59.8,C,,,,,,,50.0,85.0,,,failed_gate=MAX_OPEN_TRADES_PER_SYMBOL,,REFUSE,62.95,NEW_YORK,,50.0,ORDER_FLOW_EXECUTION_AGENT,GOLD#,,,,2026-07-08 20:08:59.708539+00:00,2026-07-08 17:08:59.708539+00:00
,,,BUY,,PRUDENCE,40.0,,,,,60.3,C,,,,,,,50.0,85.0,,,failed_gate=MAX_OPEN_TRADES_PER_SYMBOL,,REFUSE,63.08,NEW_YORK,,50.0,ORDER_FLOW_EXECUTION_AGENT,GOLD#,,,,2026-07-08 20:09:26.934723+00:00,2026-07-08 17:09:26.934723+00:00
,,,BUY,,PRUDENCE,40.0,,,,,59.36,C,,,,,,,50.0,85.0,,,failed_gate=MAX_OPEN_TRADES_PER_SYMBOL,,REFUSE,62.84,NEW_YORK,,50.0,ORDER_FLOW_EXECUTION_AGENT,GOLD#,,,,2026-07-08 20:09:53.076674+00:00,2026-07-08 17:09:53.076674+00:00
,,,BUY,,PRUDENCE,40.0,,,,,59.33,C,,,,,,,50.0,85.0,,,failed_gate=MAX_OPEN_TRADES_PER_SYMBOL,,REFUSE,62.83,NEW_YORK,,50.0,ORDER_FLOW_EXECUTION_AGENT,GOLD#,,,,2026-07-08 20:10:20.934352+00:00,2026-07-08 17:10:20.934352+00:00
,,,BUY,,,,,,,,49.17,C,,,,,,,50.0,85.0,,,failed_gate=MAX_OPEN_TRADES_PER_SYMBOL,,REFUSE,60.29,NEW_YORK,,50.0,ORDER_FLOW_EXECUTION_AGENT,GOLD#,,,,2026-07-08 20:10:49.018720+00:00,2026-07-08 17:10:49.018720+00:00
,,,BUY,,,,,,,,65.57,C,,,,,,,50.0,85.0,,,failed_gate=MAX_OPEN_TRADES_PER_SYMBOL,,REFUSE,64.39,NEW_YORK,,50.0,ORDER_FLOW_EXECUTION_AGENT,GOLD#,,,,2026-07-08 20:12:25.100871+00:00,2026-07-08 17:12:25.100871+00:00
,,,BUY,,,,,,,,65.36,C,,,,,,,50.0,85.0,,,failed_gate=MAX_OPEN_TRADES_PER_SYMBOL,,REFUSE,64.34,NEW_YORK,,50.0,ORDER_FLOW_EXECUTION_AGENT,GOLD#,,,,2026-07-08 20:12:53.034975+00:00,2026-07-08 17:12:53.034975+00:00
,,,BUY,,,,,,,,52.21,C,,,,,,,50.0,93.0,,,failed_gate=MAX_OPEN_TRADES_PER_SYMBOL,,REFUSE,63.45,NEW_YORK,,50.0,ORDER_FLOW_EXECUTION_AGENT,GOLD#,,,,2026-07-08 20:13:18.208594+00:00,2026-07-08 17:13:18.208594+00:00
,,,BUY,,,,,,,,53.66,C,,,,,,,50.0,93.0,,,failed_gate=MAX_OPEN_TRADES_PER_SYMBOL,,REFUSE,63.81,NEW_YORK,,50.0,ORDER_FLOW_EXECUTION_AGENT,GOLD#,,,,2026-07-08 20:13:54.516303+00:00,2026-07-08 17:13:54.516303+00:00
,,,BUY,,,,,,,,53.26,C,,,,,,,50.0,85.0,,,failed_gate=MAX_OPEN_TRADES_PER_SYMBOL,,REFUSE,61.31,NEW_YORK,,50.0,ORDER_FLOW_EXECUTION_AGENT,GOLD#,,,,2026-07-08 20:14:22.365553+00:00,2026-07-08 17:14:22.365553+00:00
,,,BUY,,,,,,,,52.59,C,,,,,,,50.0,85.0,,,failed_gate=MAX_OPEN_TRADES_PER_SYMBOL,,REFUSE,61.15,NEW_YORK,,50.0,ORDER_FLOW_EXECUTION_AGENT,GOLD#,,,,2026-07-08 20:14:49.623419+00:00,2026-07-08 17:14:49.623419+00:00
,,,BUY,,,,,,,,69.49,B,,,,,,,50.0,85.0,,,failed_gate=MAX_OPEN_TRADES_PER_SYMBOL,,REFUSE,65.37,NEW_YORK,,50.0,ORDER_FLOW_EXECUTION_AGENT,GOLD#,,,,2026-07-08 20:16:20.681606+00:00,2026-07-08 17:16:20.681606+00:00
,,,BUY,,,,,,,,69.03,B,,,,,,,50.0,85.0,,,failed_gate=MAX_OPEN_TRADES_PER_SYMBOL,,REFUSE,65.26,NEW_YORK,,50.0,ORDER_FLOW_EXECUTION_AGENT,GOLD#,,,,2026-07-08 20:16:46.239097+00:00,2026-07-08 17:16:46.239097+00:00
,,,BUY,,,,,,,,69.08,B,,,,,,,50.0,85.0,,,failed_gate=MAX_OPEN_TRADES_PER_SYMBOL,,REFUSE,65.27,NEW_YORK,,50.0,ORDER_FLOW_EXECUTION_AGENT,GOLD#,,,,2026-07-08 20:17:09.180231+00:00,2026-07-08 17:17:09.180231+00:00
,,,BUY,,,,,,,,69.17,B,,,,,,,50.0,85.0,,,failed_gate=MAX_OPEN_TRADES_PER_SYMBOL,,REFUSE,65.29,NEW_YORK,,50.0,ORDER_FLOW_EXECUTION_AGENT,GOLD#,,,,2026-07-08 20:17:32.632131+00:00,2026-07-08 17:17:32.632131+00:00
,,,BUY,,,,,,,,42.95,C,,,,,,,50.0,85.0,,,failed_gate=MAX_OPEN_TRADES_PER_SYMBOL,,REFUSE,58.74,NEW_YORK,,50.0,ORDER_FLOW_EXECUTION_AGENT,GOLD#,,,,2026-07-08 20:17:58.753859+00:00,2026-07-08 17:17:58.753859+00:00
,,,SELL,,,,SAIN,8.9,,,42.69,C,,,,,,,50.0,85.0,,,failed_gate=MAX_OPEN_TRADES_PER_SYMBOL,,REFUSE,58.67,NEW_YORK,,50.0,ORDER_FLOW_EXECUTION_AGENT,GOLD#,,,,2026-07-08 20:18:22.273076+00:00,2026-07-08 17:18:22.273076+00:00
,,,BUY,,,,,,,,43.15,C,,,,,,,50.0,85.0,,,failed_gate=MAX_OPEN_TRADES_PER_SYMBOL,,REFUSE,58.79,NEW_YORK,,50.0,ORDER_FLOW_EXECUTION_AGENT,GOLD#,,,,2026-07-08 20:18:46.134010+00:00,2026-07-08 17:18:46.134010+00:00
,,,SELL,,,,SAIN,8.9,,,52.25,C,,,,,,,50.0,85.0,,,failed_gate=MAX_OPEN_TRADES_PER_SYMBOL,,REFUSE,61.06,NEW_YORK,,50.0,ORDER_FLOW_EXECUTION_AGENT,GOLD#,,,,2026-07-08 20:19:13.625958+00:00,2026-07-08 17:19:13.625958+00:00
,,,BUY,,,,,,,,43.85,C,,,,,,,50.0,85.0,,,failed_gate=MAX_OPEN_TRADES_PER_SYMBOL,,REFUSE,58.96,NEW_YORK,,50.0,ORDER_FLOW_EXECUTION_AGENT,GOLD#,,,,2026-07-08 20:19:37.807276+00:00,2026-07-08 17:19:37.807276+00:00
,,,BUY,,,,,,,,69.61,B,,,,,,,50.0,85.0,,,failed_gate=MAX_OPEN_TRADES_PER_SYMBOL,,REFUSE,65.4,NEW_YORK,,50.0,ORDER_FLOW_EXECUTION_AGENT,GOLD#,,,,2026-07-08 20:20:00.949968+00:00,2026-07-08 17:20:00.949968+00:00
,,,BUY,,,,,,,,65.7,C,,,,,,,50.0,85.0,,,failed_gate=MAX_OPEN_TRADES_PER_SYMBOL,,REFUSE,64.42,NEW_YORK,,50.0,ORDER_FLOW_EXECUTION_AGENT,GOLD#,,,,2026-07-08 20:22:11.130659+00:00,2026-07-08 17:22:11.130659+00:00
,,,BUY,,,,,,,,52.35,C,,,,,,,50.0,93.0,,,failed_gate=MAX_OPEN_TRADES_PER_SYMBOL,,REFUSE,63.49,NEW_YORK,,50.0,ORDER_FLOW_EXECUTION_AGENT,GOLD#,,,,2026-07-08 20:22:38.742916+00:00,2026-07-08 17:22:38.742916+00:00
,,,BUY,,,,,,,,52.22,C,,,,,,,50.0,93.0,,,failed_gate=MAX_OPEN_TRADES_PER_SYMBOL,,REFUSE,63.45,NEW_YORK,,50.0,ORDER_FLOW_EXECUTION_AGENT,GOLD#,,,,2026-07-08 20:23:08.982978+00:00,2026-07-08 17:23:08.982978+00:00
,,,BUY,,,,,,,,65.87,C,,,,,,,50.0,85.0,,,failed_gate=MAX_OPEN_TRADES_PER_SYMBOL,,REFUSE,64.47,NEW_YORK,,50.0,ORDER_FLOW_EXECUTION_AGENT,GOLD#,,,,2026-07-08 20:23:39.050031+00:00,2026-07-08 17:23:39.050031+00:00
,,,BUY,,,,,,,,66.46,C,,,,,,,50.0,85.0,,,failed_gate=MAX_OPEN_TRADES_PER_SYMBOL,,REFUSE,64.61,NEW_YORK,,50.0,ORDER_FLOW_EXECUTION_AGENT,GOLD#,,,,2026-07-08 20:24:13.648085+00:00,2026-07-08 17:24:13.648085+00:00
,,,BUY,,,,,,,,66.43,C,,,,,,,50.0,85.0,,,failed_gate=MAX_OPEN_TRADES_PER_SYMBOL,,REFUSE,64.61,NEW_YORK,,50.0,ORDER_FLOW_EXECUTION_AGENT,GOLD#,,,,2026-07-08 20:24:41.713057+00:00,2026-07-08 17:24:41.713057+00:00
,,,BUY,,,,,,,,49.76,C,,,,,,,50.0,95.0,,,failed_gate=MAX_OPEN_TRADES_PER_SYMBOL,,REFUSE,63.44,NEW_YORK,,50.0,ORDER_FLOW_EXECUTION_AGENT,GOLD#,,,,2026-07-08 20:25:11.679642+00:00,2026-07-08 17:25:11.679642+00:00
,,,BUY,,,,,,,,51.78,C,,,,,,,50.0,95.0,,,failed_gate=MAX_OPEN_TRADES_PER_SYMBOL,,REFUSE,63.95,NEW_YORK,,50.0,ORDER_FLOW_EXECUTION_AGENT,GOLD#,,,,2026-07-08 20:25:33.890950+00:00,2026-07-08 17:25:33.890950+00:00
,,,BUY,,,,,,,,51.78,C,,,,,,,50.0,95.0,,,failed_gate=MAX_OPEN_TRADES_PER_SYMBOL,,REFUSE,63.95,NEW_YORK,,50.0,ORDER_FLOW_EXECUTION_AGENT,GOLD#,,,,2026-07-08 20:25:56.402632+00:00,2026-07-08 17:25:56.402632+00:00
,,,BUY,,,,,,,,51.92,C,,,,,,,50.0,95.0,,,failed_gate=MAX_OPEN_TRADES_PER_SYMBOL,,REFUSE,63.98,NEW_YORK,,50.0,ORDER_FLOW_EXECUTION_AGENT,GOLD#,,,,2026-07-08 20:26:23.802299+00:00,2026-07-08 17:26:23.802299+00:00
,,,BUY,,,,,,,,63.42,B,,,,,,,50.0,95.0,,,failed_gate=MAX_OPEN_TRADES_PER_SYMBOL,,REFUSE,66.86,NEW_YORK,,50.0,ORDER_FLOW_EXECUTION_AGENT,GOLD#,,,,2026-07-08 20:26:51.532668+00:00,2026-07-08 17:26:51.532668+00:00
,,,BUY,,,,,,,,63.08,B,,,,,,,50.0,95.0,,,failed_gate=MAX_OPEN_TRADES_PER_SYMBOL,,REFUSE,66.77,NEW_YORK,,50.0,ORDER_FLOW_EXECUTION_AGENT,GOLD#,,,,2026-07-08 20:27:19.919002+00:00,2026-07-08 17:27:19.919002+00:00
,,,BUY,,,,,,,,62.12,B,,,,,,,50.0,95.0,,,failed_gate=MAX_OPEN_TRADES_PER_SYMBOL,,REFUSE,66.53,NEW_YORK,,50.0,ORDER_FLOW_EXECUTION_AGENT,GOLD#,,,,2026-07-08 20:27:47.725406+00:00,2026-07-08 17:27:47.725406+00:00
,,,BUY,,,,,,,,63.2,B,,,,,,,50.0,95.0,,,failed_gate=MAX_OPEN_TRADES_PER_SYMBOL,,REFUSE,66.8,NEW_YORK,,50.0,ORDER_FLOW_EXECUTION_AGENT,GOLD#,,,,2026-07-08 20:28:14.435067+00:00,2026-07-08 17:28:14.435067+00:00
,,,BUY,,,,,,,,63.77,B,,,,,,,50.0,95.0,,,failed_gate=MAX_OPEN_TRADES_PER_SYMBOL,,REFUSE,66.94,NEW_YORK,,50.0,ORDER_FLOW_EXECUTION_AGENT,GOLD#,,,,2026-07-08 20:28:42.337686+00:00,2026-07-08 17:28:42.337686+00:00
,,,BUY,,,,,,,,64.04,B,,,,,,,50.0,95.0,,,failed_gate=MAX_OPEN_TRADES_PER_SYMBOL,,REFUSE,67.01,NEW_YORK,,50.0,ORDER_FLOW_EXECUTION_AGENT,GOLD#,,,,2026-07-08 20:29:09.221366+00:00,2026-07-08 17:29:09.221366+00:00
,,,BUY,,,,,,,,63.12,B,,,,,,,50.0,95.0,,,failed_gate=MAX_OPEN_TRADES_PER_SYMBOL,,REFUSE,66.78,NEW_YORK,,50.0,ORDER_FLOW_EXECUTION_AGENT,GOLD#,,,,2026-07-08 20:29:37.413406+00:00,2026-07-08 17:29:37.413406+00:00
,,,BUY,,,,,,,,63.62,B,,,,,,,50.0,95.0,,,failed_gate=MAX_OPEN_TRADES_PER_SYMBOL,,REFUSE,66.91,NEW_YORK,,50.0,ORDER_FLOW_EXECUTION_AGENT,GOLD#,,,,2026-07-08 20:30:08.450886+00:00,2026-07-08 17:30:08.450886+00:00
,,,BUY,,,,,,,,64.27,B,,,,,,,50.0,100.0,,,failed_gate=MAX_OPEN_TRADES_PER_SYMBOL,,REFUSE,68.57,NEW_YORK,,50.0,ORDER_FLOW_EXECUTION_AGENT,GOLD#,,,,2026-07-08 20:30:36.311331+00:00,2026-07-08 17:30:36.311331+00:00
,,,BUY,,,,,,,,64.32,B,,,,,,,50.0,100.0,,,failed_gate=MAX_OPEN_TRADES_PER_SYMBOL,,REFUSE,68.58,NEW_YORK,,50.0,ORDER_FLOW_EXECUTION_AGENT,GOLD#,,,,2026-07-08 20:31:08.821199+00:00,2026-07-08 17:31:08.821199+00:00
,,,BUY,,,,,,,,65.24,B,,,,,,,50.0,95.0,,,failed_gate=MAX_OPEN_TRADES_PER_SYMBOL,,REFUSE,67.31,NEW_YORK,,50.0,ORDER_FLOW_EXECUTION_AGENT,GOLD#,,,,2026-07-08 20:31:38.910701+00:00,2026-07-08 17:31:38.910701+00:00
,,,BUY,,,,,,,,64.19,B,,,,,,,50.0,95.0,,,failed_gate=MAX_OPEN_TRADES_PER_SYMBOL,,REFUSE,67.05,NEW_YORK,,50.0,ORDER_FLOW_EXECUTION_AGENT,GOLD#,,,,2026-07-08 20:32:03.421269+00:00,2026-07-08 17:32:03.421269+00:00
,,,BUY,,,,,,,,63.99,B,,,,,,,50.0,95.0,,,failed_gate=MAX_OPEN_TRADES_PER_SYMBOL,,REFUSE,67.0,NEW_YORK,,50.0,ORDER_FLOW_EXECUTION_AGENT,GOLD#,,,,2026-07-08 20:32:27.827908+00:00,2026-07-08 17:32:27.827908+00:00
,,,BUY,,,,,,,,63.96,B,,,,,,,50.0,95.0,,,failed_gate=MAX_OPEN_TRADES_PER_SYMBOL,,REFUSE,66.99,NEW_YORK,,50.0,ORDER_FLOW_EXECUTION_AGENT,GOLD#,,,,2026-07-08 20:32:56.803578+00:00,2026-07-08 17:32:56.803578+00:00
,,,BUY,,,,,,,,53.73,C,,,,,,,50.0,95.0,,,failed_gate=MAX_OPEN_TRADES_PER_SYMBOL,,REFUSE,64.43,NEW_YORK,,50.0,ORDER_FLOW_EXECUTION_AGENT,GOLD#,,,,2026-07-08 20:33:19.587069+00:00,2026-07-08 17:33:19.587069+00:00
,,,BUY,,PRUDENCE,40.0,,,,,63.48,C,,,,,,,50.0,85.0,,,failed_gate=MAX_OPEN_TRADES_PER_SYMBOL,,REFUSE,63.87,NEW_YORK,,50.0,ORDER_FLOW_EXECUTION_AGENT,GOLD#,,,,2026-07-08 20:36:14.825764+00:00,2026-07-08 17:36:14.825764+00:00
,,,BUY,,PRUDENCE,40.0,,,,,46.97,C,,,,,,,50.0,85.0,,,failed_gate=MAX_OPEN_TRADES_PER_SYMBOL,,REFUSE,59.74,NEW_YORK,,50.0,ORDER_FLOW_EXECUTION_AGENT,GOLD#,,,,2026-07-08 20:40:08.458542+00:00,2026-07-08 17:40:08.458542+00:00
,,,SELL,,,,SAIN,11.1,,,38.46,C,,,,,,,50.0,90.0,,,failed_gate=MAX_OPEN_TRADES_PER_SYMBOL,,REFUSE,59.12,NEW_YORK,,50.0,ORDER_FLOW_EXECUTION_AGENT,GOLD#,,,,2026-07-08 20:42:52.835041+00:00,2026-07-08 17:42:52.835041+00:00
,,,BUY,,PRUDENCE,40.0,,,,,37.94,C,,,,,,,50.0,93.0,,,failed_gate=MAX_OPEN_TRADES_PER_SYMBOL,,REFUSE,59.88,NEW_YORK,,50.0,ORDER_FLOW_EXECUTION_AGENT,GOLD#,,,,2026-07-08 20:43:15.275445+00:00,2026-07-08 17:43:15.275445+00:00
,,,SELL,,,,SAIN,11.1,,,47.71,C,,,,,,,55.0,80.0,,,failed_gate=MAX_OPEN_TRADES_PER_SYMBOL,,REFUSE,59.43,NEW_YORK,,50.0,ORDER_FLOW_EXECUTION_AGENT,GOLD#,,,,2026-07-08 20:45:09.047150+00:00,2026-07-08 17:45:09.047150+00:00
,,,SELL,,,,SAIN,18.7,,,47.78,C,,,,,,,55.0,80.0,,,failed_gate=MAX_OPEN_TRADES_PER_SYMBOL,,REFUSE,59.45,NEW_YORK,,50.0,ORDER_FLOW_EXECUTION_AGENT,GOLD#,,,,2026-07-08 20:45:33.741583+00:00,2026-07-08 17:45:33.741583+00:00
,,,SELL,,,,SAIN,18.7,,,48.56,C,,,,,,,55.0,88.0,,,failed_gate=MAX_OPEN_TRADES_PER_SYMBOL,,REFUSE,62.04,NEW_YORK,,50.0,ORDER_FLOW_EXECUTION_AGENT,GOLD#,,,,2026-07-08 20:45:56.802934+00:00,2026-07-08 17:45:56.802934+00:00
,,,SELL,,,,SAIN,18.7,,,48.86,C,,,,,,,55.0,88.0,,,failed_gate=MAX_OPEN_TRADES_PER_SYMBOL,,REFUSE,62.12,NEW_YORK,,50.0,ORDER_FLOW_EXECUTION_AGENT,GOLD#,,,,2026-07-08 20:48:31.541262+00:00,2026-07-08 17:48:31.541262+00:00
,,,SELL,,,,SAIN,18.7,,,49.05,C,,,,,,,55.0,88.0,,,failed_gate=MAX_OPEN_TRADES_PER_SYMBOL,,REFUSE,62.16,NEW_YORK,,50.0,ORDER_FLOW_EXECUTION_AGENT,GOLD#,,,,2026-07-08 20:48:54.922912+00:00,2026-07-08 17:48:54.922912+00:00
,,,SELL,,,,SAIN,18.7,,,48.69,C,,,,,,,55.0,80.0,,,failed_gate=MAX_OPEN_TRADES_PER_SYMBOL,,REFUSE,59.67,NEW_YORK,,50.0,ORDER_FLOW_EXECUTION_AGENT,GOLD#,,,,2026-07-08 20:49:17.268088+00:00,2026-07-08 17:49:17.268088+00:00
,,,SELL,,,,SAIN,18.7,,,48.55,C,,,,,,,55.0,80.0,,,failed_gate=MAX_OPEN_TRADES_PER_SYMBOL,,REFUSE,59.64,NEW_YORK,,50.0,ORDER_FLOW_EXECUTION_AGENT,GOLD#,,,,2026-07-08 20:49:40.832854+00:00,2026-07-08 17:49:40.832854+00:00
,,,SELL,,,,SAIN,18.7,,,49.05,C,,,,,,,55.0,80.0,,,failed_gate=MAX_OPEN_TRADES_PER_SYMBOL,,REFUSE,59.76,NEW_YORK,,50.0,ORDER_FLOW_EXECUTION_AGENT,GOLD#,,,,2026-07-08 20:50:01.925092+00:00,2026-07-08 17:50:01.925092+00:00
,,,SELL,,,,SAIN,29.3,,,47.03,B,,,,,,,80.0,98.0,,,failed_gate=NEWS_BLACKOUT,,REFUSE,69.66,NEW_YORK,,50.0,ORDER_FLOW_EXECUTION_AGENT,GOLD#,,,,2026-07-08 20:50:26.011048+00:00,2026-07-08 17:50:26.011048+00:00
,,,SELL,,PRUDENCE,40.0,SAIN,17.7,,,43.81,C,,,,,,,55.0,100.0,,,failed_gate=NEWS_BLACKOUT,,REFUSE,64.45,NEW_YORK,,50.0,ORDER_FLOW_EXECUTION_AGENT,BTCUSD#,,,,2026-07-08 20:51:10.161936+00:00,2026-07-08 17:51:10.161936+00:00
,,,SELL,,PRUDENCE,40.0,SAIN,17.7,,,44.21,C,,,,,,,55.0,100.0,,,failed_gate=NEWS_BLACKOUT,,REFUSE,64.55,NEW_YORK,,50.0,ORDER_FLOW_EXECUTION_AGENT,BTCUSD#,,,,2026-07-08 20:51:35.333711+00:00,2026-07-08 17:51:35.333711+00:00
,,,SELL,,PRUDENCE,40.0,SAIN,17.7,,,43.9,C,,,,,,,55.0,100.0,,,failed_gate=NEWS_BLACKOUT,,REFUSE,64.47,NEW_YORK,,50.0,ORDER_FLOW_EXECUTION_AGENT,BTCUSD#,,,,2026-07-08 20:51:58.858385+00:00,2026-07-08 17:51:58.858385+00:00
,,,SELL,,,,SAIN,17.7,,,44.94,B,,,,,,,80.0,100.0,,,failed_gate=NEWS_BLACKOUT,,REFUSE,69.73,NEW_YORK,,50.0,ORDER_FLOW_EXECUTION_AGENT,BTCUSD#,,,,2026-07-08 20:52:22.011760+00:00,2026-07-08 17:52:22.011760+00:00
,,,SELL,,,,SAIN,17.7,,,55.19,B,,,,,,,80.0,100.0,,,failed_gate=NEWS_BLACKOUT,,REFUSE,72.3,NEW_YORK,,50.0,ORDER_FLOW_EXECUTION_AGENT,BTCUSD#,,,,2026-07-08 20:52:46.284430+00:00,2026-07-08 17:52:46.284430+00:00
,,,SELL,,,,SAIN,17.7,,,44.69,B,,,,,,,80.0,100.0,,,failed_gate=NEWS_BLACKOUT,,REFUSE,69.67,NEW_YORK,,50.0,ORDER_FLOW_EXECUTION_AGENT,BTCUSD#,,,,2026-07-08 20:53:14.220283+00:00,2026-07-08 17:53:14.220283+00:00
,,,SELL,,,,SAIN,17.7,,,55.85,B,,,,,,,80.0,100.0,,,failed_gate=NEWS_BLACKOUT,,REFUSE,72.46,NEW_YORK,,50.0,ORDER_FLOW_EXECUTION_AGENT,BTCUSD#,,,,2026-07-08 20:53:39.873821+00:00,2026-07-08 17:53:39.873821+00:00
,,,SELL,,,,SAIN,17.7,,,56.85,B,,,,,,,80.0,100.0,,,failed_gate=NEWS_BLACKOUT,,REFUSE,72.71,NEW_YORK,,50.0,ORDER_FLOW_EXECUTION_AGENT,BTCUSD#,,,,2026-07-08 20:54:07.165846+00:00,2026-07-08 17:54:07.165846+00:00
,,,SELL,,,,SAIN,29.3,,,46.89,C,,,,,,,55.0,88.0,,,failed_gate=NEWS_BLACKOUT,,REFUSE,61.62,NEW_YORK,,50.0,ORDER_FLOW_EXECUTION_AGENT,GOLD#,,,,2026-07-08 20:54:22.439441+00:00,2026-07-08 17:54:22.439441+00:00
,,,SELL,,,,SAIN,17.7,,,59.13,B,,,,,,,80.0,100.0,,,failed_gate=NEWS_BLACKOUT,,REFUSE,73.28,NEW_YORK,,50.0,ORDER_FLOW_EXECUTION_AGENT,BTCUSD#,,,,2026-07-08 20:54:38.909224+00:00,2026-07-08 17:54:38.909224+00:00
,,,SELL,,,,,,,,48.26,B,,,,,,,80.0,100.0,,,failed_gate=NEWS_BLACKOUT,,REFUSE,70.56,NEW_YORK,,50.0,ORDER_FLOW_EXECUTION_AGENT,BTCUSD#,,,,2026-07-08 20:55:13.095166+00:00,2026-07-08 17:55:13.095166+00:00
,,,SELL,,,,SAIN,34.8,,,46.61,C,,,,,,,55.0,88.0,,,failed_gate=NEWS_BLACKOUT,,REFUSE,61.55,NEW_YORK,,50.0,ORDER_FLOW_EXECUTION_AGENT,GOLD#,,,,2026-07-08 20:55:27.583704+00:00,2026-07-08 17:55:27.583704+00:00
,,,SELL,,,,,,,,48.42,B,,,,,,,80.0,100.0,,,failed_gate=NEWS_BLACKOUT,,REFUSE,70.61,NEW_YORK,,50.0,ORDER_FLOW_EXECUTION_AGENT,BTCUSD#,,,,2026-07-08 20:55:38.190001+00:00,2026-07-08 17:55:38.190001+00:00
,,,SELL,,,,SAIN,34.8,,,47.86,C,,,,,,,55.0,88.0,,,failed_gate=NEWS_BLACKOUT,,REFUSE,61.87,NEW_YORK,,50.0,ORDER_FLOW_EXECUTION_AGENT,GOLD#,,,,2026-07-08 20:55:53.554599+00:00,2026-07-08 17:55:53.554599+00:00
,,,SELL,,,,,,,,49.27,B,,,,,,,80.0,100.0,,,failed_gate=NEWS_BLACKOUT,,REFUSE,70.82,NEW_YORK,,50.0,ORDER_FLOW_EXECUTION_AGENT,BTCUSD#,,,,2026-07-08 20:56:06.327389+00:00,2026-07-08 17:56:06.327389+00:00
,,,SELL,,,,SAIN,34.8,,,47.32,C,,,,,,,55.0,80.0,,,failed_gate=NEWS_BLACKOUT,,REFUSE,59.33,NEW_YORK,,50.0,ORDER_FLOW_EXECUTION_AGENT,GOLD#,,,,2026-07-08 20:56:17.864845+00:00,2026-07-08 17:56:17.864845+00:00
,,,SELL,,,,,,,,49.35,B,,,,,,,80.0,100.0,,,failed_gate=NEWS_BLACKOUT,,REFUSE,70.84,NEW_YORK,,50.0,ORDER_FLOW_EXECUTION_AGENT,BTCUSD#,,,,2026-07-08 20:56:28.141075+00:00,2026-07-08 17:56:28.141075+00:00
,,,SELL,,,,SAIN,34.8,,,47.94,C,,,,,,,55.0,80.0,,,failed_gate=NEWS_BLACKOUT,,REFUSE,59.48,NEW_YORK,,50.0,ORDER_FLOW_EXECUTION_AGENT,GOLD#,,,,2026-07-08 20:56:40.210624+00:00,2026-07-08 17:56:40.210624+00:00
,,,SELL,,,,,,,,49.17,B,,,,,,,80.0,100.0,,,failed_gate=NEWS_BLACKOUT,,REFUSE,70.79,NEW_YORK,,50.0,ORDER_FLOW_EXECUTION_AGENT,BTCUSD#,,,,2026-07-08 20:56:50.414300+00:00,2026-07-08 17:56:50.414300+00:00
,,,SELL,,,,SAIN,34.8,,,48.23,C,,,,,,,55.0,88.0,,,failed_gate=NEWS_BLACKOUT,,REFUSE,61.96,NEW_YORK,,50.0,ORDER_FLOW_EXECUTION_AGENT,GOLD#,,,,2026-07-08 20:57:02.234303+00:00,2026-07-08 17:57:02.234303+00:00
,,,SELL,,,,SAIN,34.8,,,48.07,C,,,,,,,55.0,80.0,,,failed_gate=NEWS_BLACKOUT,,REFUSE,59.52,NEW_YORK,,50.0,ORDER_FLOW_EXECUTION_AGENT,GOLD#,,,,2026-07-08 20:57:23.180459+00:00,2026-07-08 17:57:23.180459+00:00
,,,SELL,,,,,,,,49.43,B,,,,,,,55.0,100.0,,,failed_gate=NEWS_BLACKOUT,,REFUSE,65.86,NEW_YORK,,50.0,ORDER_FLOW_EXECUTION_AGENT,BTCUSD#,,,,2026-07-08 20:57:36.435652+00:00,2026-07-08 17:57:36.435652+00:00
,,,SELL,,,,SAIN,34.8,,,48.28,C,,,,,,,55.0,80.0,,,failed_gate=NEWS_BLACKOUT,,REFUSE,59.57,NEW_YORK,,50.0,ORDER_FLOW_EXECUTION_AGENT,GOLD#,,,,2026-07-08 20:57:49.111617+00:00,2026-07-08 17:57:49.111617+00:00
,,,SELL,,,,,,,,49.39,B,,,,,,,55.0,100.0,,,failed_gate=NEWS_BLACKOUT,,REFUSE,65.85,NEW_YORK,,50.0,ORDER_FLOW_EXECUTION_AGENT,BTCUSD#,,,,2026-07-08 20:58:03.201377+00:00,2026-07-08 17:58:03.201377+00:00
,,,SELL,,,,SAIN,34.8,,,48.16,C,,,,,,,55.0,80.0,,,failed_gate=NEWS_BLACKOUT,,REFUSE,59.54,NEW_YORK,,50.0,ORDER_FLOW_EXECUTION_AGENT,GOLD#,,,,2026-07-08 20:58:14.616603+00:00,2026-07-08 17:58:14.616603+00:00
,,,SELL,,,,SAIN,34.8,,,48.44,C,,,,,,,55.0,80.0,,,failed_gate=NEWS_BLACKOUT,,REFUSE,59.61,NEW_YORK,,50.0,ORDER_FLOW_EXECUTION_AGENT,GOLD#,,,,2026-07-08 20:58:37.536887+00:00,2026-07-08 17:58:37.536887+00:00
,,,SELL,,,,SAIN,34.8,,,47.56,C,,,,,,,55.0,80.0,,,failed_gate=NEWS_BLACKOUT,,REFUSE,59.39,NEW_YORK,,50.0,ORDER_FLOW_EXECUTION_AGENT,GOLD#,,,,2026-07-08 20:59:00.822967+00:00,2026-07-08 17:59:00.822967+00:00
,,,SELL,,,,SAIN,34.8,,,47.67,C,,,,,,,55.0,80.0,,,failed_gate=NEWS_BLACKOUT,,REFUSE,59.42,NEW_YORK,,50.0,ORDER_FLOW_EXECUTION_AGENT,GOLD#,,,,2026-07-08 20:59:21.851949+00:00,2026-07-08 17:59:21.851949+00:00
,,,SELL,,,,SAIN,34.8,,,47.61,C,,,,,,,55.0,80.0,,,failed_gate=NEWS_BLACKOUT,,REFUSE,59.4,NEW_YORK,,50.0,ORDER_FLOW_EXECUTION_AGENT,GOLD#,,,,2026-07-08 20:59:42.703308+00:00,2026-07-08 17:59:42.703308+00:00
,,,SELL,,,,,,,,44.15,C,,,,,,,50.0,95.0,,,failed_gate=NEWS_BLACKOUT,,REFUSE,62.04,NEW_YORK,,50.0,ORDER_FLOW_EXECUTION_AGENT,GOLD#,,,,2026-07-08 21:00:19.021025+00:00,2026-07-08 18:00:19.021025+00:00
,,,SELL,,,,SAIN,23.4,,,45.43,C,,,,,,,50.0,95.0,,,failed_gate=NEWS_BLACKOUT,,REFUSE,62.36,NEW_YORK,,50.0,ORDER_FLOW_EXECUTION_AGENT,BTCUSD#,,,,2026-07-08 21:00:36.745891+00:00,2026-07-08 18:00:36.745891+00:00
,,,BUY,,,,,,,,49.94,C,,,,,,,50.0,78.0,,,failed_gate=NEWS_BLACKOUT,,REFUSE,58.38,NEW_YORK,,50.0,ORDER_FLOW_EXECUTION_AGENT,GOLD#,,,,2026-07-08 21:02:01.757348+00:00,2026-07-08 18:02:01.757348+00:00
,,,BUY,,,,,,,,52.68,C,,,,,,,50.0,78.0,,,failed_gate=NEWS_BLACKOUT,,REFUSE,59.07,NEW_YORK,,50.0,ORDER_FLOW_EXECUTION_AGENT,GOLD#,,,,2026-07-08 21:02:32.382528+00:00,2026-07-08 18:02:32.382528+00:00
,,,SELL,,,,,,,,,,,,,,,,,,,,failed_gate=GOLD_ANALYSIS_ONLY,,REFUSE,67.5,NEW_YORK,,,GOLD_LIQUIDITY_HUNTER_PRO,GOLD#,,,,2026-07-08 21:04:17.152502+00:00,2026-07-08 18:04:17.152502+00:00
,,,SELL,,,,SAIN,22.8,,,36.6,C,,,,,,,50.0,95.0,,,failed_gate=NEWS_BLACKOUT,,REFUSE,60.15,NEW_YORK,,50.0,ORDER_FLOW_EXECUTION_AGENT,BTCUSD#,,,,2026-07-08 21:07:10.278556+00:00,2026-07-08 18:07:10.278556+00:00
,,,SELL,,,,SAIN,19.7,,,45.63,C,,,,,,,50.0,85.0,,,failed_gate=NEWS_BLACKOUT,,REFUSE,59.41,NEW_YORK,,50.0,ORDER_FLOW_EXECUTION_AGENT,GOLD#,,,,2026-07-08 21:07:25.987290+00:00,2026-07-08 18:07:25.987290+00:00
,,,SELL,,,,SAIN,22.8,,,36.62,C,,,,,,,50.0,95.0,,,failed_gate=NEWS_BLACKOUT,,REFUSE,60.16,NEW_YORK,,50.0,ORDER_FLOW_EXECUTION_AGENT,BTCUSD#,,,,2026-07-08 21:07:42.371042+00:00,2026-07-08 18:07:42.371042+00:00
,,,SELL,,,,SAIN,19.7,,,45.98,C,,,,,,,50.0,93.0,,,failed_gate=NEWS_BLACKOUT,,REFUSE,61.89,NEW_YORK,,50.0,ORDER_FLOW_EXECUTION_AGENT,GOLD#,,,,2026-07-08 21:07:57.974549+00:00,2026-07-08 18:07:57.974549+00:00
,,,SELL,,,,SAIN,22.8,,,37.41,C,,,,,,,50.0,95.0,,,failed_gate=NEWS_BLACKOUT,,REFUSE,60.35,NEW_YORK,,50.0,ORDER_FLOW_EXECUTION_AGENT,BTCUSD#,,,,2026-07-08 21:08:16.935037+00:00,2026-07-08 18:08:16.935037+00:00
,,,SELL,,,,SAIN,19.7,,,46.25,C,,,,,,,50.0,85.0,,,failed_gate=NEWS_BLACKOUT,,REFUSE,59.56,NEW_YORK,,50.0,ORDER_FLOW_EXECUTION_AGENT,GOLD#,,,,2026-07-08 21:08:35.421695+00:00,2026-07-08 18:08:35.421695+00:00
,,,SELL,,,,SAIN,19.7,,,,,,,,,,,,,,,failed_gate=GOLD_ANALYSIS_ONLY,,REFUSE,67.5,NEW_YORK,,,GOLD_LIQUIDITY_HUNTER_PRO,GOLD#,,,,2026-07-08 21:08:51.327312+00:00,2026-07-08 18:08:51.327312+00:00
,,,SELL,,,,SAIN,22.8,,,36.48,C,,,,,,,50.0,95.0,,,failed_gate=NEWS_BLACKOUT,,REFUSE,60.12,NEW_YORK,,50.0,ORDER_FLOW_EXECUTION_AGENT,BTCUSD#,,,,2026-07-08 21:08:55.093177+00:00,2026-07-08 18:08:55.093177+00:00
,,,SELL,,,,SAIN,22.8,,,63.23,B,,,,,,,50.0,95.0,,,failed_gate=NEWS_BLACKOUT,,REFUSE,66.81,NEW_YORK,,50.0,ORDER_FLOW_EXECUTION_AGENT,BTCUSD#,,,,2026-07-08 21:09:29.727214+00:00,2026-07-08 18:09:29.727214+00:00
,,,SELL,,,,SAIN,19.7,,,46.36,C,,,,,,,50.0,85.0,,,failed_gate=NEWS_BLACKOUT,,REFUSE,59.59,NEW_YORK,,50.0,ORDER_FLOW_EXECUTION_AGENT,GOLD#,,,,2026-07-08 21:09:48.870359+00:00,2026-07-08 18:09:48.870359+00:00
,,,SELL,,,,SAIN,22.8,,,63.23,B,,-3.1,True,,,,50.0,95.0,,,failed_gate=DAILY_KILLSWITCH_MAX_LOSSES,,REFUSE,66.81,NEW_YORK,,50.0,ORDER_FLOW_EXECUTION_AGENT,BTCUSD#,,,,2026-07-08 21:10:06.913442+00:00,2026-07-08 18:10:06.913442+00:00
,,,SELL,,,,,,,,46.11,C,,-3.1,True,,,,50.0,85.0,,,failed_gate=DAILY_KILLSWITCH_MAX_LOSSES,,REFUSE,59.53,NEW_YORK,,50.0,ORDER_FLOW_EXECUTION_AGENT,GOLD#,,,,2026-07-08 21:11:03.645850+00:00,2026-07-08 18:11:03.645850+00:00
,,,BUY,,,,,,,,67.59,C,,-3.1,True,,,,50.0,78.0,,,failed_gate=DAILY_KILLSWITCH_MAX_LOSSES,,REFUSE,62.8,NEW_YORK,,50.0,ORDER_FLOW_EXECUTION_AGENT,GOLD#,,,,2026-07-08 21:11:43.244042+00:00,2026-07-08 18:11:43.244042+00:00
,,,BUY,,,,,,,,56.57,C,,-3.1,True,,,,50.0,78.0,,,failed_gate=DAILY_KILLSWITCH_MAX_LOSSES,,REFUSE,60.04,NEW_YORK,,50.0,ORDER_FLOW_EXECUTION_AGENT,GOLD#,,,,2026-07-08 21:14:01.140393+00:00,2026-07-08 18:14:01.140393+00:00
,,,SELL,,,,SAIN,15.0,,,46.8,C,,-3.1,True,,,,50.0,85.0,,,failed_gate=DAILY_KILLSWITCH_MAX_LOSSES,,REFUSE,59.7,NEW_YORK,,50.0,ORDER_FLOW_EXECUTION_AGENT,GOLD#,,,,2026-07-08 21:17:39.450203+00:00,2026-07-08 18:17:39.450203+00:00
,,,SELL,,,,SAIN,15.0,,,62.32,C,,-3.1,True,,,,50.0,85.0,,,failed_gate=DAILY_KILLSWITCH_MAX_LOSSES,,REFUSE,63.58,NEW_YORK,,50.0,ORDER_FLOW_EXECUTION_AGENT,GOLD#,,,,2026-07-08 21:18:00.962503+00:00,2026-07-08 18:18:00.962503+00:00
,,,SELL,,,,SAIN,15.0,,,36.34,C,,-3.1,True,,,,50.0,93.0,,,failed_gate=DAILY_KILLSWITCH_MAX_LOSSES,,REFUSE,59.48,NEW_YORK,,50.0,ORDER_FLOW_EXECUTION_AGENT,GOLD#,,,,2026-07-08 21:18:36.759392+00:00,2026-07-08 18:18:36.759392+00:00
,,,SELL,,,,SAIN,15.0,,,46.93,C,,-3.1,True,,,,50.0,85.0,,,failed_gate=DAILY_KILLSWITCH_MAX_LOSSES,,REFUSE,59.73,NEW_YORK,,50.0,ORDER_FLOW_EXECUTION_AGENT,GOLD#,,,,2026-07-08 21:18:56.982851+00:00,2026-07-08 18:18:56.982851+00:00
,,,SELL,,,,SAIN,15.0,,,62.31,C,,-3.1,True,,,,50.0,85.0,,,failed_gate=DAILY_KILLSWITCH_MAX_LOSSES,,REFUSE,63.58,NEW_YORK,,50.0,ORDER_FLOW_EXECUTION_AGENT,GOLD#,,,,2026-07-08 21:19:36.998213+00:00,2026-07-08 18:19:36.998213+00:00
,,,SELL,,,,SAIN,15.0,,,62.83,C,,-3.1,True,,,,50.0,85.0,,,failed_gate=DAILY_KILLSWITCH_MAX_LOSSES,,REFUSE,63.71,NEW_YORK,,50.0,ORDER_FLOW_EXECUTION_AGENT,GOLD#,,,,2026-07-08 21:19:57.013343+00:00,2026-07-08 18:19:57.013343+00:00
,,,SELL,,,,SAIN,5.0,,,35.24,C,,-3.1,True,,,,50.0,93.0,,,failed_gate=DAILY_KILLSWITCH_MAX_LOSSES,,REFUSE,59.21,NEW_YORK,,50.0,ORDER_FLOW_EXECUTION_AGENT,GOLD#,,,,2026-07-08 21:20:53.323210+00:00,2026-07-08 18:20:53.323210+00:00
,,,SELL,,,,SAIN,5.0,,,47.21,C,,-3.1,True,,,,50.0,85.0,,,failed_gate=DAILY_KILLSWITCH_MAX_LOSSES,,REFUSE,59.8,NEW_YORK,,50.0,ORDER_FLOW_EXECUTION_AGENT,GOLD#,,,,2026-07-08 21:22:56.517969+00:00,2026-07-08 18:22:56.517969+00:00
,,,SELL,,,,SAIN,5.0,,,47.13,C,,-3.1,True,,,,50.0,85.0,,,failed_gate=DAILY_KILLSWITCH_MAX_LOSSES,,REFUSE,59.78,NEW_YORK,,50.0,ORDER_FLOW_EXECUTION_AGENT,GOLD#,,,,2026-07-08 21:23:39.644872+00:00,2026-07-08 18:23:39.644872+00:00
,,,SELL,,,,SAIN,5.0,,,47.19,C,,-3.1,True,,,,50.0,85.0,,,failed_gate=DAILY_KILLSWITCH_MAX_LOSSES,,REFUSE,59.8,NEW_YORK,,50.0,ORDER_FLOW_EXECUTION_AGENT,GOLD#,,,,2026-07-08 21:23:59.901344+00:00,2026-07-08 18:23:59.901344+00:00
,,,SELL,,,,SAIN,5.0,,,46.96,C,,-3.1,True,,,,50.0,85.0,,,failed_gate=DAILY_KILLSWITCH_MAX_LOSSES,,REFUSE,59.74,NEW_YORK,,50.0,ORDER_FLOW_EXECUTION_AGENT,GOLD#,,,,2026-07-08 21:24:40.545742+00:00,2026-07-08 18:24:40.545742+00:00
,,,SELL,,,,SAIN,13.6,,,43.97,C,,-3.1,True,,,,50.0,100.0,,,failed_gate=DAILY_KILLSWITCH_MAX_LOSSES,,REFUSE,63.49,NEW_YORK,,50.0,ORDER_FLOW_EXECUTION_AGENT,GOLD#,,,,2026-07-08 21:25:22.271009+00:00,2026-07-08 18:25:22.271009+00:00
,,,SELL,,,,SAIN,16.9,,,40.5,C,,-3.1,True,,,,50.0,100.0,,,failed_gate=DAILY_KILLSWITCH_MAX_LOSSES,,REFUSE,62.62,NEW_YORK,,50.0,ORDER_FLOW_EXECUTION_AGENT,BTCUSD#,,,,2026-07-08 21:25:31.651205+00:00,2026-07-08 18:25:31.651205+00:00
,,,SELL,,,,SAIN,13.6,,,34.61,C,,-3.1,True,,,,50.0,100.0,,,failed_gate=DAILY_KILLSWITCH_MAX_LOSSES,,REFUSE,61.15,NEW_YORK,,50.0,ORDER_FLOW_EXECUTION_AGENT,GOLD#,,,,2026-07-08 21:25:44.305308+00:00,2026-07-08 18:25:44.305308+00:00
,,,SELL,,,,SAIN,13.6,,,44.79,C,,-3.1,True,,,,50.0,100.0,,,failed_gate=DAILY_KILLSWITCH_MAX_LOSSES,,REFUSE,63.7,NEW_YORK,,50.0,ORDER_FLOW_EXECUTION_AGENT,GOLD#,,,,2026-07-08 21:26:08.252660+00:00,2026-07-08 18:26:08.252660+00:00
,,,SELL,,,,SAIN,16.9,,,40.59,C,,-3.1,True,,,,50.0,100.0,,,failed_gate=DAILY_KILLSWITCH_MAX_LOSSES,,REFUSE,62.65,NEW_YORK,,50.0,ORDER_FLOW_EXECUTION_AGENT,BTCUSD#,,,,2026-07-08 21:26:16.712903+00:00,2026-07-08 18:26:16.712903+00:00
,,,SELL,,,,SAIN,13.6,,,45.24,C,,-3.1,True,,,,50.0,100.0,,,failed_gate=DAILY_KILLSWITCH_MAX_LOSSES,,REFUSE,63.81,NEW_YORK,,50.0,ORDER_FLOW_EXECUTION_AGENT,GOLD#,,,,2026-07-08 21:26:29.336609+00:00,2026-07-08 18:26:29.336609+00:00
,,,SELL,,,,SAIN,16.9,,,31.18,C,,-3.1,True,,,,50.0,100.0,,,failed_gate=DAILY_KILLSWITCH_MAX_LOSSES,,REFUSE,60.3,NEW_YORK,,50.0,ORDER_FLOW_EXECUTION_AGENT,BTCUSD#,,,,2026-07-08 21:26:41.148387+00:00,2026-07-08 18:26:41.148387+00:00
,,,SELL,,,,SAIN,13.6,,,45.12,C,,-3.1,True,,,,50.0,95.0,,,failed_gate=DAILY_KILLSWITCH_MAX_LOSSES,,REFUSE,62.28,NEW_YORK,,50.0,ORDER_FLOW_EXECUTION_AGENT,GOLD#,,,,2026-07-08 21:26:53.540207+00:00,2026-07-08 18:26:53.540207+00:00
,,,SELL,,SAIN,12.6,SAIN,16.9,,,31.16,C,,-3.1,True,,,,50.0,100.0,,,failed_gate=DAILY_KILLSWITCH_MAX_LOSSES,,REFUSE,60.29,NEW_YORK,,50.0,ORDER_FLOW_EXECUTION_AGENT,BTCUSD#,,,,2026-07-08 21:29:19.056526+00:00,2026-07-08 18:29:19.056526+00:00
,,,SELL,,SAIN,12.6,SAIN,16.9,,,31.11,C,,-3.1,True,,,,50.0,100.0,,,failed_gate=DAILY_KILLSWITCH_MAX_LOSSES,,REFUSE,60.28,NEW_YORK,,50.0,ORDER_FLOW_EXECUTION_AGENT,BTCUSD#,,,,2026-07-08 21:29:40.764566+00:00,2026-07-08 18:29:40.764566+00:00
,,,SELL,,SAIN,12.6,SAIN,16.9,,,31.26,C,,-3.1,True,,,,50.0,100.0,,,failed_gate=DAILY_KILLSWITCH_MAX_LOSSES,,REFUSE,60.31,NEW_YORK,,50.0,ORDER_FLOW_EXECUTION_AGENT,BTCUSD#,,,,2026-07-08 21:30:01.945378+00:00,2026-07-08 18:30:01.945378+00:00
,,,SELL,,SAIN,11.7,SAIN,24.3,,,42.5,C,,-3.1,True,,,,50.0,100.0,,,failed_gate=DAILY_KILLSWITCH_MAX_LOSSES,,REFUSE,63.12,NEW_YORK,,50.0,ORDER_FLOW_EXECUTION_AGENT,BTCUSD#,,,,2026-07-08 21:31:56.749680+00:00,2026-07-08 18:31:56.749680+00:00
,,,SELL,,,,SAIN,24.3,,,42.32,C,,-3.1,True,,,,50.0,100.0,,,failed_gate=DAILY_KILLSWITCH_MAX_LOSSES,,REFUSE,63.08,NEW_YORK,,50.0,ORDER_FLOW_EXECUTION_AGENT,BTCUSD#,,,,2026-07-08 21:32:19.972054+00:00,2026-07-08 18:32:19.972054+00:00
,,,SELL,,,,SAIN,4.7,,,55.48,C,,-3.1,True,,,,50.0,85.0,,,failed_gate=DAILY_KILLSWITCH_MAX_LOSSES,,REFUSE,61.87,NEW_YORK,,50.0,ORDER_FLOW_EXECUTION_AGENT,GOLD#,,,,2026-07-08 21:32:32.806165+00:00,2026-07-08 18:32:32.806165+00:00
,,,SELL,,SAIN,11.7,SAIN,24.3,,,41.27,C,,-3.1,True,,,,50.0,100.0,,,failed_gate=DAILY_KILLSWITCH_MAX_LOSSES,,REFUSE,62.82,NEW_YORK,,50.0,ORDER_FLOW_EXECUTION_AGENT,BTCUSD#,,,,2026-07-08 21:32:46.306404+00:00,2026-07-08 18:32:46.306404+00:00
,,,BUY,,SAIN,23.9,,,,,40.34,C,,-3.1,True,,,,50.0,93.0,,,failed_gate=DAILY_KILLSWITCH_MAX_LOSSES,,REFUSE,60.48,NEW_YORK,,50.0,ORDER_FLOW_EXECUTION_AGENT,GOLD#,,,,2026-07-08 21:32:58.835319+00:00,2026-07-08 18:32:58.835319+00:00
,,,SELL,,,,SAIN,24.3,,,42.11,C,,-3.1,True,,,,50.0,100.0,,,failed_gate=DAILY_KILLSWITCH_MAX_LOSSES,,REFUSE,63.03,NEW_YORK,,50.0,ORDER_FLOW_EXECUTION_AGENT,BTCUSD#,,,,2026-07-08 21:33:10.347326+00:00,2026-07-08 18:33:10.347326+00:00
,,,SELL,,,,SAIN,4.7,,,41.35,C,,-3.1,True,,,,50.0,85.0,,,failed_gate=DAILY_KILLSWITCH_MAX_LOSSES,,REFUSE,58.34,NEW_YORK,,50.0,ORDER_FLOW_EXECUTION_AGENT,GOLD#,,,,2026-07-08 21:33:22.958109+00:00,2026-07-08 18:33:22.958109+00:00
,,,SELL,,,,SAIN,24.3,,,42.99,C,,-3.1,True,,,,50.0,100.0,,,failed_gate=DAILY_KILLSWITCH_MAX_LOSSES,,REFUSE,63.25,NEW_YORK,,50.0,ORDER_FLOW_EXECUTION_AGENT,BTCUSD#,,,,2026-07-08 21:33:34.647110+00:00,2026-07-08 18:33:34.647110+00:00
,,,SELL,,,,SAIN,24.3,,,43.77,C,,-3.1,True,,,,50.0,100.0,,,failed_gate=DAILY_KILLSWITCH_MAX_LOSSES,,REFUSE,63.44,NEW_YORK,,50.0,ORDER_FLOW_EXECUTION_AGENT,BTCUSD#,,,,2026-07-08 21:34:00.764629+00:00,2026-07-08 18:34:00.764629+00:00
,,,SELL,,,,SAIN,24.3,,,43.48,C,,-3.1,True,,,,50.0,100.0,,,failed_gate=DAILY_KILLSWITCH_MAX_LOSSES,,REFUSE,63.37,NEW_YORK,,50.0,ORDER_FLOW_EXECUTION_AGENT,BTCUSD#,,,,2026-07-08 21:34:26.479968+00:00,2026-07-08 18:34:26.479968+00:00
,,,SELL,,,,SAIN,24.3,,,44.01,C,,-3.1,True,,,,50.0,100.0,,,failed_gate=DAILY_KILLSWITCH_MAX_LOSSES,,REFUSE,63.5,NEW_YORK,,50.0,ORDER_FLOW_EXECUTION_AGENT,BTCUSD#,,,,2026-07-08 21:34:52.122493+00:00,2026-07-08 18:34:52.122493+00:00
,,,BUY,,SAIN,23.9,,,,,55.89,C,,-3.1,True,,,,50.0,85.0,,,failed_gate=DAILY_KILLSWITCH_MAX_LOSSES,,REFUSE,61.97,NEW_YORK,,50.0,ORDER_FLOW_EXECUTION_AGENT,GOLD#,,,,2026-07-08 21:35:05.171012+00:00,2026-07-08 18:35:05.171012+00:00
,,,SELL,,SAIN,1.7,,,,,36.36,C,,-3.1,True,,,,50.0,100.0,,,failed_gate=DAILY_KILLSWITCH_MAX_LOSSES,,REFUSE,61.59,NEW_YORK,,50.0,ORDER_FLOW_EXECUTION_AGENT,BTCUSD#,,,,2026-07-08 21:35:20.500297+00:00,2026-07-08 18:35:20.500297+00:00
,,,SELL,,SAIN,1.7,,,,,37.13,C,,-3.1,True,,,,50.0,100.0,,,failed_gate=DAILY_KILLSWITCH_MAX_LOSSES,,REFUSE,61.78,NEW_YORK,,50.0,ORDER_FLOW_EXECUTION_AGENT,BTCUSD#,,,,2026-07-08 21:35:50.764622+00:00,2026-07-08 18:35:50.764622+00:00
,,,BUY,,SAIN,23.8,,,,,54.49,C,,-3.1,True,,,,50.0,85.0,,,failed_gate=DAILY_KILLSWITCH_MAX_LOSSES,,REFUSE,61.62,NEW_YORK,,50.0,ORDER_FLOW_EXECUTION_AGENT,GOLD#,,,,2026-07-08 21:36:03.996097+00:00,2026-07-08 18:36:03.996097+00:00
,,,SELL,,SAIN,1.7,,,,,37.22,C,,-3.1,True,,,,50.0,100.0,,,failed_gate=DAILY_KILLSWITCH_MAX_LOSSES,,REFUSE,61.8,NEW_YORK,,50.0,ORDER_FLOW_EXECUTION_AGENT,BTCUSD#,,,,2026-07-08 21:36:17.457712+00:00,2026-07-08 18:36:17.457712+00:00
,,,BUY,,SAIN,23.8,,,,,54.26,C,,-3.1,True,,,,50.0,85.0,,,failed_gate=DAILY_KILLSWITCH_MAX_LOSSES,,REFUSE,61.56,NEW_YORK,,50.0,ORDER_FLOW_EXECUTION_AGENT,GOLD#,,,,2026-07-08 21:36:30.464043+00:00,2026-07-08 18:36:30.464043+00:00
,,,SELL,,SAIN,1.7,,,,,38.49,C,,-3.1,True,,,,50.0,100.0,,,failed_gate=DAILY_KILLSWITCH_MAX_LOSSES,,REFUSE,62.12,NEW_YORK,,50.0,ORDER_FLOW_EXECUTION_AGENT,BTCUSD#,,,,2026-07-08 21:36:48.317106+00:00,2026-07-08 18:36:48.317106+00:00
,,,BUY,,SAIN,23.8,,,,,43.81,C,,-3.1,True,,,,50.0,93.0,,,failed_gate=DAILY_KILLSWITCH_MAX_LOSSES,,REFUSE,61.35,NEW_YORK,,50.0,ORDER_FLOW_EXECUTION_AGENT,GOLD#,,,,2026-07-08 21:37:02.149270+00:00,2026-07-08 18:37:02.149270+00:00
,,,SELL,,SAIN,1.7,,,,,37.68,C,,-3.1,True,,,,50.0,100.0,,,failed_gate=DAILY_KILLSWITCH_MAX_LOSSES,,REFUSE,61.92,NEW_YORK,,50.0,ORDER_FLOW_EXECUTION_AGENT,BTCUSD#,,,,2026-07-08 21:37:18.702229+00:00,2026-07-08 18:37:18.702229+00:00
,,,BUY,,SAIN,23.8,,,,,44.65,C,,-3.1,True,,,,50.0,85.0,,,failed_gate=DAILY_KILLSWITCH_MAX_LOSSES,,REFUSE,59.16,NEW_YORK,,50.0,ORDER_FLOW_EXECUTION_AGENT,GOLD#,,,,2026-07-08 21:37:31.969538+00:00,2026-07-08 18:37:31.969538+00:00
,,,SELL,,SAIN,1.7,,,,,36.93,C,,-3.1,True,,,,50.0,100.0,,,failed_gate=DAILY_KILLSWITCH_MAX_LOSSES,,REFUSE,61.73,NEW_YORK,,50.0,ORDER_FLOW_EXECUTION_AGENT,BTCUSD#,,,,2026-07-08 21:37:45.616065+00:00,2026-07-08 18:37:45.616065+00:00
,,,BUY,,SAIN,23.8,,,,,45.3,C,,-3.1,True,,,,50.0,93.0,,,failed_gate=DAILY_KILLSWITCH_MAX_LOSSES,,REFUSE,61.73,NEW_YORK,,50.0,ORDER_FLOW_EXECUTION_AGENT,GOLD#,,,,2026-07-08 21:37:58.643463+00:00,2026-07-08 18:37:58.643463+00:00
,,,BUY,,SAIN,23.8,,,,,45.53,C,,-3.1,True,,,,50.0,85.0,,,failed_gate=DAILY_KILLSWITCH_MAX_LOSSES,,REFUSE,59.38,NEW_YORK,,50.0,ORDER_FLOW_EXECUTION_AGENT,GOLD#,,,,2026-07-08 21:38:23.070818+00:00,2026-07-08 18:38:23.070818+00:00
,,,SELL,,SAIN,1.7,,,,,37.31,C,,-3.1,True,,,,50.0,100.0,,,failed_gate=DAILY_KILLSWITCH_MAX_LOSSES,,REFUSE,61.83,NEW_YORK,,50.0,ORDER_FLOW_EXECUTION_AGENT,BTCUSD#,,,,2026-07-08 21:38:36.340839+00:00,2026-07-08 18:38:36.340839+00:00
,,,BUY,,SAIN,23.8,,,,,46.32,C,,-3.1,True,,,,50.0,93.0,,,failed_gate=DAILY_KILLSWITCH_MAX_LOSSES,,REFUSE,61.98,NEW_YORK,,50.0,ORDER_FLOW_EXECUTION_AGENT,GOLD#,,,,2026-07-08 21:38:49.271488+00:00,2026-07-08 18:38:49.271488+00:00
,,,SELL,,SAIN,1.7,,,,,37.22,C,,-3.1,True,,,,50.0,100.0,,,failed_gate=DAILY_KILLSWITCH_MAX_LOSSES,,REFUSE,61.8,NEW_YORK,,50.0,ORDER_FLOW_EXECUTION_AGENT,BTCUSD#,,,,2026-07-08 21:39:03.055039+00:00,2026-07-08 18:39:03.055039+00:00
,,,BUY,,SAIN,23.8,,,,,45.13,C,,-3.1,True,,,,50.0,85.0,,,failed_gate=DAILY_KILLSWITCH_MAX_LOSSES,,REFUSE,59.28,NEW_YORK,,50.0,ORDER_FLOW_EXECUTION_AGENT,GOLD#,,,,2026-07-08 21:39:15.819328+00:00,2026-07-08 18:39:15.819328+00:00
,,,SELL,,SAIN,1.7,,,,,37.0,C,,-3.1,True,,,,50.0,100.0,,,failed_gate=DAILY_KILLSWITCH_MAX_LOSSES,,REFUSE,61.75,NEW_YORK,,50.0,ORDER_FLOW_EXECUTION_AGENT,BTCUSD#,,,,2026-07-08 21:39:29.171316+00:00,2026-07-08 18:39:29.171316+00:00
,,,BUY,,SAIN,23.8,,,,,46.12,C,,-3.1,True,,,,50.0,85.0,,,failed_gate=DAILY_KILLSWITCH_MAX_LOSSES,,REFUSE,59.53,NEW_YORK,,50.0,ORDER_FLOW_EXECUTION_AGENT,GOLD#,,,,2026-07-08 21:39:42.179598+00:00,2026-07-08 18:39:42.179598+00:00
,,,SELL,,SAIN,1.7,,,,,37.99,C,,-3.1,True,,,,50.0,100.0,,,failed_gate=DAILY_KILLSWITCH_MAX_LOSSES,,REFUSE,62.0,NEW_YORK,,50.0,ORDER_FLOW_EXECUTION_AGENT,BTCUSD#,,,,2026-07-08 21:39:55.997414+00:00,2026-07-08 18:39:55.997414+00:00
,,,BUY,,SAIN,23.8,,,,,46.33,C,,-3.1,True,,,,50.0,85.0,,,failed_gate=DAILY_KILLSWITCH_MAX_LOSSES,,REFUSE,59.58,NEW_YORK,,50.0,ORDER_FLOW_EXECUTION_AGENT,GOLD#,,,,2026-07-08 21:40:09.960435+00:00,2026-07-08 18:40:09.960435+00:00
,,,BUY,,,,,,,,44.24,C,,-3.1,True,,,,50.0,95.0,,,failed_gate=DAILY_KILLSWITCH_MAX_LOSSES,,REFUSE,62.06,NEW_YORK,,50.0,ORDER_FLOW_EXECUTION_AGENT,GOLD#,,,,2026-07-08 21:40:34.321911+00:00,2026-07-08 18:40:34.321911+00:00
,,,SELL,,SAIN,0.0,,,,,38.63,C,,-3.1,True,,,,50.0,95.0,,,failed_gate=DAILY_KILLSWITCH_MAX_LOSSES,,REFUSE,60.66,NEW_YORK,,50.0,ORDER_FLOW_EXECUTION_AGENT,BTCUSD#,,,,2026-07-08 21:42:01.697985+00:00,2026-07-08 18:42:01.697985+00:00
,,,SELL,,SAIN,0.0,,,,,39.28,C,,-3.1,True,,,,50.0,100.0,,,failed_gate=DAILY_KILLSWITCH_MAX_LOSSES,,REFUSE,62.32,NEW_YORK,,50.0,ORDER_FLOW_EXECUTION_AGENT,BTCUSD#,,,,2026-07-08 22:15:33.148413+00:00,2026-07-08 19:15:33.148413+00:00
,,,SELL,,SAIN,0.0,,,,,39.0,C,,-3.1,True,,,,50.0,100.0,,,failed_gate=DAILY_KILLSWITCH_MAX_LOSSES,,REFUSE,62.25,NEW_YORK,,50.0,ORDER_FLOW_EXECUTION_AGENT,BTCUSD#,,,,2026-07-08 22:16:00.177883+00:00,2026-07-08 19:16:00.177883+00:00
,,,SELL,,SAIN,0.0,,,,,38.42,C,,-3.1,True,,,,50.0,100.0,,,failed_gate=DAILY_KILLSWITCH_MAX_LOSSES,,REFUSE,62.11,NEW_YORK,,50.0,ORDER_FLOW_EXECUTION_AGENT,BTCUSD#,,,,2026-07-08 22:16:24.844931+00:00,2026-07-08 19:16:24.844931+00:00
,,,SELL,,SAIN,0.0,,,,,38.7,C,,-3.1,True,,,,50.0,100.0,,,failed_gate=DAILY_KILLSWITCH_MAX_LOSSES,,REFUSE,62.17,NEW_YORK,,50.0,ORDER_FLOW_EXECUTION_AGENT,BTCUSD#,,,,2026-07-08 22:16:50.029885+00:00,2026-07-08 19:16:50.029885+00:00
,,,SELL,,SAIN,0.0,,,,,38.55,C,,-3.1,True,,,,50.0,100.0,,,failed_gate=DAILY_KILLSWITCH_MAX_LOSSES,,REFUSE,62.14,NEW_YORK,,50.0,ORDER_FLOW_EXECUTION_AGENT,BTCUSD#,,,,2026-07-08 22:17:14.615273+00:00,2026-07-08 19:17:14.615273+00:00
,,,SELL,,SAIN,0.0,,,,,38.88,C,,-3.1,True,,,,50.0,100.0,,,failed_gate=DAILY_KILLSWITCH_MAX_LOSSES,,REFUSE,62.22,NEW_YORK,,50.0,ORDER_FLOW_EXECUTION_AGENT,BTCUSD#,,,,2026-07-08 22:17:41.915361+00:00,2026-07-08 19:17:41.915361+00:00
,,,SELL,,SAIN,0.0,,,,,39.27,C,,-3.1,True,,,,50.0,100.0,,,failed_gate=DAILY_KILLSWITCH_MAX_LOSSES,,REFUSE,62.32,NEW_YORK,,50.0,ORDER_FLOW_EXECUTION_AGENT,BTCUSD#,,,,2026-07-08 22:18:07.328226+00:00,2026-07-08 19:18:07.328226+00:00
,,,SELL,,SAIN,0.0,,,,,39.62,C,,-3.1,True,,,,50.0,95.0,,,failed_gate=DAILY_KILLSWITCH_MAX_LOSSES,,REFUSE,60.91,NEW_YORK,,50.0,ORDER_FLOW_EXECUTION_AGENT,BTCUSD#,,,,2026-07-08 22:19:38.205743+00:00,2026-07-08 19:19:38.205743+00:00
,,,SELL,,SAIN,0.0,,,,,40.38,C,,-3.1,True,,,,50.0,95.0,,,failed_gate=DAILY_KILLSWITCH_MAX_LOSSES,,REFUSE,61.09,NEW_YORK,,50.0,ORDER_FLOW_EXECUTION_AGENT,BTCUSD#,,,,2026-07-08 22:20:01.842827+00:00,2026-07-08 19:20:01.842827+00:00
,,,SELL,,SAIN,31.9,SAIN,22.4,,,56.4,B,,-3.1,True,,,,50.0,95.0,,,failed_gate=DAILY_KILLSWITCH_MAX_LOSSES,,REFUSE,65.1,NEW_YORK,,50.0,ORDER_FLOW_EXECUTION_AGENT,BTCUSD#,,,,2026-07-08 22:26:31.977352+00:00,2026-07-08 19:26:31.977352+00:00
,,,SELL,,SAIN,31.9,SAIN,22.4,,,56.57,B,,-3.1,True,,,,50.0,95.0,,,failed_gate=DAILY_KILLSWITCH_MAX_LOSSES,,REFUSE,65.14,NEW_YORK,,50.0,ORDER_FLOW_EXECUTION_AGENT,BTCUSD#,,,,2026-07-08 22:26:53.766525+00:00,2026-07-08 19:26:53.766525+00:00
,,,BUY,,,,,,,,35.46,C,,-3.1,True,,,,50.0,90.0,,,failed_gate=DAILY_KILLSWITCH_MAX_LOSSES,,REFUSE,58.37,NEW_YORK,,50.0,ORDER_FLOW_EXECUTION_AGENT,GOLD#,,,,2026-07-08 22:27:44.992930+00:00,2026-07-08 19:27:44.992930+00:00
,,,SELL,,SAIN,31.9,SAIN,22.4,,,56.59,B,,-3.1,True,,,,50.0,95.0,,,failed_gate=DAILY_KILLSWITCH_MAX_LOSSES,,REFUSE,65.15,NEW_YORK,,50.0,ORDER_FLOW_EXECUTION_AGENT,BTCUSD#,,,,2026-07-08 22:28:54.888410+00:00,2026-07-08 19:28:54.888410+00:00
,,,BUY,,,,,,,,61.75,B,,-3.1,True,,,,50.0,98.0,,,failed_gate=DAILY_KILLSWITCH_MAX_LOSSES,,REFUSE,67.34,NEW_YORK,,50.0,ORDER_FLOW_EXECUTION_AGENT,GOLD#,,,,2026-07-08 22:29:47.067444+00:00,2026-07-08 19:29:47.067444+00:00
,,,BUY,,,,,,,,46.53,C,,-3.1,True,,,,50.0,98.0,,,failed_gate=DAILY_KILLSWITCH_MAX_LOSSES,,REFUSE,63.53,NEW_YORK,,50.0,ORDER_FLOW_EXECUTION_AGENT,GOLD#,,,,2026-07-08 22:30:08.007082+00:00,2026-07-08 19:30:08.007082+00:00
,,,BUY,,PRUDENCE,40.0,,,,,37.3,C,,-3.1,True,,,,50.0,90.0,,,failed_gate=DAILY_KILLSWITCH_MAX_LOSSES,,REFUSE,58.83,NEW_YORK,,50.0,ORDER_FLOW_EXECUTION_AGENT,GOLD#,,,,2026-07-08 22:36:44.799842+00:00,2026-07-08 19:36:44.799842+00:00
,,,BUY,,PRUDENCE,40.0,,,,,63.73,B,,-3.1,True,,,,50.0,90.0,,,failed_gate=DAILY_KILLSWITCH_MAX_LOSSES,,REFUSE,65.43,NEW_YORK,,50.0,ORDER_FLOW_EXECUTION_AGENT,GOLD#,,,,2026-07-08 22:37:06.856495+00:00,2026-07-08 19:37:06.856495+00:00
,,,BUY,,PRUDENCE,40.0,,,,,37.76,C,,-3.1,True,,,,50.0,90.0,,,failed_gate=DAILY_KILLSWITCH_MAX_LOSSES,,REFUSE,58.94,NEW_YORK,,50.0,ORDER_FLOW_EXECUTION_AGENT,GOLD#,,,,2026-07-08 22:37:28.172981+00:00,2026-07-08 19:37:28.172981+00:00
,,,BUY,,PRUDENCE,40.0,,,,,37.1,C,,-3.1,True,,,,50.0,90.0,,,failed_gate=DAILY_KILLSWITCH_MAX_LOSSES,,REFUSE,58.77,NEW_YORK,,50.0,ORDER_FLOW_EXECUTION_AGENT,GOLD#,,,,2026-07-08 22:37:48.300209+00:00,2026-07-08 19:37:48.300209+00:00
,,,BUY,,PRUDENCE,40.0,,,,,37.15,C,,-3.1,True,,,,50.0,90.0,,,failed_gate=DAILY_KILLSWITCH_MAX_LOSSES,,REFUSE,58.79,NEW_YORK,,50.0,ORDER_FLOW_EXECUTION_AGENT,GOLD#,,,,2026-07-08 22:38:11.326605+00:00,2026-07-08 19:38:11.326605+00:00
,,,BUY,,PRUDENCE,40.0,,,,,37.22,C,,-3.1,True,,,,50.0,90.0,,,failed_gate=DAILY_KILLSWITCH_MAX_LOSSES,,REFUSE,58.8,NEW_YORK,,50.0,ORDER_FLOW_EXECUTION_AGENT,GOLD#,,,,2026-07-08 22:38:35.549217+00:00,2026-07-08 19:38:35.549217+00:00
,,,BUY,,PRUDENCE,40.0,,,,,46.3,C,,-3.1,True,,,,50.0,90.0,,,failed_gate=DAILY_KILLSWITCH_MAX_LOSSES,,REFUSE,61.08,NEW_YORK,,50.0,ORDER_FLOW_EXECUTION_AGENT,GOLD#,,,,2026-07-08 22:38:55.090740+00:00,2026-07-08 19:38:55.090740+00:00
,,,BUY,,PRUDENCE,40.0,,,,,46.26,C,,-3.1,True,,,,50.0,90.0,,,failed_gate=DAILY_KILLSWITCH_MAX_LOSSES,,REFUSE,61.06,NEW_YORK,,50.0,ORDER_FLOW_EXECUTION_AGENT,GOLD#,,,,2026-07-08 22:40:06.251785+00:00,2026-07-08 19:40:06.251785+00:00
,,,SELL,,,,SAIN,24.2,,,34.03,C,,-3.1,True,,,,50.0,93.0,,,failed_gate=DAILY_KILLSWITCH_MAX_LOSSES,,REFUSE,58.91,NEW_YORK,,50.0,ORDER_FLOW_EXECUTION_AGENT,GOLD#,,,,2026-07-08 23:00:15.310184+00:00,2026-07-08 20:00:15.310184+00:00
,,,SELL,,,,SAIN,24.2,,,33.81,C,,-3.1,True,,,,50.0,93.0,,,failed_gate=DAILY_KILLSWITCH_MAX_LOSSES,,REFUSE,58.85,NEW_YORK,,50.0,ORDER_FLOW_EXECUTION_AGENT,GOLD#,,,,2026-07-08 23:00:41.492040+00:00,2026-07-08 20:00:41.492040+00:00
,,,SELL,,,,SAIN,24.2,,,34.49,C,,-3.1,True,,,,50.0,93.0,,,failed_gate=DAILY_KILLSWITCH_MAX_LOSSES,,REFUSE,59.02,NEW_YORK,,50.0,ORDER_FLOW_EXECUTION_AGENT,GOLD#,,,,2026-07-08 23:01:06.073574+00:00,2026-07-08 20:01:06.073574+00:00
,,,SELL,,,,SAIN,24.2,,,37.77,C,,-3.1,True,,,,50.0,93.0,,,failed_gate=DAILY_KILLSWITCH_MAX_LOSSES,,REFUSE,59.84,NEW_YORK,,50.0,ORDER_FLOW_EXECUTION_AGENT,GOLD#,,,,2026-07-08 23:01:31.141476+00:00,2026-07-08 20:01:31.141476+00:00
,,,SELL,,,,SAIN,24.2,,,36.72,C,,-3.1,True,,,,50.0,93.0,,,failed_gate=DAILY_KILLSWITCH_MAX_LOSSES,,REFUSE,59.58,NEW_YORK,,50.0,ORDER_FLOW_EXECUTION_AGENT,GOLD#,,,,2026-07-08 23:01:54.526050+00:00,2026-07-08 20:01:54.526050+00:00
,,,SELL,,,,SAIN,31.2,,,37.18,C,,-3.1,True,,,,50.0,95.0,,,failed_gate=DAILY_KILLSWITCH_MAX_LOSSES,,REFUSE,60.3,NEW_YORK,,50.0,ORDER_FLOW_EXECUTION_AGENT,GOLD#,,,,2026-07-08 23:05:13.092283+00:00,2026-07-08 20:05:13.092283+00:00
,,,SELL,,SAIN,24.4,SAIN,5.3,,,60.75,B,,-3.1,True,,,,50.0,100.0,,,failed_gate=DAILY_KILLSWITCH_MAX_LOSSES,,REFUSE,67.69,NEW_YORK,,50.0,ORDER_FLOW_EXECUTION_AGENT,BTCUSD#,,,,2026-07-08 23:07:48.508952+00:00,2026-07-08 20:07:48.508952+00:00
,,,SELL,,SAIN,24.4,SAIN,5.3,,,46.45,C,,-3.1,True,,,,50.0,95.0,,,failed_gate=DAILY_KILLSWITCH_MAX_LOSSES,,REFUSE,62.61,NEW_YORK,,50.0,ORDER_FLOW_EXECUTION_AGENT,BTCUSD#,,,,2026-07-08 23:08:13.516007+00:00,2026-07-08 20:08:13.516007+00:00
,,,SELL,,,,SAIN,15.9,,,50.33,C,,-3.1,True,,,,50.0,85.0,,,failed_gate=DAILY_KILLSWITCH_MAX_LOSSES,,REFUSE,60.58,NEW_YORK,,50.0,ORDER_FLOW_EXECUTION_AGENT,GOLD#,,,,2026-07-08 23:10:26.841475+00:00,2026-07-08 20:10:26.841475+00:00
,,,SELL,,,,SAIN,15.9,,,37.92,C,,-3.1,True,,,,50.0,93.0,,,failed_gate=DAILY_KILLSWITCH_MAX_LOSSES,,REFUSE,59.88,NEW_YORK,,50.0,ORDER_FLOW_EXECUTION_AGENT,GOLD#,,,,2026-07-08 23:11:33.160589+00:00,2026-07-08 20:11:33.160589+00:00
,,,SELL,,,,SAIN,15.9,,,37.86,C,,-3.1,True,,,,50.0,93.0,,,failed_gate=DAILY_KILLSWITCH_MAX_LOSSES,,REFUSE,59.86,NEW_YORK,,50.0,ORDER_FLOW_EXECUTION_AGENT,GOLD#,,,,2026-07-08 23:11:55.052093+00:00,2026-07-08 20:11:55.052093+00:00
,,,SELL,,,,SAIN,27.5,,,43.21,C,,-3.1,True,,,,50.0,93.0,,,failed_gate=DAILY_KILLSWITCH_MAX_LOSSES,,REFUSE,61.2,NEW_YORK,,50.0,ORDER_FLOW_EXECUTION_AGENT,GOLD#,,,,2026-07-08 23:16:27.066091+00:00,2026-07-08 20:16:27.066091+00:00
,,,SELL,,,,SAIN,27.5,,,44.72,C,,-3.1,True,,,,50.0,93.0,,,failed_gate=DAILY_KILLSWITCH_MAX_LOSSES,,REFUSE,61.58,NEW_YORK,,50.0,ORDER_FLOW_EXECUTION_AGENT,GOLD#,,,,2026-07-08 23:16:52.649995+00:00,2026-07-08 20:16:52.649995+00:00
,,,SELL,,,,SAIN,27.5,,,44.04,C,,-3.1,True,,,,50.0,85.0,,,failed_gate=DAILY_KILLSWITCH_MAX_LOSSES,,REFUSE,59.01,NEW_YORK,,50.0,ORDER_FLOW_EXECUTION_AGENT,GOLD#,,,,2026-07-08 23:17:20.148660+00:00,2026-07-08 20:17:20.148660+00:00
,,,SELL,,,,SAIN,27.5,,,44.92,C,,-3.1,True,,,,50.0,85.0,,,failed_gate=DAILY_KILLSWITCH_MAX_LOSSES,,REFUSE,59.23,NEW_YORK,,50.0,ORDER_FLOW_EXECUTION_AGENT,GOLD#,,,,2026-07-08 23:17:48.412592+00:00,2026-07-08 20:17:48.412592+00:00
,,,SELL,,,,SAIN,27.5,,,44.6,C,,-3.1,True,,,,50.0,85.0,,,failed_gate=DAILY_KILLSWITCH_MAX_LOSSES,,REFUSE,59.15,NEW_YORK,,50.0,ORDER_FLOW_EXECUTION_AGENT,GOLD#,,,,2026-07-08 23:18:15.568829+00:00,2026-07-08 20:18:15.568829+00:00
,,,SELL,,,,SAIN,27.5,,,44.35,C,,-3.1,True,,,,50.0,85.0,,,failed_gate=DAILY_KILLSWITCH_MAX_LOSSES,,REFUSE,59.09,NEW_YORK,,50.0,ORDER_FLOW_EXECUTION_AGENT,GOLD#,,,,2026-07-08 23:18:42.836706+00:00,2026-07-08 20:18:42.836706+00:00
,,,SELL,,,,SAIN,27.5,,,44.09,C,,-3.1,True,,,,50.0,85.0,,,failed_gate=DAILY_KILLSWITCH_MAX_LOSSES,,REFUSE,59.02,NEW_YORK,,50.0,ORDER_FLOW_EXECUTION_AGENT,GOLD#,,,,2026-07-08 23:19:11.575308+00:00,2026-07-08 20:19:11.575308+00:00
,,,SELL,,,,SAIN,27.5,,,43.42,C,,-3.1,True,,,,50.0,85.0,,,failed_gate=DAILY_KILLSWITCH_MAX_LOSSES,,REFUSE,58.86,NEW_YORK,,50.0,ORDER_FLOW_EXECUTION_AGENT,GOLD#,,,,2026-07-08 23:19:39.859914+00:00,2026-07-08 20:19:39.859914+00:00
,,,SELL,,,,SAIN,27.5,,,44.99,C,,-3.1,True,,,,50.0,85.0,,,failed_gate=DAILY_KILLSWITCH_MAX_LOSSES,,REFUSE,59.25,NEW_YORK,,50.0,ORDER_FLOW_EXECUTION_AGENT,GOLD#,,,,2026-07-08 23:20:07.833598+00:00,2026-07-08 20:20:07.833598+00:00
,,,SELL,,SAIN,18.7,SAIN,29.1,,,42.78,C,,-3.1,True,,,,50.0,100.0,,,failed_gate=DAILY_KILLSWITCH_MAX_LOSSES,,REFUSE,63.2,NEW_YORK,,50.0,ORDER_FLOW_EXECUTION_AGENT,BTCUSD#,,,,2026-07-08 23:20:20.195334+00:00,2026-07-08 20:20:20.195334+00:00
,,,SELL,,,,,,,,49.94,C,,-3.1,True,,,,50.0,95.0,,,failed_gate=DAILY_KILLSWITCH_MAX_LOSSES,,REFUSE,63.48,NEW_YORK,,50.0,ORDER_FLOW_EXECUTION_AGENT,GOLD#,,,,2026-07-08 23:20:59.661879+00:00,2026-07-08 20:20:59.661879+00:00
,,,SELL,,,,,,,,50.57,C,,-3.1,True,,,,50.0,95.0,,,failed_gate=DAILY_KILLSWITCH_MAX_LOSSES,,REFUSE,63.64,NEW_YORK,,50.0,ORDER_FLOW_EXECUTION_AGENT,GOLD#,,,,2026-07-08 23:21:25.749741+00:00,2026-07-08 20:21:25.749741+00:00
,,,SELL,,,,,,,,51.51,B,,-3.1,True,,,,50.0,100.0,,,failed_gate=DAILY_KILLSWITCH_MAX_LOSSES,,REFUSE,65.38,NEW_YORK,,50.0,ORDER_FLOW_EXECUTION_AGENT,GOLD#,,,,2026-07-08 23:21:53.186380+00:00,2026-07-08 20:21:53.186380+00:00
,,,SELL,,,,,,,,50.66,C,,-3.1,True,,,,50.0,95.0,,,failed_gate=DAILY_KILLSWITCH_MAX_LOSSES,,REFUSE,63.66,NEW_YORK,,50.0,ORDER_FLOW_EXECUTION_AGENT,GOLD#,,,,2026-07-08 23:22:21.990043+00:00,2026-07-08 20:22:21.990043+00:00
,,,SELL,,,,,,,,50.38,C,,-3.1,True,,,,50.0,95.0,,,failed_gate=DAILY_KILLSWITCH_MAX_LOSSES,,REFUSE,63.59,NEW_YORK,,50.0,ORDER_FLOW_EXECUTION_AGENT,GOLD#,,,,2026-07-08 23:22:50.781587+00:00,2026-07-08 20:22:50.781587+00:00
,,,SELL,,,,,,,,50.42,C,,-3.1,True,,,,50.0,95.0,,,failed_gate=DAILY_KILLSWITCH_MAX_LOSSES,,REFUSE,63.61,NEW_YORK,,50.0,ORDER_FLOW_EXECUTION_AGENT,GOLD#,,,,2026-07-08 23:23:19.378517+00:00,2026-07-08 20:23:19.378517+00:00
,,,SELL,,,,,,,,50.83,C,,-3.1,True,,,,50.0,95.0,,,failed_gate=DAILY_KILLSWITCH_MAX_LOSSES,,REFUSE,63.71,NEW_YORK,,50.0,ORDER_FLOW_EXECUTION_AGENT,GOLD#,,,,2026-07-08 23:23:48.804149+00:00,2026-07-08 20:23:48.804149+00:00
,,,SELL,,,,,,,,51.23,C,,-3.1,True,,,,50.0,95.0,,,failed_gate=DAILY_KILLSWITCH_MAX_LOSSES,,REFUSE,63.81,NEW_YORK,,50.0,ORDER_FLOW_EXECUTION_AGENT,GOLD#,,,,2026-07-08 23:24:18.172827+00:00,2026-07-08 20:24:18.172827+00:00
,,,SELL,,,,,,,,51.05,C,,-3.1,True,,,,50.0,95.0,,,failed_gate=DAILY_KILLSWITCH_MAX_LOSSES,,REFUSE,63.76,NEW_YORK,,50.0,ORDER_FLOW_EXECUTION_AGENT,GOLD#,,,,2026-07-08 23:24:45.780937+00:00,2026-07-08 20:24:45.780937+00:00
,,,SELL,,,,,,,,46.54,C,,-3.1,True,,,,50.0,85.0,,,failed_gate=DAILY_KILLSWITCH_MAX_LOSSES,,REFUSE,59.63,NEW_YORK,,50.0,ORDER_FLOW_EXECUTION_AGENT,GOLD#,,,,2026-07-08 23:25:13.655192+00:00,2026-07-08 20:25:13.655192+00:00
,,,SELL,,,,,,,,46.74,C,,-3.1,True,,,,50.0,85.0,,,failed_gate=DAILY_KILLSWITCH_MAX_LOSSES,,REFUSE,59.69,NEW_YORK,,50.0,ORDER_FLOW_EXECUTION_AGENT,GOLD#,,,,2026-07-08 23:25:38.770024+00:00,2026-07-08 20:25:38.770024+00:00
,,,SELL,,,,,,,,46.26,C,,-3.1,True,,,,50.0,85.0,,,failed_gate=DAILY_KILLSWITCH_MAX_LOSSES,,REFUSE,59.56,NEW_YORK,,50.0,ORDER_FLOW_EXECUTION_AGENT,GOLD#,,,,2026-07-08 23:26:06.331975+00:00,2026-07-08 20:26:06.331975+00:00
,,,SELL,,,,,,,,47.26,C,,-3.1,True,,,,50.0,85.0,,,failed_gate=DAILY_KILLSWITCH_MAX_LOSSES,,REFUSE,59.81,NEW_YORK,,50.0,ORDER_FLOW_EXECUTION_AGENT,GOLD#,,,,2026-07-08 23:26:31.289066+00:00,2026-07-08 20:26:31.289066+00:00
,,,SELL,,,,,,,,46.85,C,,-3.1,True,,,,50.0,85.0,,,failed_gate=DAILY_KILLSWITCH_MAX_LOSSES,,REFUSE,59.71,NEW_YORK,,50.0,ORDER_FLOW_EXECUTION_AGENT,GOLD#,,,,2026-07-08 23:26:57.969772+00:00,2026-07-08 20:26:57.969772+00:00
,,,SELL,,,,,,,,46.71,C,,-3.1,True,,,,50.0,85.0,,,failed_gate=DAILY_KILLSWITCH_MAX_LOSSES,,REFUSE,59.68,NEW_YORK,,50.0,ORDER_FLOW_EXECUTION_AGENT,GOLD#,,,,2026-07-08 23:27:25.910444+00:00,2026-07-08 20:27:25.910444+00:00
,,,SELL,,,,,,,,47.83,C,,-3.1,True,,,,50.0,93.0,,,failed_gate=DAILY_KILLSWITCH_MAX_LOSSES,,REFUSE,62.36,NEW_YORK,,50.0,ORDER_FLOW_EXECUTION_AGENT,GOLD#,,,,2026-07-08 23:27:54.795817+00:00,2026-07-08 20:27:54.795817+00:00
,,,SELL,,,,,,,,47.47,C,,-3.1,True,,,,50.0,85.0,,,failed_gate=DAILY_KILLSWITCH_MAX_LOSSES,,REFUSE,59.87,NEW_YORK,,50.0,ORDER_FLOW_EXECUTION_AGENT,GOLD#,,,,2026-07-08 23:28:23.025258+00:00,2026-07-08 20:28:23.025258+00:00
,,,SELL,,,,,,,,47.54,C,,-3.1,True,,,,50.0,85.0,,,failed_gate=DAILY_KILLSWITCH_MAX_LOSSES,,REFUSE,59.88,NEW_YORK,,50.0,ORDER_FLOW_EXECUTION_AGENT,GOLD#,,,,2026-07-08 23:28:51.815799+00:00,2026-07-08 20:28:51.815799+00:00
,,,SELL,,,,,,,,47.28,C,,-3.1,True,,,,50.0,85.0,,,failed_gate=DAILY_KILLSWITCH_MAX_LOSSES,,REFUSE,59.82,NEW_YORK,,50.0,ORDER_FLOW_EXECUTION_AGENT,GOLD#,,,,2026-07-08 23:29:18.993079+00:00,2026-07-08 20:29:18.993079+00:00
,,,SELL,,,,,,,,47.19,C,,-3.1,True,,,,50.0,85.0,,,failed_gate=DAILY_KILLSWITCH_MAX_LOSSES,,REFUSE,59.8,NEW_YORK,,50.0,ORDER_FLOW_EXECUTION_AGENT,GOLD#,,,,2026-07-08 23:29:47.097140+00:00,2026-07-08 20:29:47.097140+00:00
,,,SELL,,SAIN,29.9,SAIN,0.0,,,57.82,B,,-3.1,True,,,,50.0,95.0,,,failed_gate=DAILY_KILLSWITCH_MAX_LOSSES,,REFUSE,65.45,NEW_YORK,,50.0,ORDER_FLOW_EXECUTION_AGENT,BTCUSD#,,,,2026-07-08 23:30:55.208184+00:00,2026-07-08 20:30:55.208184+00:00
,,,SELL,,SAIN,29.9,SAIN,0.0,,,31.05,C,,-3.1,True,,,,50.0,100.0,,,failed_gate=DAILY_KILLSWITCH_MAX_LOSSES,,REFUSE,60.26,NEW_YORK,,50.0,ORDER_FLOW_EXECUTION_AGENT,BTCUSD#,,,,2026-07-08 23:31:20.972250+00:00,2026-07-08 20:31:20.972250+00:00
,,,SELL,,SAIN,29.9,SAIN,0.0,,,30.74,C,,-3.1,True,,,,50.0,100.0,,,failed_gate=DAILY_KILLSWITCH_MAX_LOSSES,,REFUSE,60.19,NEW_YORK,,50.0,ORDER_FLOW_EXECUTION_AGENT,BTCUSD#,,,,2026-07-08 23:31:47.394255+00:00,2026-07-08 20:31:47.394255+00:00
,,,SELL,,SAIN,29.9,SAIN,0.0,,,30.88,C,,-3.1,True,,,,50.0,95.0,,,failed_gate=DAILY_KILLSWITCH_MAX_LOSSES,,REFUSE,58.72,NEW_YORK,,50.0,ORDER_FLOW_EXECUTION_AGENT,BTCUSD#,,,,2026-07-08 23:32:15.013274+00:00,2026-07-08 20:32:15.013274+00:00
,,,SELL,,SAIN,29.9,SAIN,0.0,,,31.04,C,,-3.1,True,,,,50.0,95.0,,,failed_gate=DAILY_KILLSWITCH_MAX_LOSSES,,REFUSE,58.76,NEW_YORK,,50.0,ORDER_FLOW_EXECUTION_AGENT,BTCUSD#,,,,2026-07-08 23:32:42.603969+00:00,2026-07-08 20:32:42.603969+00:00
,,,SELL,,SAIN,29.9,SAIN,0.0,,,41.99,C,,-3.1,True,,,,50.0,95.0,,,failed_gate=DAILY_KILLSWITCH_MAX_LOSSES,,REFUSE,61.5,NEW_YORK,,50.0,ORDER_FLOW_EXECUTION_AGENT,BTCUSD#,,,,2026-07-08 23:33:10.208616+00:00,2026-07-08 20:33:10.208616+00:00
,,,SELL,,SAIN,29.9,SAIN,0.0,,,57.85,B,,-3.1,True,,,,50.0,95.0,,,failed_gate=DAILY_KILLSWITCH_MAX_LOSSES,,REFUSE,65.46,NEW_YORK,,50.0,ORDER_FLOW_EXECUTION_AGENT,BTCUSD#,,,,2026-07-08 23:34:06.009102+00:00,2026-07-08 20:34:06.009102+00:00
,,,SELL,,SAIN,29.9,SAIN,0.0,,,30.87,C,,-3.1,True,,,,50.0,100.0,,,failed_gate=DAILY_KILLSWITCH_MAX_LOSSES,,REFUSE,60.22,NEW_YORK,,50.0,ORDER_FLOW_EXECUTION_AGENT,BTCUSD#,,,,2026-07-08 23:34:38.169706+00:00,2026-07-08 20:34:38.169706+00:00
,,,SELL,,SAIN,29.9,SAIN,0.0,,,31.04,C,,-3.1,True,,,,50.0,100.0,,,failed_gate=DAILY_KILLSWITCH_MAX_LOSSES,,REFUSE,60.26,NEW_YORK,,50.0,ORDER_FLOW_EXECUTION_AGENT,BTCUSD#,,,,2026-07-08 23:35:11.755541+00:00,2026-07-08 20:35:11.755541+00:00
,,,SELL,,SAIN,14.1,SAIN,6.2,,,25.99,C,,-3.1,True,,,,50.0,100.0,,,failed_gate=DAILY_KILLSWITCH_MAX_LOSSES,,REFUSE,59.0,NEW_YORK,,50.0,ORDER_FLOW_EXECUTION_AGENT,BTCUSD#,,,,2026-07-08 23:35:38.929081+00:00,2026-07-08 20:35:38.929081+00:00
,,,SELL,,SAIN,14.1,SAIN,6.2,,,26.17,C,,-3.1,True,,,,50.0,100.0,,,failed_gate=DAILY_KILLSWITCH_MAX_LOSSES,,REFUSE,59.04,NEW_YORK,,50.0,ORDER_FLOW_EXECUTION_AGENT,BTCUSD#,,,,2026-07-08 23:36:10.846414+00:00,2026-07-08 20:36:10.846414+00:00
,,,SELL,,SAIN,14.1,SAIN,6.2,,,39.41,C,,-3.1,True,,,,50.0,100.0,,,failed_gate=DAILY_KILLSWITCH_MAX_LOSSES,,REFUSE,62.35,NEW_YORK,,50.0,ORDER_FLOW_EXECUTION_AGENT,BTCUSD#,,,,2026-07-08 23:36:41.200145+00:00,2026-07-08 20:36:41.200145+00:00
,,,SELL,,SAIN,14.1,SAIN,6.2,,,38.95,C,,-3.1,True,,,,50.0,100.0,,,failed_gate=DAILY_KILLSWITCH_MAX_LOSSES,,REFUSE,62.24,NEW_YORK,,50.0,ORDER_FLOW_EXECUTION_AGENT,BTCUSD#,,,,2026-07-08 23:37:10.614250+00:00,2026-07-08 20:37:10.614250+00:00
,,,SELL,,SAIN,14.1,SAIN,6.2,,,39.58,C,,-3.1,True,,,,50.0,95.0,,,failed_gate=DAILY_KILLSWITCH_MAX_LOSSES,,REFUSE,60.89,NEW_YORK,,50.0,ORDER_FLOW_EXECUTION_AGENT,BTCUSD#,,,,2026-07-08 23:37:39.525050+00:00,2026-07-08 20:37:39.525050+00:00
,,,SELL,,SAIN,14.1,SAIN,6.2,,,40.17,C,,-3.1,True,,,,50.0,100.0,,,failed_gate=DAILY_KILLSWITCH_MAX_LOSSES,,REFUSE,62.54,NEW_YORK,,50.0,ORDER_FLOW_EXECUTION_AGENT,BTCUSD#,,,,2026-07-08 23:38:09.208653+00:00,2026-07-08 20:38:09.208653+00:00
,,,SELL,,SAIN,14.1,SAIN,6.2,,,41.99,C,,-3.1,True,,,,50.0,100.0,,,failed_gate=DAILY_KILLSWITCH_MAX_LOSSES,,REFUSE,63.0,NEW_YORK,,50.0,ORDER_FLOW_EXECUTION_AGENT,BTCUSD#,,,,2026-07-08 23:38:41.377188+00:00,2026-07-08 20:38:41.377188+00:00
,,,SELL,,SAIN,14.1,SAIN,6.2,,,42.28,C,,-3.1,True,,,,50.0,100.0,,,failed_gate=DAILY_KILLSWITCH_MAX_LOSSES,,REFUSE,63.07,NEW_YORK,,50.0,ORDER_FLOW_EXECUTION_AGENT,BTCUSD#,,,,2026-07-08 23:39:07.783823+00:00,2026-07-08 20:39:07.783823+00:00
,,,SELL,,SAIN,14.1,SAIN,6.2,,,42.24,C,,-3.1,True,,,,50.0,95.0,,,failed_gate=DAILY_KILLSWITCH_MAX_LOSSES,,REFUSE,61.56,NEW_YORK,,50.0,ORDER_FLOW_EXECUTION_AGENT,BTCUSD#,,,,2026-07-08 23:39:36.987141+00:00,2026-07-08 20:39:36.987141+00:00
,,,SELL,,SAIN,14.1,SAIN,6.2,,,40.52,C,,-3.1,True,,,,50.0,95.0,,,failed_gate=DAILY_KILLSWITCH_MAX_LOSSES,,REFUSE,61.13,NEW_YORK,,50.0,ORDER_FLOW_EXECUTION_AGENT,BTCUSD#,,,,2026-07-08 23:40:08.550161+00:00,2026-07-08 20:40:08.550161+00:00
,,,SELL,,SAIN,13.2,SAIN,5.3,,,26.93,C,,-3.1,True,,,,50.0,100.0,,,failed_gate=DAILY_KILLSWITCH_MAX_LOSSES,,REFUSE,59.23,NEW_YORK,,50.0,ORDER_FLOW_EXECUTION_AGENT,BTCUSD#,,,,2026-07-08 23:45:23.069211+00:00,2026-07-08 20:45:23.069211+00:00
,,,SELL,,SAIN,13.2,SAIN,5.3,,,26.74,C,,-3.1,True,,,,50.0,100.0,,,failed_gate=DAILY_KILLSWITCH_MAX_LOSSES,,REFUSE,59.19,NEW_YORK,,50.0,ORDER_FLOW_EXECUTION_AGENT,BTCUSD#,,,,2026-07-08 23:45:49.500939+00:00,2026-07-08 20:45:49.500939+00:00
,,,SELL,,SAIN,13.2,SAIN,5.3,,,27.52,C,,-3.1,True,,,,50.0,100.0,,,failed_gate=DAILY_KILLSWITCH_MAX_LOSSES,,REFUSE,59.38,NEW_YORK,,50.0,ORDER_FLOW_EXECUTION_AGENT,BTCUSD#,,,,2026-07-08 23:46:19.868636+00:00,2026-07-08 20:46:19.868636+00:00
,,,SELL,,SAIN,22.0,SAIN,3.3,,,35.06,C,,-3.1,True,,,,50.0,95.0,,,failed_gate=DAILY_KILLSWITCH_MAX_LOSSES,,REFUSE,59.77,NEW_YORK,,50.0,ORDER_FLOW_EXECUTION_AGENT,BTCUSD#,,,,2026-07-08 23:52:50.787546+00:00,2026-07-08 20:52:50.787546+00:00
,,,SELL,,SAIN,22.0,SAIN,3.3,,,38.07,C,,-3.1,True,,,,50.0,100.0,,,failed_gate=DAILY_KILLSWITCH_MAX_LOSSES,,REFUSE,62.02,NEW_YORK,,50.0,ORDER_FLOW_EXECUTION_AGENT,BTCUSD#,,,,2026-07-08 23:53:54.366721+00:00,2026-07-08 20:53:54.366721+00:00
,,,SELL,,SAIN,22.0,SAIN,3.3,,,38.85,C,,-3.1,True,,,,50.0,100.0,,,failed_gate=DAILY_KILLSWITCH_MAX_LOSSES,,REFUSE,62.21,NEW_YORK,,50.0,ORDER_FLOW_EXECUTION_AGENT,BTCUSD#,,,,2026-07-08 23:54:26.670244+00:00,2026-07-08 20:54:26.670244+00:00
,,,SELL,,SAIN,22.0,SAIN,3.3,,,37.57,C,,-3.1,True,,,,50.0,95.0,,,failed_gate=DAILY_KILLSWITCH_MAX_LOSSES,,REFUSE,60.39,NEW_YORK,,50.0,ORDER_FLOW_EXECUTION_AGENT,BTCUSD#,,,,2026-07-08 23:54:58.899890+00:00,2026-07-08 20:54:58.899890+00:00
,,,SELL,,SAIN,15.0,SAIN,37.5,,,43.12,C,,-3.1,True,,,,50.0,100.0,,,failed_gate=DAILY_KILLSWITCH_MAX_LOSSES,,REFUSE,63.28,NEW_YORK,,50.0,ORDER_FLOW_EXECUTION_AGENT,BTCUSD#,,,,2026-07-08 23:55:49.938188+00:00,2026-07-08 20:55:49.938188+00:00
,,,SELL,,SAIN,15.0,SAIN,37.5,,,44.67,C,,-3.1,True,,,,50.0,100.0,,,failed_gate=DAILY_KILLSWITCH_MAX_LOSSES,,REFUSE,63.67,NEW_YORK,,50.0,ORDER_FLOW_EXECUTION_AGENT,BTCUSD#,,,,2026-07-08 23:56:17.110927+00:00,2026-07-08 20:56:17.110927+00:00
,,,SELL,,SAIN,15.0,SAIN,37.5,,,43.46,C,,-3.1,True,,,,50.0,100.0,,,failed_gate=DAILY_KILLSWITCH_MAX_LOSSES,,REFUSE,63.37,NEW_YORK,,50.0,ORDER_FLOW_EXECUTION_AGENT,BTCUSD#,,,,2026-07-08 23:56:45.199255+00:00,2026-07-08 20:56:45.199255+00:00
,,,SELL,,SAIN,15.0,SAIN,37.5,,,43.65,C,,-3.1,True,,,,50.0,100.0,,,failed_gate=DAILY_KILLSWITCH_MAX_LOSSES,,REFUSE,63.41,NEW_YORK,,50.0,ORDER_FLOW_EXECUTION_AGENT,BTCUSD#,,,,2026-07-08 23:57:12.162247+00:00,2026-07-08 20:57:12.162247+00:00
,,,SELL,,SAIN,15.0,SAIN,37.5,,,43.65,C,,-3.1,True,,,,50.0,100.0,,,failed_gate=DAILY_KILLSWITCH_MAX_LOSSES,,REFUSE,63.41,NEW_YORK,,50.0,ORDER_FLOW_EXECUTION_AGENT,BTCUSD#,,,,2026-07-08 23:57:38.900743+00:00,2026-07-08 20:57:38.900743+00:00
,,,SELL,,SAIN,15.0,SAIN,37.5,,,44.06,C,,-3.1,True,,,,50.0,100.0,,,failed_gate=DAILY_KILLSWITCH_MAX_LOSSES,,REFUSE,63.52,NEW_YORK,,50.0,ORDER_FLOW_EXECUTION_AGENT,BTCUSD#,,,,2026-07-08 23:58:06.563929+00:00,2026-07-08 20:58:06.563929+00:00
,,,SELL,,SAIN,15.0,SAIN,37.5,,,43.55,C,,-3.1,True,,,,50.0,100.0,,,failed_gate=DAILY_KILLSWITCH_MAX_LOSSES,,REFUSE,63.39,NEW_YORK,,50.0,ORDER_FLOW_EXECUTION_AGENT,BTCUSD#,,,,2026-07-08 23:58:33.364099+00:00,2026-07-08 20:58:33.364099+00:00
,,,SELL,,SAIN,15.0,SAIN,37.5,,,43.55,C,,-3.1,True,,,,50.0,100.0,,,failed_gate=DAILY_KILLSWITCH_MAX_LOSSES,,REFUSE,63.39,NEW_YORK,,50.0,ORDER_FLOW_EXECUTION_AGENT,BTCUSD#,,,,2026-07-08 23:59:01.619009+00:00,2026-07-08 20:59:01.619009+00:00
,,,SELL,,SAIN,15.0,SAIN,37.5,,,43.54,C,,-3.1,True,,,,50.0,100.0,,,failed_gate=DAILY_KILLSWITCH_MAX_LOSSES,,REFUSE,63.38,NEW_YORK,,50.0,ORDER_FLOW_EXECUTION_AGENT,BTCUSD#,,,,2026-07-08 23:59:29.873791+00:00,2026-07-08 20:59:29.873791+00:00
,,,SELL,,SAIN,0.0,SAIN,37.5,,,43.33,C,,-3.1,True,,,,50.0,100.0,,,failed_gate=DAILY_KILLSWITCH_MAX_LOSSES,,REFUSE,63.33,NEW_YORK,,50.0,ORDER_FLOW_EXECUTION_AGENT,BTCUSD#,,,,2026-07-08 23:59:58.130321+00:00,2026-07-08 20:59:58.130321+00:00
,,,BUY,,SAIN,17.7,,,,,48.13,C,,,,,,,50.0,93.0,,,failed_gate=MAX_OPEN_TRADES_PER_SYMBOL,,REFUSE,62.43,ASIA_MAIN,,50.0,ORDER_FLOW_EXECUTION_AGENT,GOLD#,,,,2026-07-09 03:00:40.948164+00:00,2026-07-09 00:00:40.948164+00:00
,,,SELL,,SAIN,10.5,SAIN,37.3,,,45.4,C,,,,,,,50.0,95.0,,,failed_gate=MAX_OPEN_TRADES_PER_SYMBOL,,REFUSE,62.35,ASIA_MAIN,,50.0,ORDER_FLOW_EXECUTION_AGENT,BTCUSD#,,,,2026-07-09 03:23:14.703972+00:00,2026-07-09 00:23:14.703972+00:00
,,,SELL,,SAIN,10.5,SAIN,37.3,,,46.15,C,,,,,,,50.0,100.0,,,failed_gate=MAX_OPEN_TRADES_PER_SYMBOL,,REFUSE,64.04,ASIA_MAIN,,50.0,ORDER_FLOW_EXECUTION_AGENT,BTCUSD#,,,,2026-07-09 03:23:38.293226+00:00,2026-07-09 00:23:38.293226+00:00
,,,SELL,,,,SAIN,27.7,,,41.03,C,,,,,,,50.0,88.0,,,failed_gate=MAX_OPEN_TRADES_PER_SYMBOL,,REFUSE,59.16,ASIA_MAIN,,50.0,ORDER_FLOW_EXECUTION_AGENT,GOLD#,,,,2026-07-09 03:23:46.931914+00:00,2026-07-09 00:23:46.931914+00:00
,,,SELL,,SAIN,10.5,SAIN,37.3,,,45.45,C,,,,,,,50.0,95.0,,,failed_gate=MAX_OPEN_TRADES_PER_SYMBOL,,REFUSE,62.36,ASIA_MAIN,,50.0,ORDER_FLOW_EXECUTION_AGENT,BTCUSD#,,,,2026-07-09 03:23:57.308448+00:00,2026-07-09 00:23:57.308448+00:00
,,,SELL,,SAIN,10.5,SAIN,37.3,,,46.31,C,,,,,,,50.0,100.0,,,failed_gate=MAX_OPEN_TRADES_PER_SYMBOL,,REFUSE,64.08,ASIA_MAIN,,50.0,ORDER_FLOW_EXECUTION_AGENT,BTCUSD#,,,,2026-07-09 03:24:20.463595+00:00,2026-07-09 00:24:20.463595+00:00
,,,SELL,,SAIN,10.5,SAIN,37.3,,,57.37,B,,,,,,,50.0,100.0,,,failed_gate=MAX_OPEN_TRADES_PER_SYMBOL,,REFUSE,66.84,ASIA_MAIN,,50.0,ORDER_FLOW_EXECUTION_AGENT,BTCUSD#,,,,2026-07-09 03:24:46.826191+00:00,2026-07-09 00:24:46.826191+00:00
,,,SELL,,SAIN,2.4,SAIN,39.3,,,49.45,C,,,,,,,50.0,100.0,,,failed_gate=MAX_OPEN_TRADES_PER_SYMBOL,,REFUSE,64.86,ASIA_MAIN,,50.0,ORDER_FLOW_EXECUTION_AGENT,BTCUSD#,,,,2026-07-09 03:25:08.291706+00:00,2026-07-09 00:25:08.291706+00:00
,,,SELL,,,,,,,,52.88,C,,,,,,,50.0,90.0,,,failed_gate=MAX_OPEN_TRADES_PER_SYMBOL,,REFUSE,62.72,ASIA_MAIN,,50.0,ORDER_FLOW_EXECUTION_AGENT,GOLD#,,,,2026-07-09 03:25:20.245412+00:00,2026-07-09 00:25:20.245412+00:00
,,,SELL,,,,,,,,52.71,C,,,,,,,50.0,90.0,,,failed_gate=MAX_OPEN_TRADES_PER_SYMBOL,,REFUSE,62.68,ASIA_MAIN,,50.0,ORDER_FLOW_EXECUTION_AGENT,GOLD#,,,,2026-07-09 03:25:37.867643+00:00,2026-07-09 00:25:37.867643+00:00
,,,SELL,,SAIN,2.4,SAIN,39.3,,,60.52,B,,,,,,,50.0,100.0,,,failed_gate=MAX_OPEN_TRADES_PER_SYMBOL,,REFUSE,67.63,ASIA_MAIN,,50.0,ORDER_FLOW_EXECUTION_AGENT,BTCUSD#,,,,2026-07-09 03:25:53.839300+00:00,2026-07-09 00:25:53.839300+00:00
,,,SELL,,,,,,,,54.14,B,,,,,,,50.0,98.0,,,failed_gate=MAX_OPEN_TRADES_PER_SYMBOL,,REFUSE,65.44,ASIA_MAIN,,50.0,ORDER_FLOW_EXECUTION_AGENT,GOLD#,,,,2026-07-09 03:26:05.133965+00:00,2026-07-09 00:26:05.133965+00:00
,,,SELL,,SAIN,2.4,SAIN,39.3,,,61.48,B,,,,,,,50.0,100.0,,,failed_gate=MAX_OPEN_TRADES_PER_SYMBOL,,REFUSE,67.87,ASIA_MAIN,,50.0,ORDER_FLOW_EXECUTION_AGENT,BTCUSD#,,,,2026-07-09 03:26:20.849800+00:00,2026-07-09 00:26:20.849800+00:00
,,,SELL,,,,,,,,54.03,C,,,,,,,50.0,90.0,,,failed_gate=MAX_OPEN_TRADES_PER_SYMBOL,,REFUSE,63.01,ASIA_MAIN,,50.0,ORDER_FLOW_EXECUTION_AGENT,GOLD#,,,,2026-07-09 03:26:31.735154+00:00,2026-07-09 00:26:31.735154+00:00
,,,SELL,,SAIN,2.4,SAIN,39.3,,,61.6,B,,,,,,,50.0,100.0,,,failed_gate=MAX_OPEN_TRADES_PER_SYMBOL,,REFUSE,67.9,ASIA_MAIN,,50.0,ORDER_FLOW_EXECUTION_AGENT,BTCUSD#,,,,2026-07-09 03:26:46.997418+00:00,2026-07-09 00:26:46.997418+00:00
,,,SELL,,,,,,,,52.89,C,,,,,,,50.0,90.0,,,failed_gate=MAX_OPEN_TRADES_PER_SYMBOL,,REFUSE,62.72,ASIA_MAIN,,50.0,ORDER_FLOW_EXECUTION_AGENT,GOLD#,,,,2026-07-09 03:26:58.207982+00:00,2026-07-09 00:26:58.207982+00:00
,,,SELL,,SAIN,2.4,SAIN,39.3,,,60.82,B,,,,,,,50.0,100.0,,,failed_gate=MAX_OPEN_TRADES_PER_SYMBOL,,REFUSE,67.7,ASIA_MAIN,,50.0,ORDER_FLOW_EXECUTION_AGENT,BTCUSD#,,,,2026-07-09 03:27:11.072355+00:00,2026-07-09 00:27:11.072355+00:00
,,,SELL,,,,,,,,53.19,C,,,,,,,50.0,90.0,,,failed_gate=MAX_OPEN_TRADES_PER_SYMBOL,,REFUSE,62.8,ASIA_MAIN,,50.0,ORDER_FLOW_EXECUTION_AGENT,GOLD#,,,,2026-07-09 03:27:21.275611+00:00,2026-07-09 00:27:21.275611+00:00
,,,SELL,,SAIN,2.4,SAIN,39.3,,,60.51,B,,,,,,,50.0,100.0,,,failed_gate=MAX_OPEN_TRADES_PER_SYMBOL,,REFUSE,67.63,ASIA_MAIN,,50.0,ORDER_FLOW_EXECUTION_AGENT,BTCUSD#,,,,2026-07-09 03:27:34.546551+00:00,2026-07-09 00:27:34.546551+00:00
,,,SELL,,,,,,,,52.95,C,,,,,,,50.0,90.0,,,failed_gate=MAX_OPEN_TRADES_PER_SYMBOL,,REFUSE,62.74,ASIA_MAIN,,50.0,ORDER_FLOW_EXECUTION_AGENT,GOLD#,,,,2026-07-09 03:27:45.300710+00:00,2026-07-09 00:27:45.300710+00:00
,,,SELL,,SAIN,2.4,SAIN,39.3,,,50.26,B,,,,,,,50.0,100.0,,,failed_gate=MAX_OPEN_TRADES_PER_SYMBOL,,REFUSE,65.06,ASIA_MAIN,,50.0,ORDER_FLOW_EXECUTION_AGENT,BTCUSD#,,,,2026-07-09 03:27:57.067655+00:00,2026-07-09 00:27:57.067655+00:00
,,,SELL,,,,,,,,53.57,C,,,,,,,50.0,90.0,,,failed_gate=MAX_OPEN_TRADES_PER_SYMBOL,,REFUSE,62.89,ASIA_MAIN,,50.0,ORDER_FLOW_EXECUTION_AGENT,GOLD#,,,,2026-07-09 03:28:07.461111+00:00,2026-07-09 00:28:07.461111+00:00
,,,SELL,,,,,,,,54.33,B,,,,,,,50.0,98.0,,,failed_gate=MAX_OPEN_TRADES_PER_SYMBOL,,REFUSE,65.48,ASIA_MAIN,,50.0,ORDER_FLOW_EXECUTION_AGENT,GOLD#,,,,2026-07-09 03:28:27.056774+00:00,2026-07-09 00:28:27.056774+00:00
,,,SELL,,,,,,,,54.07,C,,,,,,,50.0,90.0,,,failed_gate=MAX_OPEN_TRADES_PER_SYMBOL,,REFUSE,63.02,ASIA_MAIN,,50.0,ORDER_FLOW_EXECUTION_AGENT,GOLD#,,,,2026-07-09 03:28:47.405100+00:00,2026-07-09 00:28:47.405100+00:00
,,,SELL,,,,,,,,53.57,C,,,,,,,50.0,90.0,,,failed_gate=MAX_OPEN_TRADES_PER_SYMBOL,,REFUSE,62.89,ASIA_MAIN,,50.0,ORDER_FLOW_EXECUTION_AGENT,GOLD#,,,,2026-07-09 03:29:07.147580+00:00,2026-07-09 00:29:07.147580+00:00
,,,SELL,,,,SAIN,27.4,,,46.01,C,,,,,,,50.0,97.0,,,failed_gate=MAX_OPEN_TRADES_PER_SYMBOL,,REFUSE,63.1,ASIA_MAIN,,50.0,ORDER_FLOW_EXECUTION_AGENT,GOLD#,,,,2026-07-09 03:32:12.641370+00:00,2026-07-09 00:32:12.641370+00:00
,,,BUY,,SAIN,13.8,SAIN,23.2,,,36.79,C,,,,,,,50.0,95.0,,,failed_gate=MAX_OPEN_TRADES_PER_SYMBOL,,REFUSE,60.2,ASIA_MAIN,,50.0,ORDER_FLOW_EXECUTION_AGENT,BTCUSD#,,,,2026-07-09 03:34:04.096607+00:00,2026-07-09 00:34:04.096607+00:00
,,,BUY,,SAIN,13.8,SAIN,23.2,,,47.02,C,,,,,,,50.0,95.0,,,failed_gate=MAX_OPEN_TRADES_PER_SYMBOL,,REFUSE,62.76,ASIA_MAIN,,50.0,ORDER_FLOW_EXECUTION_AGENT,BTCUSD#,,,,2026-07-09 03:34:29.820581+00:00,2026-07-09 00:34:29.820581+00:00
,,,SELL,,SAIN,13.8,SAIN,23.2,,,36.5,C,,,,,,,50.0,95.0,,,failed_gate=MAX_OPEN_TRADES_PER_SYMBOL,,REFUSE,60.12,ASIA_MAIN,,50.0,ORDER_FLOW_EXECUTION_AGENT,BTCUSD#,,,,2026-07-09 03:34:59.469508+00:00,2026-07-09 00:34:59.469508+00:00
,,,BUY,,SAIN,26.2,SAIN,24.1,,,63.75,B,,,,,,,50.0,95.0,,,failed_gate=MAX_OPEN_TRADES_PER_SYMBOL,,REFUSE,66.94,ASIA_MAIN,,50.0,ORDER_FLOW_EXECUTION_AGENT,BTCUSD#,,,,2026-07-09 03:36:59.514050+00:00,2026-07-09 00:36:59.514050+00:00
,,,BUY,,SAIN,26.2,SAIN,24.1,,,63.93,B,,,,,,,50.0,95.0,,,failed_gate=MAX_OPEN_TRADES_PER_SYMBOL,,REFUSE,66.98,ASIA_MAIN,,50.0,ORDER_FLOW_EXECUTION_AGENT,BTCUSD#,,,,2026-07-09 03:37:24.829873+00:00,2026-07-09 00:37:24.829873+00:00
,,,BUY,,SAIN,26.2,SAIN,24.1,,,63.79,B,,,,,,,50.0,95.0,,,failed_gate=MAX_OPEN_TRADES_PER_SYMBOL,,REFUSE,66.95,ASIA_MAIN,,50.0,ORDER_FLOW_EXECUTION_AGENT,BTCUSD#,,,,2026-07-09 03:37:49.651766+00:00,2026-07-09 00:37:49.651766+00:00
,,,BUY,,SAIN,26.2,SAIN,24.1,,,38.58,C,,,,,,,50.0,95.0,,,failed_gate=MAX_OPEN_TRADES_PER_SYMBOL,,REFUSE,60.64,ASIA_MAIN,,50.0,ORDER_FLOW_EXECUTION_AGENT,BTCUSD#,,,,2026-07-09 03:38:14.288775+00:00,2026-07-09 00:38:14.288775+00:00
,,,BUY,,SAIN,26.2,SAIN,24.1,,,48.72,C,,,,,,,50.0,95.0,,,failed_gate=MAX_OPEN_TRADES_PER_SYMBOL,,REFUSE,63.18,ASIA_MAIN,,50.0,ORDER_FLOW_EXECUTION_AGENT,BTCUSD#,,,,2026-07-09 03:38:38.117135+00:00,2026-07-09 00:38:38.117135+00:00
,,,BUY,,SAIN,26.2,SAIN,24.1,,,48.72,C,,,,,,,50.0,95.0,,,failed_gate=MAX_OPEN_TRADES_PER_SYMBOL,,REFUSE,63.18,ASIA_MAIN,,50.0,ORDER_FLOW_EXECUTION_AGENT,BTCUSD#,,,,2026-07-09 03:39:03.493468+00:00,2026-07-09 00:39:03.493468+00:00
,,,SELL,,SAIN,26.2,SAIN,24.1,,,38.01,C,,,,,,,50.0,95.0,,,failed_gate=MAX_OPEN_TRADES_PER_SYMBOL,,REFUSE,60.5,ASIA_MAIN,,50.0,ORDER_FLOW_EXECUTION_AGENT,BTCUSD#,,,,2026-07-09 03:39:31.706909+00:00,2026-07-09 00:39:31.706909+00:00
,,,SELL,,SAIN,26.2,SAIN,24.1,,,46.43,C,,,,,,,50.0,95.0,,,failed_gate=MAX_OPEN_TRADES_PER_SYMBOL,,REFUSE,62.61,ASIA_MAIN,,50.0,ORDER_FLOW_EXECUTION_AGENT,BTCUSD#,,,,2026-07-09 03:39:57.956913+00:00,2026-07-09 00:39:57.956913+00:00
,,,SELL,,SAIN,3.4,SAIN,21.6,,,49.15,C,,,,,,,55.0,95.0,,,failed_gate=MAX_OPEN_TRADES_PER_SYMBOL,,REFUSE,64.29,ASIA_MAIN,,50.0,ORDER_FLOW_EXECUTION_AGENT,BTCUSD#,,,,2026-07-09 03:53:11.043331+00:00,2026-07-09 00:53:11.043331+00:00
,,,SELL,,SAIN,3.4,SAIN,21.6,,,48.12,C,,,,,,,55.0,95.0,,,failed_gate=MAX_OPEN_TRADES_PER_SYMBOL,,REFUSE,64.03,ASIA_MAIN,,50.0,ORDER_FLOW_EXECUTION_AGENT,BTCUSD#,,,,2026-07-09 03:53:35.281080+00:00,2026-07-09 00:53:35.281080+00:00
,,,SELL,,SAIN,3.4,SAIN,21.6,,,59.75,B,,,,,,,55.0,100.0,,,failed_gate=MAX_OPEN_TRADES_PER_SYMBOL,,REFUSE,68.44,ASIA_MAIN,,50.0,ORDER_FLOW_EXECUTION_AGENT,BTCUSD#,,,,2026-07-09 03:54:04.733191+00:00,2026-07-09 00:54:04.733191+00:00
,,,SELL,,SAIN,3.4,SAIN,21.6,,,60.38,B,,,,,,,55.0,95.0,,,failed_gate=MAX_OPEN_TRADES_PER_SYMBOL,,REFUSE,67.09,ASIA_MAIN,,50.0,ORDER_FLOW_EXECUTION_AGENT,BTCUSD#,,,,2026-07-09 03:54:34.282840+00:00,2026-07-09 00:54:34.282840+00:00
,,,SELL,,SAIN,3.4,SAIN,21.6,,,60.4,B,,,,,,,55.0,95.0,,,failed_gate=MAX_OPEN_TRADES_PER_SYMBOL,,REFUSE,67.1,ASIA_MAIN,,50.0,ORDER_FLOW_EXECUTION_AGENT,BTCUSD#,,,,2026-07-09 03:55:04.648639+00:00,2026-07-09 00:55:04.648639+00:00
,,,SELL,,SAIN,15.0,,,,,50.0,B,,,,,,,55.0,100.0,,,failed_gate=MAX_OPEN_TRADES_PER_SYMBOL,,REFUSE,66.0,ASIA_MAIN,,50.0,ORDER_FLOW_EXECUTION_AGENT,BTCUSD#,,,,2026-07-09 03:55:36.535256+00:00,2026-07-09 00:55:36.535256+00:00
,,,SELL,,SAIN,15.0,,,,,49.6,B,,,,,,,55.0,100.0,,,failed_gate=MAX_OPEN_TRADES_PER_SYMBOL,,REFUSE,65.9,ASIA_MAIN,,50.0,ORDER_FLOW_EXECUTION_AGENT,BTCUSD#,,,,2026-07-09 03:57:46.939303+00:00,2026-07-09 00:57:46.939303+00:00
,,,SELL,,SAIN,5.0,SAIN,19.8,,,46.99,B,,,,,,,55.0,100.0,,,failed_gate=MAX_OPEN_TRADES_PER_SYMBOL,,REFUSE,65.25,ASIA_MAIN,,50.0,ORDER_FLOW_EXECUTION_AGENT,BTCUSD#,,,,2026-07-09 04:00:21.894668+00:00,2026-07-09 01:00:21.894668+00:00
,,,SELL,,SAIN,5.0,SAIN,19.8,,,45.95,C,,,,,,,55.0,100.0,,,failed_gate=MAX_OPEN_TRADES_PER_SYMBOL,,REFUSE,64.99,ASIA_MAIN,,50.0,ORDER_FLOW_EXECUTION_AGENT,BTCUSD#,,,,2026-07-09 04:00:50.933320+00:00,2026-07-09 01:00:50.933320+00:00
,,,SELL,,SAIN,28.8,SAIN,14.6,,,44.29,C,,,,,,,55.0,100.0,,,failed_gate=MAX_OPEN_TRADES_PER_SYMBOL,,REFUSE,64.57,ASIA_MAIN,,50.0,ORDER_FLOW_EXECUTION_AGENT,BTCUSD#,,,,2026-07-09 04:05:28.787363+00:00,2026-07-09 01:05:28.787363+00:00
,,,SELL,,SAIN,28.8,SAIN,14.6,,,34.11,C,,,,,,,55.0,100.0,,,failed_gate=MAX_OPEN_TRADES_PER_SYMBOL,,REFUSE,62.03,ASIA_MAIN,,50.0,ORDER_FLOW_EXECUTION_AGENT,BTCUSD#,,,,2026-07-09 04:05:55.906665+00:00,2026-07-09 01:05:55.906665+00:00
,,,SELL,,SAIN,28.8,SAIN,14.6,,,45.76,C,,,,,,,55.0,100.0,,,failed_gate=MAX_OPEN_TRADES_PER_SYMBOL,,REFUSE,64.94,ASIA_MAIN,,50.0,ORDER_FLOW_EXECUTION_AGENT,BTCUSD#,,,,2026-07-09 04:06:53.208602+00:00,2026-07-09 01:06:53.208602+00:00
,,,SELL,,,,,,,,,,,,,,,,,,,,failed_gate=GOLD_ANALYSIS_ONLY,,REFUSE,67.5,ASIA_MAIN,,,GOLD_LIQUIDITY_HUNTER_PRO,GOLD#,,,,2026-07-09 04:12:06.075838+00:00,2026-07-09 01:12:06.075838+00:00
,,,SELL,,,,,,,,,,,,,,,,,,,,failed_gate=GOLD_ANALYSIS_ONLY,,REFUSE,67.5,ASIA_MAIN,,,GOLD_LIQUIDITY_HUNTER_PRO,GOLD#,,,,2026-07-09 04:16:29.008534+00:00,2026-07-09 01:16:29.008534+00:00
,,,SELL,,,,,,,,,,,,,,,,,,,,failed_gate=GOLD_ANALYSIS_ONLY,,REFUSE,67.5,ASIA_MAIN,,,GOLD_LIQUIDITY_HUNTER_PRO,GOLD#,,,,2026-07-09 04:21:42.476927+00:00,2026-07-09 01:21:42.476927+00:00
,,,SELL,,,,,,,,,,,,,,,,,,,,failed_gate=GOLD_ANALYSIS_ONLY,,REFUSE,67.5,ASIA_MAIN,,,GOLD_LIQUIDITY_HUNTER_PRO,GOLD#,,,,2026-07-09 04:35:27.670600+00:00,2026-07-09 01:35:27.670600+00:00
,,,SELL,,SAIN,25.5,,,,,,,,,,,,,,,,,failed_gate=GOLD_ANALYSIS_ONLY,,REFUSE,67.5,ASIA_MAIN,,,GOLD_LIQUIDITY_HUNTER_PRO,GOLD#,,,,2026-07-09 04:45:44.666570+00:00,2026-07-09 01:45:44.666570+00:00
,,,SELL,,,,,,,,,,,,,,,,,,,,failed_gate=GOLD_ANALYSIS_ONLY,,REFUSE,67.5,ASIA_MAIN,,,GOLD_LIQUIDITY_HUNTER_PRO,GOLD#,,,,2026-07-09 04:50:33.474854+00:00,2026-07-09 01:50:33.474854+00:00
,,,SELL,,,,,,,,,,,,,,,,,,,,failed_gate=GOLD_ANALYSIS_ONLY,,REFUSE,67.5,ASIA_MAIN,,,GOLD_LIQUIDITY_HUNTER_PRO,GOLD#,,,,2026-07-09 04:54:27.364549+00:00,2026-07-09 01:54:27.364549+00:00
,,,SELL,,,,,,,,,,,,,,,,,,,,failed_gate=GOLD_ANALYSIS_ONLY,,REFUSE,67.5,ASIA_MAIN,,,GOLD_LIQUIDITY_HUNTER_PRO,GOLD#,,,,2026-07-09 04:59:18.827961+00:00,2026-07-09 01:59:18.827961+00:00
,,,SELL,,,,,,,,,,,,,,,,,,,,failed_gate=GOLD_ANALYSIS_ONLY,,REFUSE,67.5,ASIA_MAIN,,,GOLD_LIQUIDITY_HUNTER_PRO,GOLD#,,,,2026-07-09 05:01:38.576408+00:00,2026-07-09 02:01:38.576408+00:00
,,,SELL,,,,,,,,,,,,,,,,,,,,failed_gate=GOLD_ANALYSIS_ONLY,,REFUSE,67.5,ASIA_MAIN,,,GOLD_LIQUIDITY_HUNTER_PRO,GOLD#,,,,2026-07-09 05:05:24.751270+00:00,2026-07-09 02:05:24.751270+00:00
,,,BUY,,SAIN,26.4,,,,,41.71,C,,,,,,,50.0,100.0,,,failed_gate=MAX_OPEN_TRADES_PER_SYMBOL,,REFUSE,62.93,ASIA_MAIN,,50.0,ORDER_FLOW_EXECUTION_AGENT,GOLD#,,,,2026-07-09 05:08:28.455068+00:00,2026-07-09 02:08:28.455068+00:00
,,,BUY,,SAIN,26.4,,,,,41.7,C,,,,,,,50.0,100.0,,,failed_gate=MAX_OPEN_TRADES_PER_SYMBOL,,REFUSE,62.92,ASIA_MAIN,,50.0,ORDER_FLOW_EXECUTION_AGENT,GOLD#,,,,2026-07-09 05:08:50.417294+00:00,2026-07-09 02:08:50.417294+00:00
,,,SELL,,SAIN,26.4,,,,,,,,,,,,,,,,,failed_gate=GOLD_ANALYSIS_ONLY,,REFUSE,67.5,ASIA_MAIN,,,GOLD_LIQUIDITY_HUNTER_PRO,GOLD#,,,,2026-07-09 05:09:01.630808+00:00,2026-07-09 02:09:01.630808+00:00
,,,BUY,,SAIN,34.1,,,,,35.66,C,,,,,,,50.0,100.0,,,failed_gate=MAX_OPEN_TRADES_PER_SYMBOL,,REFUSE,61.41,ASIA_MAIN,,50.0,ORDER_FLOW_EXECUTION_AGENT,GOLD#,,,,2026-07-09 05:10:26.924406+00:00,2026-07-09 02:10:26.924406+00:00
,,,BUY,,SAIN,34.1,,,,,38.13,C,,,,,,,50.0,100.0,,,failed_gate=MAX_OPEN_TRADES_PER_SYMBOL,,REFUSE,62.03,ASIA_MAIN,,50.0,ORDER_FLOW_EXECUTION_AGENT,GOLD#,,,,2026-07-09 05:10:58.101435+00:00,2026-07-09 02:10:58.101435+00:00
,,,BUY,,SAIN,34.1,,,,,38.68,C,,,,,,,50.0,100.0,,,failed_gate=MAX_OPEN_TRADES_PER_SYMBOL,,REFUSE,62.17,ASIA_MAIN,,50.0,ORDER_FLOW_EXECUTION_AGENT,GOLD#,,,,2026-07-09 05:11:16.237510+00:00,2026-07-09 02:11:16.237510+00:00
,,,BUY,,SAIN,34.1,,,,,38.66,C,,,,,,,50.0,100.0,,,failed_gate=MAX_OPEN_TRADES_PER_SYMBOL,,REFUSE,62.16,ASIA_MAIN,,50.0,ORDER_FLOW_EXECUTION_AGENT,GOLD#,,,,2026-07-09 05:11:35.398626+00:00,2026-07-09 02:11:35.398626+00:00
,,,BUY,,SAIN,34.1,,,,,37.95,C,,,,,,,50.0,100.0,,,failed_gate=MAX_OPEN_TRADES_PER_SYMBOL,,REFUSE,61.99,ASIA_MAIN,,50.0,ORDER_FLOW_EXECUTION_AGENT,GOLD#,,,,2026-07-09 05:11:56.883919+00:00,2026-07-09 02:11:56.883919+00:00
,,,BUY,,SAIN,34.1,,,,,37.92,C,,,,,,,50.0,100.0,,,failed_gate=MAX_OPEN_TRADES_PER_SYMBOL,,REFUSE,61.98,ASIA_MAIN,,50.0,ORDER_FLOW_EXECUTION_AGENT,GOLD#,,,,2026-07-09 05:12:17.049250+00:00,2026-07-09 02:12:17.049250+00:00
,,,BUY,,SAIN,34.1,,,,,37.8,C,,,,,,,50.0,100.0,,,failed_gate=MAX_OPEN_TRADES_PER_SYMBOL,,REFUSE,61.95,ASIA_MAIN,,50.0,ORDER_FLOW_EXECUTION_AGENT,GOLD#,,,,2026-07-09 05:13:00.257984+00:00,2026-07-09 02:13:00.257984+00:00
,,,BUY,,SAIN,34.1,,,,,37.36,C,,,,,,,50.0,100.0,,,failed_gate=MAX_OPEN_TRADES_PER_SYMBOL,,REFUSE,61.84,ASIA_MAIN,,50.0,ORDER_FLOW_EXECUTION_AGENT,GOLD#,,,,2026-07-09 05:13:22.520397+00:00,2026-07-09 02:13:22.520397+00:00
,,,BUY,,SAIN,34.1,,,,,37.18,C,,,,,,,50.0,100.0,,,failed_gate=MAX_OPEN_TRADES_PER_SYMBOL,,REFUSE,61.8,ASIA_MAIN,,50.0,ORDER_FLOW_EXECUTION_AGENT,GOLD#,,,,2026-07-09 05:13:45.121450+00:00,2026-07-09 02:13:45.121450+00:00
,,,BUY,,SAIN,34.1,,,,,38.12,C,,,,,,,50.0,100.0,,,failed_gate=MAX_OPEN_TRADES_PER_SYMBOL,,REFUSE,62.03,ASIA_MAIN,,50.0,ORDER_FLOW_EXECUTION_AGENT,GOLD#,,,,2026-07-09 05:14:05.563447+00:00,2026-07-09 02:14:05.563447+00:00
,,,BUY,,SAIN,34.1,,,,,38.76,C,,,,,,,50.0,100.0,,,failed_gate=MAX_OPEN_TRADES_PER_SYMBOL,,REFUSE,62.19,ASIA_MAIN,,50.0,ORDER_FLOW_EXECUTION_AGENT,GOLD#,,,,2026-07-09 05:14:26.799027+00:00,2026-07-09 02:14:26.799027+00:00
,,,BUY,,SAIN,34.1,,,,,39.59,C,,,,,,,50.0,100.0,,,failed_gate=MAX_OPEN_TRADES_PER_SYMBOL,,REFUSE,62.4,ASIA_MAIN,,50.0,ORDER_FLOW_EXECUTION_AGENT,GOLD#,,,,2026-07-09 05:14:48.609540+00:00,2026-07-09 02:14:48.609540+00:00
,,,BUY,,,,,,,,37.18,C,,,,,,,50.0,100.0,,,failed_gate=MAX_OPEN_TRADES_PER_SYMBOL,,REFUSE,61.8,ASIA_MAIN,,50.0,ORDER_FLOW_EXECUTION_AGENT,GOLD#,,,,2026-07-09 05:17:23.828107+00:00,2026-07-09 02:17:23.828107+00:00
,,,BUY,,,,,,,,36.57,C,,,,,,,50.0,100.0,,,failed_gate=MAX_OPEN_TRADES_PER_SYMBOL,,REFUSE,61.64,ASIA_MAIN,,50.0,ORDER_FLOW_EXECUTION_AGENT,GOLD#,,,,2026-07-09 05:17:56.803296+00:00,2026-07-09 02:17:56.803296+00:00
,,,BUY,,,,,,,,36.92,C,,,,,,,50.0,100.0,,,failed_gate=MAX_OPEN_TRADES_PER_SYMBOL,,REFUSE,61.73,ASIA_MAIN,,50.0,ORDER_FLOW_EXECUTION_AGENT,GOLD#,,,,2026-07-09 05:18:29.545396+00:00,2026-07-09 02:18:29.545396+00:00
,,,BUY,,,,,,,,39.79,C,,,,,,,50.0,100.0,,,failed_gate=MAX_OPEN_TRADES_PER_SYMBOL,,REFUSE,62.45,ASIA_MAIN,,50.0,ORDER_FLOW_EXECUTION_AGENT,GOLD#,,,,2026-07-09 05:19:04.829062+00:00,2026-07-09 02:19:04.829062+00:00
,,,BUY,,,,,,,,39.2,C,,,,,,,50.0,100.0,,,failed_gate=MAX_OPEN_TRADES_PER_SYMBOL,,REFUSE,62.3,ASIA_MAIN,,50.0,ORDER_FLOW_EXECUTION_AGENT,GOLD#,,,,2026-07-09 05:19:54.211639+00:00,2026-07-09 02:19:54.211639+00:00
,,,SELL,,,,,,,,,,,,,,,,,,,,failed_gate=GOLD_ANALYSIS_ONLY,,REFUSE,67.5,ASIA_MAIN,,,GOLD_LIQUIDITY_HUNTER_PRO,GOLD#,,,,2026-07-09 05:21:48.899230+00:00,2026-07-09 02:21:48.899230+00:00
,,,BUY,,SAIN,30.4,,,,,53.25,B,,,,,,,50.0,100.0,,,failed_gate=MAX_OPEN_TRADES_PER_SYMBOL,,REFUSE,65.81,ASIA_MAIN,,50.0,ORDER_FLOW_EXECUTION_AGENT,GOLD#,,,,2026-07-09 05:25:35.612924+00:00,2026-07-09 02:25:35.612924+00:00
,,,BUY,,SAIN,30.4,,,,,42.79,C,,,,,,,50.0,100.0,,,failed_gate=MAX_OPEN_TRADES_PER_SYMBOL,,REFUSE,63.2,ASIA_MAIN,,50.0,ORDER_FLOW_EXECUTION_AGENT,GOLD#,,,,2026-07-09 05:25:56.704619+00:00,2026-07-09 02:25:56.704619+00:00
,,,BUY,,SAIN,30.4,,,,,42.59,C,,,,,,,50.0,100.0,,,failed_gate=MAX_OPEN_TRADES_PER_SYMBOL,,REFUSE,63.15,ASIA_MAIN,,50.0,ORDER_FLOW_EXECUTION_AGENT,GOLD#,,,,2026-07-09 05:26:21.429299+00:00,2026-07-09 02:26:21.429299+00:00
,,,BUY,,SAIN,30.4,,,,,53.45,B,,,,,,,50.0,100.0,,,failed_gate=MAX_OPEN_TRADES_PER_SYMBOL,,REFUSE,65.86,ASIA_MAIN,,50.0,ORDER_FLOW_EXECUTION_AGENT,GOLD#,,,,2026-07-09 05:26:45.319609+00:00,2026-07-09 02:26:45.319609+00:00
,,,BUY,,SAIN,30.4,,,,,54.42,B,,,,,,,50.0,100.0,,,failed_gate=MAX_OPEN_TRADES_PER_SYMBOL,,REFUSE,66.11,ASIA_MAIN,,50.0,ORDER_FLOW_EXECUTION_AGENT,GOLD#,,,,2026-07-09 05:27:12.309688+00:00,2026-07-09 02:27:12.309688+00:00
,,,BUY,,SAIN,30.4,,,,,54.34,B,,,,,,,50.0,100.0,,,failed_gate=MAX_OPEN_TRADES_PER_SYMBOL,,REFUSE,66.09,ASIA_MAIN,,50.0,ORDER_FLOW_EXECUTION_AGENT,GOLD#,,,,2026-07-09 05:27:37.380928+00:00,2026-07-09 02:27:37.380928+00:00
,,,BUY,,SAIN,30.4,,,,,54.0,B,,,,,,,50.0,100.0,,,failed_gate=MAX_OPEN_TRADES_PER_SYMBOL,,REFUSE,66.0,ASIA_MAIN,,50.0,ORDER_FLOW_EXECUTION_AGENT,GOLD#,,,,2026-07-09 05:28:02.254600+00:00,2026-07-09 02:28:02.254600+00:00
,,,BUY,,SAIN,30.4,,,,,54.02,B,,,,,,,50.0,100.0,,,failed_gate=MAX_OPEN_TRADES_PER_SYMBOL,,REFUSE,66.0,ASIA_MAIN,,50.0,ORDER_FLOW_EXECUTION_AGENT,GOLD#,,,,2026-07-09 05:28:25.822341+00:00,2026-07-09 02:28:25.822341+00:00
,,,BUY,,SAIN,30.4,,,,,54.15,B,,,,,,,50.0,100.0,,,failed_gate=MAX_OPEN_TRADES_PER_SYMBOL,,REFUSE,66.04,ASIA_MAIN,,50.0,ORDER_FLOW_EXECUTION_AGENT,GOLD#,,,,2026-07-09 05:28:50.895822+00:00,2026-07-09 02:28:50.895822+00:00
,,,BUY,,SAIN,30.4,,,,,53.27,B,,,,,,,50.0,100.0,,,failed_gate=MAX_OPEN_TRADES_PER_SYMBOL,,REFUSE,65.82,ASIA_MAIN,,50.0,ORDER_FLOW_EXECUTION_AGENT,GOLD#,,,,2026-07-09 05:29:17.893123+00:00,2026-07-09 02:29:17.893123+00:00
,,,BUY,,SAIN,30.4,,,,,42.6,C,,,,,,,50.0,100.0,,,failed_gate=MAX_OPEN_TRADES_PER_SYMBOL,,REFUSE,63.15,ASIA_MAIN,,50.0,ORDER_FLOW_EXECUTION_AGENT,GOLD#,,,,2026-07-09 05:29:41.597184+00:00,2026-07-09 02:29:41.597184+00:00
,,,BUY,,SAIN,30.4,,,,,42.44,C,,,,,,,50.0,100.0,,,failed_gate=MAX_OPEN_TRADES_PER_SYMBOL,,REFUSE,63.11,ASIA_MAIN,,50.0,ORDER_FLOW_EXECUTION_AGENT,GOLD#,,,,2026-07-09 05:30:06.754521+00:00,2026-07-09 02:30:06.754521+00:00
,,,SELL,,,,SAIN,5.0,,,55.43,C,,,,,,,50.0,94.0,,,failed_gate=MAX_OPEN_TRADES_PER_SYMBOL,,REFUSE,64.56,ASIA_MAIN,,50.0,ORDER_FLOW_EXECUTION_AGENT,GOLD#,,,,2026-07-09 05:30:27.673713+00:00,2026-07-09 02:30:27.673713+00:00
,,,SELL,,,,SAIN,5.0,,,58.38,B,,,,,,,50.0,94.0,,,failed_gate=MAX_OPEN_TRADES_PER_SYMBOL,,REFUSE,65.3,ASIA_MAIN,,50.0,ORDER_FLOW_EXECUTION_AGENT,GOLD#,,,,2026-07-09 05:30:49.248691+00:00,2026-07-09 02:30:49.248691+00:00
,,,SELL,,,,SAIN,5.0,,,34.5,C,,,,,,,50.0,94.0,,,failed_gate=MAX_OPEN_TRADES_PER_SYMBOL,,REFUSE,59.33,ASIA_MAIN,,50.0,ORDER_FLOW_EXECUTION_AGENT,GOLD#,,,,2026-07-09 05:32:56.911904+00:00,2026-07-09 02:32:56.911904+00:00
,,,SELL,,,,SAIN,5.0,,,36.03,C,,,,,,,50.0,94.0,,,failed_gate=MAX_OPEN_TRADES_PER_SYMBOL,,REFUSE,59.71,ASIA_MAIN,,50.0,ORDER_FLOW_EXECUTION_AGENT,GOLD#,,,,2026-07-09 05:33:20.254765+00:00,2026-07-09 02:33:20.254765+00:00
,,,SELL,,,,SAIN,5.0,,,37.09,C,,,,,,,50.0,94.0,,,failed_gate=MAX_OPEN_TRADES_PER_SYMBOL,,REFUSE,59.97,ASIA_MAIN,,50.0,ORDER_FLOW_EXECUTION_AGENT,GOLD#,,,,2026-07-09 05:33:45.105747+00:00,2026-07-09 02:33:45.105747+00:00
,,,SELL,,,,SAIN,5.0,,,48.37,C,,,,,,,50.0,94.0,,,failed_gate=MAX_OPEN_TRADES_PER_SYMBOL,,REFUSE,62.79,ASIA_MAIN,,50.0,ORDER_FLOW_EXECUTION_AGENT,GOLD#,,,,2026-07-09 05:34:32.920942+00:00,2026-07-09 02:34:32.920942+00:00
,,,SELL,,,,SAIN,5.0,,,48.23,C,,,,,,,50.0,94.0,,,failed_gate=MAX_OPEN_TRADES_PER_SYMBOL,,REFUSE,62.76,ASIA_MAIN,,50.0,ORDER_FLOW_EXECUTION_AGENT,GOLD#,,,,2026-07-09 05:34:59.022676+00:00,2026-07-09 02:34:59.022676+00:00
,,,SELL,,,,SAIN,32.1,,,47.46,C,,,,,,,50.0,100.0,,,failed_gate=MAX_OPEN_TRADES_PER_SYMBOL,,REFUSE,64.37,ASIA_MAIN,,50.0,ORDER_FLOW_EXECUTION_AGENT,GOLD#,,,,2026-07-09 05:35:27.609721+00:00,2026-07-09 02:35:27.609721+00:00
,,,SELL,,,,SAIN,32.1,,,47.78,C,,,,,,,50.0,100.0,,,failed_gate=MAX_OPEN_TRADES_PER_SYMBOL,,REFUSE,64.44,ASIA_MAIN,,50.0,ORDER_FLOW_EXECUTION_AGENT,GOLD#,,,,2026-07-09 05:35:55.361390+00:00,2026-07-09 02:35:55.361390+00:00
,,,SELL,,,,SAIN,32.1,,,47.34,C,,,,,,,50.0,100.0,,,failed_gate=MAX_OPEN_TRADES_PER_SYMBOL,,REFUSE,64.34,ASIA_MAIN,,50.0,ORDER_FLOW_EXECUTION_AGENT,GOLD#,,,,2026-07-09 05:36:32.758519+00:00,2026-07-09 02:36:32.758519+00:00
,,,SELL,,,,SAIN,10.5,,,46.42,C,,,,,,,50.0,100.0,,,failed_gate=MAX_OPEN_TRADES_PER_SYMBOL,,REFUSE,64.11,ASIA_MAIN,,50.0,ORDER_FLOW_EXECUTION_AGENT,GOLD#,,,,2026-07-09 05:41:41.379513+00:00,2026-07-09 02:41:41.379513+00:00
,,,SELL,,,,SAIN,10.5,,,47.84,C,,,,,,,50.0,100.0,,,failed_gate=MAX_OPEN_TRADES_PER_SYMBOL,,REFUSE,64.46,ASIA_MAIN,,50.0,ORDER_FLOW_EXECUTION_AGENT,GOLD#,,,,2026-07-09 05:42:08.345984+00:00,2026-07-09 02:42:08.345984+00:00
,,,SELL,,,,SAIN,10.5,,,47.52,C,,,,,,,50.0,100.0,,,failed_gate=MAX_OPEN_TRADES_PER_SYMBOL,,REFUSE,64.38,ASIA_MAIN,,50.0,ORDER_FLOW_EXECUTION_AGENT,GOLD#,,,,2026-07-09 05:42:32.695568+00:00,2026-07-09 02:42:32.695568+00:00
,,,SELL,,,,SAIN,10.5,,,47.99,C,,,,,,,50.0,100.0,,,failed_gate=MAX_OPEN_TRADES_PER_SYMBOL,,REFUSE,64.5,ASIA_MAIN,,50.0,ORDER_FLOW_EXECUTION_AGENT,GOLD#,,,,2026-07-09 05:42:59.202617+00:00,2026-07-09 02:42:59.202617+00:00
,,,SELL,,,,SAIN,10.5,,,47.87,C,,,,,,,50.0,100.0,,,failed_gate=MAX_OPEN_TRADES_PER_SYMBOL,,REFUSE,64.47,ASIA_MAIN,,50.0,ORDER_FLOW_EXECUTION_AGENT,GOLD#,,,,2026-07-09 05:43:24.521143+00:00,2026-07-09 02:43:24.521143+00:00
,,,SELL,,,,SAIN,10.5,,,47.48,C,,,,,,,50.0,100.0,,,failed_gate=MAX_OPEN_TRADES_PER_SYMBOL,,REFUSE,64.37,ASIA_MAIN,,50.0,ORDER_FLOW_EXECUTION_AGENT,GOLD#,,,,2026-07-09 05:43:51.674565+00:00,2026-07-09 02:43:51.674565+00:00
,,,SELL,,,,SAIN,10.5,,,48.88,C,,,,,,,50.0,100.0,,,failed_gate=MAX_OPEN_TRADES_PER_SYMBOL,,REFUSE,64.72,ASIA_MAIN,,50.0,ORDER_FLOW_EXECUTION_AGENT,GOLD#,,,,2026-07-09 05:44:19.610632+00:00,2026-07-09 02:44:19.610632+00:00
,,,SELL,,,,SAIN,10.5,,,48.73,C,,,,,,,50.0,100.0,,,failed_gate=MAX_OPEN_TRADES_PER_SYMBOL,,REFUSE,64.68,ASIA_MAIN,,50.0,ORDER_FLOW_EXECUTION_AGENT,GOLD#,,,,2026-07-09 05:44:46.902178+00:00,2026-07-09 02:44:46.902178+00:00
,,,SELL,,SAIN,5.0,PRUDENCE,40.0,,,52.83,B,,,,,,,50.0,100.0,,,failed_gate=MAX_OPEN_TRADES_PER_SYMBOL,,REFUSE,68.21,ASIA_MAIN,,60.0,ORDER_FLOW_EXECUTION_AGENT,BTCUSD#,,,,2026-07-09 05:45:02.087128+00:00,2026-07-09 02:45:02.087128+00:00
,,,SELL,,,,SAIN,21.9,,,34.26,C,,,,,,,50.0,100.0,,,failed_gate=MAX_OPEN_TRADES_PER_SYMBOL,,REFUSE,61.06,ASIA_MAIN,,50.0,ORDER_FLOW_EXECUTION_AGENT,GOLD#,,,,2026-07-09 05:45:43.548487+00:00,2026-07-09 02:45:43.548487+00:00
,,,SELL,,,,SAIN,21.9,,,34.58,C,,,,,,,50.0,100.0,,,failed_gate=MAX_OPEN_TRADES_PER_SYMBOL,,REFUSE,61.14,ASIA_MAIN,,50.0,ORDER_FLOW_EXECUTION_AGENT,GOLD#,,,,2026-07-09 05:46:36.466776+00:00,2026-07-09 02:46:36.466776+00:00
,,,SELL,,,,SAIN,21.9,,,34.22,C,,,,,,,50.0,100.0,,,failed_gate=MAX_OPEN_TRADES_PER_SYMBOL,,REFUSE,61.05,ASIA_MAIN,,50.0,ORDER_FLOW_EXECUTION_AGENT,GOLD#,,,,2026-07-09 05:47:04.771139+00:00,2026-07-09 02:47:04.771139+00:00
,,,SELL,,,,SAIN,21.9,,,34.18,C,,,,,,,50.0,100.0,,,failed_gate=MAX_OPEN_TRADES_PER_SYMBOL,,REFUSE,61.05,ASIA_MAIN,,50.0,ORDER_FLOW_EXECUTION_AGENT,GOLD#,,,,2026-07-09 05:47:29.286897+00:00,2026-07-09 02:47:29.286897+00:00
,,,SELL,,SAIN,0.0,,,,,56.64,B,,,,,,,60.0,100.0,,,failed_gate=MAX_OPEN_TRADES_PER_SYMBOL,,REFUSE,72.41,ASIA_MAIN,,65.0,ORDER_FLOW_EXECUTION_AGENT,BTCUSD#,,,,2026-07-09 05:48:08.242072+00:00,2026-07-09 02:48:08.242072+00:00
,,,SELL,,SAIN,0.0,,,,,56.88,B,,,,,,,60.0,100.0,,,failed_gate=MAX_OPEN_TRADES_PER_SYMBOL,,REFUSE,73.72,ASIA_MAIN,,70.0,ORDER_FLOW_EXECUTION_AGENT,BTCUSD#,,,,2026-07-09 05:48:38.037202+00:00,2026-07-09 02:48:38.037202+00:00
,,,SELL,,,,SAIN,21.9,,,34.52,C,,,,,,,50.0,100.0,,,failed_gate=MAX_OPEN_TRADES_PER_SYMBOL,,REFUSE,61.13,ASIA_MAIN,,50.0,ORDER_FLOW_EXECUTION_AGENT,GOLD#,,,,2026-07-09 05:48:54.699170+00:00,2026-07-09 02:48:54.699170+00:00
,,,SELL,,SAIN,0.0,,,,,57.69,B,,,,,,,60.0,100.0,,,failed_gate=MAX_OPEN_TRADES_PER_SYMBOL,,REFUSE,73.92,ASIA_MAIN,,70.0,ORDER_FLOW_EXECUTION_AGENT,BTCUSD#,,,,2026-07-09 05:49:11.371912+00:00,2026-07-09 02:49:11.371912+00:00
,,,SELL,,,,SAIN,21.9,,,36.45,C,,,,,,,50.0,100.0,,,failed_gate=MAX_OPEN_TRADES_PER_SYMBOL,,REFUSE,61.61,ASIA_MAIN,,50.0,ORDER_FLOW_EXECUTION_AGENT,GOLD#,,,,2026-07-09 05:49:29.036077+00:00,2026-07-09 02:49:29.036077+00:00
,,,SELL,,SAIN,0.0,,,,,59.99,B,,,,,,,60.0,100.0,,,failed_gate=MAX_OPEN_TRADES_PER_SYMBOL,,REFUSE,74.5,ASIA_MAIN,,70.0,ORDER_FLOW_EXECUTION_AGENT,BTCUSD#,,,,2026-07-09 05:49:45.011626+00:00,2026-07-09 02:49:45.011626+00:00
,,,SELL,,,,SAIN,21.9,,,36.07,C,,,,,,,50.0,100.0,,,failed_gate=MAX_OPEN_TRADES_PER_SYMBOL,,REFUSE,61.52,ASIA_MAIN,,50.0,ORDER_FLOW_EXECUTION_AGENT,GOLD#,,,,2026-07-09 05:50:01.731403+00:00,2026-07-09 02:50:01.731403+00:00
,,,SELL,,,,SAIN,34.6,,,36.44,C,,,,,,,50.0,100.0,,,failed_gate=MAX_OPEN_TRADES_PER_SYMBOL,,REFUSE,61.61,ASIA_MAIN,,50.0,ORDER_FLOW_EXECUTION_AGENT,GOLD#,,,,2026-07-09 05:50:24.165041+00:00,2026-07-09 02:50:24.165041+00:00
,,,SELL,,,,SAIN,34.6,,,37.21,C,,,,,,,50.0,100.0,,,failed_gate=MAX_OPEN_TRADES_PER_SYMBOL,,REFUSE,61.8,ASIA_MAIN,,50.0,ORDER_FLOW_EXECUTION_AGENT,GOLD#,,,,2026-07-09 05:50:45.229480+00:00,2026-07-09 02:50:45.229480+00:00
,,,SELL,,,,SAIN,34.6,,,36.4,C,,,,,,,50.0,100.0,,,failed_gate=MAX_OPEN_TRADES_PER_SYMBOL,,REFUSE,61.6,ASIA_MAIN,,50.0,ORDER_FLOW_EXECUTION_AGENT,GOLD#,,,,2026-07-09 05:51:08.357465+00:00,2026-07-09 02:51:08.357465+00:00
,,,SELL,,,,SAIN,34.6,,,37.37,C,,,,,,,50.0,100.0,,,failed_gate=MAX_OPEN_TRADES_PER_SYMBOL,,REFUSE,61.84,ASIA_MAIN,,50.0,ORDER_FLOW_EXECUTION_AGENT,GOLD#,,,,2026-07-09 05:51:36.903838+00:00,2026-07-09 02:51:36.903838+00:00
,,,SELL,,,,SAIN,34.6,,,37.7,C,,,,,,,50.0,100.0,,,failed_gate=MAX_OPEN_TRADES_PER_SYMBOL,,REFUSE,61.92,ASIA_MAIN,,50.0,ORDER_FLOW_EXECUTION_AGENT,GOLD#,,,,2026-07-09 05:52:07.067852+00:00,2026-07-09 02:52:07.067852+00:00
,,,SELL,,,,SAIN,34.6,,,38.16,C,,,,,,,50.0,100.0,,,failed_gate=MAX_OPEN_TRADES_PER_SYMBOL,,REFUSE,62.04,ASIA_MAIN,,50.0,ORDER_FLOW_EXECUTION_AGENT,GOLD#,,,,2026-07-09 05:52:32.113262+00:00,2026-07-09 02:52:32.113262+00:00
,,,SELL,,,,SAIN,34.6,,,37.61,C,,,,,,,50.0,100.0,,,failed_gate=MAX_OPEN_TRADES_PER_SYMBOL,,REFUSE,61.9,ASIA_MAIN,,50.0,ORDER_FLOW_EXECUTION_AGENT,GOLD#,,,,2026-07-09 05:52:58.585651+00:00,2026-07-09 02:52:58.585651+00:00
,,,SELL,,,,SAIN,34.6,,,37.12,C,,,,,,,50.0,100.0,,,failed_gate=MAX_OPEN_TRADES_PER_SYMBOL,,REFUSE,61.78,ASIA_MAIN,,50.0,ORDER_FLOW_EXECUTION_AGENT,GOLD#,,,,2026-07-09 05:53:22.634935+00:00,2026-07-09 02:53:22.634935+00:00
,,,SELL,,,,SAIN,34.6,,,37.62,C,,,,,,,50.0,100.0,,,failed_gate=MAX_OPEN_TRADES_PER_SYMBOL,,REFUSE,61.91,ASIA_MAIN,,50.0,ORDER_FLOW_EXECUTION_AGENT,GOLD#,,,,2026-07-09 05:53:43.756672+00:00,2026-07-09 02:53:43.756672+00:00
,,,SELL,,,,SAIN,34.6,,,37.47,C,,,,,,,50.0,100.0,,,failed_gate=MAX_OPEN_TRADES_PER_SYMBOL,,REFUSE,61.87,ASIA_MAIN,,50.0,ORDER_FLOW_EXECUTION_AGENT,GOLD#,,,,2026-07-09 05:54:04.237189+00:00,2026-07-09 02:54:04.237189+00:00
,,,SELL,,,,SAIN,34.6,,,38.24,C,,,,,,,50.0,100.0,,,failed_gate=MAX_OPEN_TRADES_PER_SYMBOL,,REFUSE,62.06,ASIA_MAIN,,50.0,ORDER_FLOW_EXECUTION_AGENT,GOLD#,,,,2026-07-09 05:54:27.348486+00:00,2026-07-09 02:54:27.348486+00:00
,,,SELL,,,,SAIN,34.6,,,37.65,C,,,,,,,50.0,100.0,,,failed_gate=MAX_OPEN_TRADES_PER_SYMBOL,,REFUSE,61.91,ASIA_MAIN,,50.0,ORDER_FLOW_EXECUTION_AGENT,GOLD#,,,,2026-07-09 05:54:50.229659+00:00,2026-07-09 02:54:50.229659+00:00
,,,SELL,,,,,,,,36.14,C,,,,,,,50.0,100.0,,,failed_gate=MAX_OPEN_TRADES_PER_SYMBOL,,REFUSE,61.53,ASIA_MAIN,,50.0,ORDER_FLOW_EXECUTION_AGENT,GOLD#,,,,2026-07-09 05:57:34.451697+00:00,2026-07-09 02:57:34.451697+00:00
,,,SELL,,,,,,,,37.39,C,,,,,,,50.0,100.0,,,failed_gate=MAX_OPEN_TRADES_PER_SYMBOL,,REFUSE,61.85,ASIA_MAIN,,50.0,ORDER_FLOW_EXECUTION_AGENT,GOLD#,,,,2026-07-09 05:57:51.976841+00:00,2026-07-09 02:57:51.976841+00:00
,,,SELL,,,,,,,,38.47,C,,,,,,,50.0,100.0,,,failed_gate=MAX_OPEN_TRADES_PER_SYMBOL,,REFUSE,62.12,ASIA_MAIN,,50.0,ORDER_FLOW_EXECUTION_AGENT,GOLD#,,,,2026-07-09 05:58:09.840750+00:00,2026-07-09 02:58:09.840750+00:00
,,,SELL,,,,,,,,38.03,C,,,,,,,50.0,100.0,,,failed_gate=MAX_OPEN_TRADES_PER_SYMBOL,,REFUSE,62.01,ASIA_MAIN,,50.0,ORDER_FLOW_EXECUTION_AGENT,GOLD#,,,,2026-07-09 05:58:27.216286+00:00,2026-07-09 02:58:27.216286+00:00
,,,SELL,,,,,,,,38.21,C,,,,,,,50.0,100.0,,,failed_gate=MAX_OPEN_TRADES_PER_SYMBOL,,REFUSE,62.05,ASIA_MAIN,,50.0,ORDER_FLOW_EXECUTION_AGENT,GOLD#,,,,2026-07-09 05:58:45.023678+00:00,2026-07-09 02:58:45.023678+00:00
,,,SELL,,,,,,,,39.24,C,,,,,,,50.0,100.0,,,failed_gate=MAX_OPEN_TRADES_PER_SYMBOL,,REFUSE,62.31,ASIA_MAIN,,50.0,ORDER_FLOW_EXECUTION_AGENT,GOLD#,,,,2026-07-09 05:59:02.280009+00:00,2026-07-09 02:59:02.280009+00:00
,,,SELL,,,,,,,,38.95,C,,,,,,,50.0,100.0,,,failed_gate=MAX_OPEN_TRADES_PER_SYMBOL,,REFUSE,62.24,ASIA_MAIN,,50.0,ORDER_FLOW_EXECUTION_AGENT,GOLD#,,,,2026-07-09 05:59:20.630784+00:00,2026-07-09 02:59:20.630784+00:00
,,,SELL,,,,,,,,40.25,C,,,,,,,50.0,100.0,,,failed_gate=MAX_OPEN_TRADES_PER_SYMBOL,,REFUSE,62.56,ASIA_MAIN,,50.0,ORDER_FLOW_EXECUTION_AGENT,GOLD#,,,,2026-07-09 05:59:38.131823+00:00,2026-07-09 02:59:38.131823+00:00
,,,SELL,,,,,,,,40.22,C,,,,,,,50.0,100.0,,,failed_gate=MAX_OPEN_TRADES_PER_SYMBOL,,REFUSE,62.55,ASIA_MAIN,,50.0,ORDER_FLOW_EXECUTION_AGENT,GOLD#,,,,2026-07-09 05:59:54.815126+00:00,2026-07-09 02:59:54.815126+00:00
,,,SELL,,,,,,,,38.21,C,,,,,,,50.0,100.0,,,failed_gate=MAX_OPEN_TRADES_PER_SYMBOL,,REFUSE,62.05,ASIA_MAIN,,50.0,ORDER_FLOW_EXECUTION_AGENT,GOLD#,,,,2026-07-09 06:00:12.202364+00:00,2026-07-09 03:00:12.202364+00:00
,,,SELL,,,,SAIN,32.8,,,37.41,C,,,,,,,50.0,95.0,,,failed_gate=MAX_OPEN_TRADES_PER_SYMBOL,,REFUSE,60.35,ASIA_MAIN,,50.0,ORDER_FLOW_EXECUTION_AGENT,GOLD#,,,,2026-07-09 06:05:26.703673+00:00,2026-07-09 03:05:26.703673+00:00
,,,SELL,,,,SAIN,32.8,,,38.26,C,,,,,,,50.0,95.0,,,failed_gate=MAX_OPEN_TRADES_PER_SYMBOL,,REFUSE,60.56,ASIA_MAIN,,50.0,ORDER_FLOW_EXECUTION_AGENT,GOLD#,,,,2026-07-09 06:05:42.883718+00:00,2026-07-09 03:05:42.883718+00:00
,,,SELL,,,,SAIN,32.8,,,37.57,C,,,,,,,50.0,95.0,,,failed_gate=MAX_OPEN_TRADES_PER_SYMBOL,,REFUSE,60.39,ASIA_MAIN,,50.0,ORDER_FLOW_EXECUTION_AGENT,GOLD#,,,,2026-07-09 06:05:59.513384+00:00,2026-07-09 03:05:59.513384+00:00
,,,SELL,,,,SAIN,32.8,,,37.43,C,,,,,,,50.0,95.0,,,failed_gate=MAX_OPEN_TRADES_PER_SYMBOL,,REFUSE,60.36,ASIA_MAIN,,50.0,ORDER_FLOW_EXECUTION_AGENT,GOLD#,,,,2026-07-09 06:06:16.876418+00:00,2026-07-09 03:06:16.876418+00:00
,,,SELL,,,,SAIN,32.8,,,39.06,C,,,,,,,50.0,100.0,,,failed_gate=MAX_OPEN_TRADES_PER_SYMBOL,,REFUSE,62.27,ASIA_MAIN,,50.0,ORDER_FLOW_EXECUTION_AGENT,GOLD#,,,,2026-07-09 06:06:33.802123+00:00,2026-07-09 03:06:33.802123+00:00
,,,SELL,,,,SAIN,32.8,,,39.32,C,,,,,,,50.0,100.0,,,failed_gate=MAX_OPEN_TRADES_PER_SYMBOL,,REFUSE,62.33,ASIA_MAIN,,50.0,ORDER_FLOW_EXECUTION_AGENT,GOLD#,,,,2026-07-09 06:06:51.149828+00:00,2026-07-09 03:06:51.149828+00:00
,,,SELL,,,,SAIN,32.8,,,43.13,C,,,,,,,50.0,95.0,,,failed_gate=MAX_OPEN_TRADES_PER_SYMBOL,,REFUSE,61.78,ASIA_MAIN,,50.0,ORDER_FLOW_EXECUTION_AGENT,GOLD#,,,,2026-07-09 06:07:10.050981+00:00,2026-07-09 03:07:10.050981+00:00
,,,SELL,,,,SAIN,32.8,,,43.88,C,,,,,,,50.0,100.0,,,failed_gate=MAX_OPEN_TRADES_PER_SYMBOL,,REFUSE,63.47,ASIA_MAIN,,50.0,ORDER_FLOW_EXECUTION_AGENT,GOLD#,,,,2026-07-09 06:07:35.721160+00:00,2026-07-09 03:07:35.721160+00:00
,,,SELL,,,,,,,,54.94,C,,,,,,,50.0,78.0,,,failed_gate=MAX_OPEN_TRADES_PER_SYMBOL,,REFUSE,59.63,ASIA_MAIN,,50.0,ORDER_FLOW_EXECUTION_AGENT,GOLD#,,,,2026-07-09 06:09:19.268403+00:00,2026-07-09 03:09:19.268403+00:00
,,,SELL,,,,,,,,56.04,C,,,,,,,50.0,78.0,,,failed_gate=MAX_OPEN_TRADES_PER_SYMBOL,,REFUSE,59.91,ASIA_MAIN,,50.0,ORDER_FLOW_EXECUTION_AGENT,GOLD#,,,,2026-07-09 06:09:38.058553+00:00,2026-07-09 03:09:38.058553+00:00
,,,SELL,,,,,,,,57.03,C,,,,,,,50.0,78.0,,,failed_gate=MAX_OPEN_TRADES_PER_SYMBOL,,REFUSE,60.16,ASIA_MAIN,,50.0,ORDER_FLOW_EXECUTION_AGENT,GOLD#,,,,2026-07-09 06:09:56.303152+00:00,2026-07-09 03:09:56.303152+00:00
,,,SELL,,,,,,,,49.97,C,,,,,,,55.0,95.0,,,failed_gate=MAX_OPEN_TRADES_PER_SYMBOL,,REFUSE,64.49,ASIA_MAIN,,50.0,ORDER_FLOW_EXECUTION_AGENT,GOLD#,,,,2026-07-09 06:36:57.716907+00:00,2026-07-09 03:36:57.716907+00:00
,,,SELL,,,,,,,,50.36,C,,,,,,,55.0,95.0,,,failed_gate=MAX_OPEN_TRADES_PER_SYMBOL,,REFUSE,64.59,ASIA_MAIN,,50.0,ORDER_FLOW_EXECUTION_AGENT,GOLD#,,,,2026-07-09 06:37:18.967369+00:00,2026-07-09 03:37:18.967369+00:00
,,,SELL,,,,,,,,64.45,B,,,,,,,55.0,95.0,,,failed_gate=MAX_OPEN_TRADES_PER_SYMBOL,,REFUSE,68.11,ASIA_MAIN,,50.0,ORDER_FLOW_EXECUTION_AGENT,GOLD#,,,,2026-07-09 06:37:42.368579+00:00,2026-07-09 03:37:42.368579+00:00
,,,SELL,,,,,,,,64.88,B,,,,,,,55.0,95.0,,,failed_gate=MAX_OPEN_TRADES_PER_SYMBOL,,REFUSE,68.22,ASIA_MAIN,,50.0,ORDER_FLOW_EXECUTION_AGENT,GOLD#,,,,2026-07-09 06:38:06.573122+00:00,2026-07-09 03:38:06.573122+00:00
,,,SELL,,,,,,,,64.28,B,,,,,,,55.0,100.0,,,failed_gate=MAX_OPEN_TRADES_PER_SYMBOL,,REFUSE,69.57,ASIA_MAIN,,50.0,ORDER_FLOW_EXECUTION_AGENT,GOLD#,,,,2026-07-09 06:38:41.423305+00:00,2026-07-09 03:38:41.423305+00:00
,,,SELL,,,,,,,,64.44,B,,,,,,,55.0,95.0,,,failed_gate=MAX_OPEN_TRADES_PER_SYMBOL,,REFUSE,68.11,ASIA_MAIN,,50.0,ORDER_FLOW_EXECUTION_AGENT,GOLD#,,,,2026-07-09 06:39:06.279510+00:00,2026-07-09 03:39:06.279510+00:00
,,,SELL,,,,,,,,38.95,C,,,,,,,55.0,100.0,,,failed_gate=MAX_OPEN_TRADES_PER_SYMBOL,,REFUSE,63.24,ASIA_MAIN,,50.0,ORDER_FLOW_EXECUTION_AGENT,GOLD#,,,,2026-07-09 06:39:32.245226+00:00,2026-07-09 03:39:32.245226+00:00
,,,SELL,,,,,,,,39.12,C,,,,,,,55.0,100.0,,,failed_gate=MAX_OPEN_TRADES_PER_SYMBOL,,REFUSE,63.28,ASIA_MAIN,,50.0,ORDER_FLOW_EXECUTION_AGENT,GOLD#,,,,2026-07-09 06:39:54.694437+00:00,2026-07-09 03:39:54.694437+00:00
,,,SELL,,,,PRUDENCE,40.0,,,57.72,B,,,,,,,50.0,95.0,,,failed_gate=MAX_OPEN_TRADES_PER_SYMBOL,,REFUSE,65.43,ASIA_MAIN,,50.0,ORDER_FLOW_EXECUTION_AGENT,GOLD#,,,,2026-07-09 06:57:43.486664+00:00,2026-07-09 03:57:43.486664+00:00
,,,SELL,,,,PRUDENCE,40.0,,,57.46,B,,,,,,,50.0,100.0,,,failed_gate=MAX_OPEN_TRADES_PER_SYMBOL,,REFUSE,66.87,ASIA_MAIN,,50.0,ORDER_FLOW_EXECUTION_AGENT,GOLD#,,,,2026-07-09 06:58:08.171158+00:00,2026-07-09 03:58:08.171158+00:00
,,,SELL,,,,PRUDENCE,40.0,,,57.47,B,,,,,,,50.0,95.0,,,failed_gate=MAX_OPEN_TRADES_PER_SYMBOL,,REFUSE,65.37,ASIA_MAIN,,50.0,ORDER_FLOW_EXECUTION_AGENT,GOLD#,,,,2026-07-09 06:58:35.136622+00:00,2026-07-09 03:58:35.136622+00:00
,,,SELL,,,,PRUDENCE,40.0,,,58.09,B,,,,,,,50.0,95.0,,,failed_gate=MAX_OPEN_TRADES_PER_SYMBOL,,REFUSE,65.52,ASIA_MAIN,,50.0,ORDER_FLOW_EXECUTION_AGENT,GOLD#,,,,2026-07-09 06:59:02.870274+00:00,2026-07-09 03:59:02.870274+00:00
,,,SELL,,,,PRUDENCE,40.0,,,43.22,C,,,,,,,50.0,95.0,,,failed_gate=MAX_OPEN_TRADES_PER_SYMBOL,,REFUSE,61.8,ASIA_MAIN,,50.0,ORDER_FLOW_EXECUTION_AGENT,GOLD#,,,,2026-07-09 06:59:26.412122+00:00,2026-07-09 03:59:26.412122+00:00
,,,SELL,,,,,,,,38.29,C,,,,,,,50.0,88.0,,,failed_gate=MAX_OPEN_TRADES_PER_SYMBOL,,REFUSE,58.47,ASIA_MAIN,,50.0,ORDER_FLOW_EXECUTION_AGENT,GOLD#,,,,2026-07-09 07:15:15.438770+00:00,2026-07-09 04:15:15.438770+00:00
