timestamp_utc,timestamp_casa,hour,symbol,broker_symbol,strategy,direction,entry,stop_loss,take_profit,rr,score,grade,confidence,demo_eligible,session,smc_status,smc_score,mtfa_status,mtfa_score,top_down_status,setup_reason,rejection_reason,final_status,sh_decision,safety_decision,router_decision,mt5_status,event_type
2026-06-15T15:42:57.837007+00:00,2026-06-15 16:42:57,2026-06-15 16:00 CASA,EURUSD,EURUSD,ORDER_FLOW_EXECUTION_AGENT,BUY,1.15987,1.15667,1.16467,1.5,99,A,80,True,OVERLAP,FAIL,75.0,FAIL,35.0,FAIL,ORDER_FLOW_BUY_LIQUIDITY_SWEEP_REVERSAL,TOP_DOWN_DATA_MISSING,ROUTER_BLOCKED,ACCEPT,PASS,BLOCK,NOT_SENT,SETUP_HUNTER
2026-06-15T15:43:01.092372+00:00,2026-06-15 16:43:01,2026-06-15 16:00 CASA,BTCUSD#,BTCUSD#,ORDER_FLOW_EXECUTION_AGENT,BUY,66909.4,63743.48227,71658.27659,1.5,100,A,85,True,OVERLAP,FAIL,40.0,FAIL,40.0,FAIL,ORDER_FLOW_BUY_VWAP_RECLAIM_REJECTION,TOP_DOWN_DATA_MISSING,ROUTER_BLOCKED,ACCEPT,PASS,BLOCK,NOT_SENT,SETUP_HUNTER
2026-06-15T15:43:01.931323+00:00,2026-06-15 16:43:01,2026-06-15 16:00 CASA,GOLD#,GOLD#,ORDER_FLOW_EXECUTION_AGENT,BUY,4358.32,4174.33318,4634.30023,1.5,100,A,85,True,OVERLAP,FAIL,45.0,FAIL,40.0,FAIL,ORDER_FLOW_BUY_VWAP_RECLAIM_REJECTION,TOP_DOWN_DATA_MISSING,ROUTER_BLOCKED,ACCEPT,PASS,BLOCK,NOT_SENT,SETUP_HUNTER
2026-06-15T15:43:02.436696+00:00,2026-06-15 16:43:02,2026-06-15 16:00 CASA,EURUSD,EURUSD,ORDER_FLOW_EXECUTION_AGENT,BUY,1.15987,1.15667,1.16467,1.5,99,A,80,True,OVERLAP,FAIL,75.0,FAIL,35.0,FAIL,ORDER_FLOW_BUY_LIQUIDITY_SWEEP_REVERSAL,TOP_DOWN_DATA_MISSING,ROUTER_BLOCKED,ACCEPT,PASS,BLOCK,NOT_SENT,SETUP_HUNTER
2026-06-15T15:43:06.062573+00:00,2026-06-15 16:43:06,2026-06-15 16:00 CASA,BTCUSD#,BTCUSD#,ORDER_FLOW_EXECUTION_AGENT,BUY,66890.7,63743.50097,71611.49855,1.5,100,A,85,True,OVERLAP,FAIL,40.0,FAIL,40.0,FAIL,ORDER_FLOW_BUY_VWAP_RECLAIM_REJECTION,TOP_DOWN_DATA_MISSING,ROUTER_BLOCKED,ACCEPT,PASS,BLOCK,NOT_SENT,SETUP_HUNTER
2026-06-15T15:43:06.826323+00:00,2026-06-15 16:43:06,2026-06-15 16:00 CASA,GOLD#,GOLD#,ORDER_FLOW_EXECUTION_AGENT,BUY,4357.85,4174.33365,4633.12453,1.5,100,A,85,True,OVERLAP,FAIL,40.0,FAIL,15.0,FAIL,ORDER_FLOW_BUY_VWAP_RECLAIM_REJECTION,TOP_DOWN_DATA_MISSING,ROUTER_BLOCKED,ACCEPT,PASS,BLOCK,NOT_SENT,SETUP_HUNTER
2026-06-15T15:43:07.323234+00:00,2026-06-15 16:43:07,2026-06-15 16:00 CASA,EURUSD,EURUSD,ORDER_FLOW_EXECUTION_AGENT,BUY,1.15987,1.15667,1.16467,1.5,99,A,80,True,OVERLAP,FAIL,75.0,FAIL,35.0,FAIL,ORDER_FLOW_BUY_LIQUIDITY_SWEEP_REVERSAL,TOP_DOWN_DATA_MISSING,ROUTER_BLOCKED,ACCEPT,PASS,BLOCK,NOT_SENT,SETUP_HUNTER
2026-06-15T15:43:11.092642+00:00,2026-06-15 16:43:11,2026-06-15 16:00 CASA,BTCUSD#,BTCUSD#,ORDER_FLOW_EXECUTION_AGENT,BUY,66882.1,63743.50957,71589.98565,1.5,100,A,85,True,OVERLAP,FAIL,40.0,FAIL,40.0,FAIL,ORDER_FLOW_BUY_VWAP_RECLAIM_REJECTION,TOP_DOWN_DATA_MISSING,ROUTER_BLOCKED,ACCEPT,PASS,BLOCK,NOT_SENT,SETUP_HUNTER
2026-06-15T15:43:11.935131+00:00,2026-06-15 16:43:11,2026-06-15 16:00 CASA,GOLD#,GOLD#,ORDER_FLOW_EXECUTION_AGENT,BUY,4357.94,4174.33356,4633.34966,1.5,100,A,85,True,OVERLAP,FAIL,40.0,FAIL,15.0,FAIL,ORDER_FLOW_BUY_VWAP_RECLAIM_REJECTION,TOP_DOWN_DATA_MISSING,ROUTER_BLOCKED,ACCEPT,PASS,BLOCK,NOT_SENT,SETUP_HUNTER
2026-06-15T15:43:12.436612+00:00,2026-06-15 16:43:12,2026-06-15 16:00 CASA,EURUSD,EURUSD,ORDER_FLOW_EXECUTION_AGENT,BUY,1.15988,1.15667,1.16469,1.5,99,A,80,True,OVERLAP,FAIL,75.0,FAIL,35.0,FAIL,ORDER_FLOW_BUY_LIQUIDITY_SWEEP_REVERSAL,TOP_DOWN_DATA_MISSING,ROUTER_BLOCKED,ACCEPT,PASS,BLOCK,NOT_SENT,SETUP_HUNTER
2026-06-15T15:43:16.044978+00:00,2026-06-15 16:43:16,2026-06-15 16:00 CASA,BTCUSD#,BTCUSD#,ORDER_FLOW_EXECUTION_AGENT,BUY,66856.5,63743.53517,71525.94725,1.5,99,A,85,True,OVERLAP,FAIL,35.0,FAIL,15.0,FAIL,ORDER_FLOW_BUY_VWAP_RECLAIM_REJECTION,TOP_DOWN_DATA_MISSING,ROUTER_BLOCKED,ACCEPT,PASS,BLOCK,NOT_SENT,SETUP_HUNTER
2026-06-15T15:43:16.824688+00:00,2026-06-15 16:43:16,2026-06-15 16:00 CASA,GOLD#,GOLD#,ORDER_FLOW_EXECUTION_AGENT,BUY,4358.33,4174.33317,4634.32524,1.5,100,A,85,True,OVERLAP,FAIL,45.0,FAIL,40.0,FAIL,ORDER_FLOW_BUY_VWAP_RECLAIM_REJECTION,TOP_DOWN_DATA_MISSING,ROUTER_BLOCKED,ACCEPT,PASS,BLOCK,NOT_SENT,SETUP_HUNTER
2026-06-15T15:43:17.309725+00:00,2026-06-15 16:43:17,2026-06-15 16:00 CASA,EURUSD,EURUSD,ORDER_FLOW_EXECUTION_AGENT,BUY,1.1599,1.15667,1.16474,1.5,99,A,80,True,OVERLAP,FAIL,75.0,FAIL,35.0,FAIL,ORDER_FLOW_BUY_LIQUIDITY_SWEEP_REVERSAL,TOP_DOWN_DATA_MISSING,ROUTER_BLOCKED,ACCEPT,PASS,BLOCK,NOT_SENT,SETUP_HUNTER
2026-06-15T15:43:21.048759+00:00,2026-06-15 16:43:21,2026-06-15 16:00 CASA,BTCUSD#,BTCUSD#,ORDER_FLOW_EXECUTION_AGENT,BUY,66856.4,63743.53527,71525.69709,1.5,99,A,85,True,OVERLAP,FAIL,35.0,FAIL,15.0,FAIL,ORDER_FLOW_BUY_VWAP_RECLAIM_REJECTION,TOP_DOWN_DATA_MISSING,ROUTER_BLOCKED,ACCEPT,PASS,BLOCK,NOT_SENT,SETUP_HUNTER
2026-06-15T15:43:21.825340+00:00,2026-06-15 16:43:21,2026-06-15 16:00 CASA,GOLD#,GOLD#,ORDER_FLOW_EXECUTION_AGENT,BUY,4359.44,4174.33206,4637.10191,1.5,100,A,85,True,OVERLAP,FAIL,50.0,FAIL,40.0,FAIL,ORDER_FLOW_BUY_VWAP_RECLAIM_REJECTION,TOP_DOWN_DATA_MISSING,ROUTER_BLOCKED,ACCEPT,PASS,BLOCK,NOT_SENT,SETUP_HUNTER
2026-06-15T15:43:22.276682+00:00,2026-06-15 16:43:22,2026-06-15 16:00 CASA,EURUSD,EURUSD,ORDER_FLOW_EXECUTION_AGENT,BUY,1.15989,1.15667,1.16472,1.5,99,A,80,True,OVERLAP,FAIL,75.0,FAIL,35.0,FAIL,ORDER_FLOW_BUY_LIQUIDITY_SWEEP_REVERSAL,TOP_DOWN_DATA_MISSING,ROUTER_BLOCKED,ACCEPT,PASS,BLOCK,NOT_SENT,SETUP_HUNTER
2026-06-15T15:43:26.061944+00:00,2026-06-15 16:43:26,2026-06-15 16:00 CASA,BTCUSD#,BTCUSD#,ORDER_FLOW_EXECUTION_AGENT,BUY,66852.6,63743.53907,71516.1914,1.5,99,A,85,True,OVERLAP,FAIL,35.0,FAIL,15.0,FAIL,ORDER_FLOW_BUY_VWAP_RECLAIM_REJECTION,TOP_DOWN_DATA_MISSING,ROUTER_BLOCKED,ACCEPT,PASS,BLOCK,NOT_SENT,SETUP_HUNTER
2026-06-15T15:43:26.857537+00:00,2026-06-15 16:43:26,2026-06-15 16:00 CASA,GOLD#,GOLD#,ORDER_FLOW_EXECUTION_AGENT,BUY,4359.54,4174.33196,4637.35206,1.5,100,A,85,True,OVERLAP,FAIL,50.0,FAIL,40.0,FAIL,ORDER_FLOW_BUY_VWAP_RECLAIM_REJECTION,TOP_DOWN_DATA_MISSING,ROUTER_BLOCKED,ACCEPT,PASS,BLOCK,NOT_SENT,SETUP_HUNTER
2026-06-15T15:43:27.315884+00:00,2026-06-15 16:43:27,2026-06-15 16:00 CASA,EURUSD,EURUSD,ORDER_FLOW_EXECUTION_AGENT,BUY,1.1599,1.15667,1.16474,1.5,99,A,80,True,OVERLAP,FAIL,75.0,FAIL,35.0,FAIL,ORDER_FLOW_BUY_LIQUIDITY_SWEEP_REVERSAL,TOP_DOWN_DATA_MISSING,ROUTER_BLOCKED,ACCEPT,PASS,BLOCK,NOT_SENT,SETUP_HUNTER
2026-06-15T15:43:31.082179+00:00,2026-06-15 16:43:31,2026-06-15 16:00 CASA,BTCUSD#,BTCUSD#,ORDER_FLOW_EXECUTION_AGENT,BUY,66837.5,63689.1175,71560.07375,1.5,99,A,85,True,OVERLAP,FAIL,35.0,FAIL,15.0,FAIL,ORDER_FLOW_BUY_VWAP_RECLAIM_REJECTION,TOP_DOWN_DATA_MISSING,ROUTER_BLOCKED,ACCEPT,PASS,BLOCK,NOT_SENT,SETUP_HUNTER
2026-06-15T15:43:31.908187+00:00,2026-06-15 16:43:31,2026-06-15 16:00 CASA,GOLD#,GOLD#,ORDER_FLOW_EXECUTION_AGENT,BUY,4359.34,4174.33216,4636.85176,1.5,100,A,85,True,OVERLAP,FAIL,50.0,FAIL,40.0,FAIL,ORDER_FLOW_BUY_VWAP_RECLAIM_REJECTION,TOP_DOWN_DATA_MISSING,ROUTER_BLOCKED,ACCEPT,PASS,BLOCK,NOT_SENT,SETUP_HUNTER
2026-06-15T15:43:32.389291+00:00,2026-06-15 16:43:32,2026-06-15 16:00 CASA,EURUSD,EURUSD,ORDER_FLOW_EXECUTION_AGENT,BUY,1.1599,1.15667,1.16474,1.5,99,A,80,True,OVERLAP,FAIL,75.0,FAIL,35.0,FAIL,ORDER_FLOW_BUY_LIQUIDITY_SWEEP_REVERSAL,TOP_DOWN_DATA_MISSING,ROUTER_BLOCKED,ACCEPT,PASS,BLOCK,NOT_SENT,SETUP_HUNTER
2026-06-15T15:43:36.065124+00:00,2026-06-15 16:43:36,2026-06-15 16:00 CASA,BTCUSD#,BTCUSD#,ORDER_FLOW_EXECUTION_AGENT,BUY,66837.4,63689.1176,71559.8236,1.5,99,A,85,True,OVERLAP,FAIL,35.0,FAIL,15.0,FAIL,ORDER_FLOW_BUY_VWAP_RECLAIM_REJECTION,TOP_DOWN_DATA_MISSING,ROUTER_BLOCKED,ACCEPT,PASS,BLOCK,NOT_SENT,SETUP_HUNTER
2026-06-15T15:43:36.841399+00:00,2026-06-15 16:43:36,2026-06-15 16:00 CASA,GOLD#,GOLD#,ORDER_FLOW_EXECUTION_AGENT,BUY,4359.4,4174.3321,4637.00185,1.5,100,A,85,True,OVERLAP,FAIL,50.0,FAIL,40.0,FAIL,ORDER_FLOW_BUY_VWAP_RECLAIM_REJECTION,TOP_DOWN_DATA_MISSING,ROUTER_BLOCKED,ACCEPT,PASS,BLOCK,NOT_SENT,SETUP_HUNTER
2026-06-15T15:43:37.348196+00:00,2026-06-15 16:43:37,2026-06-15 16:00 CASA,EURUSD,EURUSD,ORDER_FLOW_EXECUTION_AGENT,BUY,1.15988,1.15667,1.16469,1.5,99,A,80,True,OVERLAP,FAIL,75.0,FAIL,35.0,FAIL,ORDER_FLOW_BUY_LIQUIDITY_SWEEP_REVERSAL,TOP_DOWN_DATA_MISSING,ROUTER_BLOCKED,ACCEPT,PASS,BLOCK,NOT_SENT,SETUP_HUNTER
2026-06-15T15:43:41.058260+00:00,2026-06-15 16:43:41,2026-06-15 16:00 CASA,BTCUSD#,BTCUSD#,ORDER_FLOW_EXECUTION_AGENT,BUY,66844.3,63689.1107,71577.08395,1.5,99,A,85,True,OVERLAP,FAIL,35.0,FAIL,15.0,FAIL,ORDER_FLOW_BUY_VWAP_RECLAIM_REJECTION,TOP_DOWN_DATA_MISSING,ROUTER_BLOCKED,ACCEPT,PASS,BLOCK,NOT_SENT,SETUP_HUNTER
2026-06-15T15:43:41.857401+00:00,2026-06-15 16:43:41,2026-06-15 16:00 CASA,GOLD#,GOLD#,ORDER_FLOW_EXECUTION_AGENT,BUY,4359.35,4174.33215,4636.87678,1.5,100,A,85,True,OVERLAP,FAIL,50.0,FAIL,40.0,FAIL,ORDER_FLOW_BUY_VWAP_RECLAIM_REJECTION,TOP_DOWN_DATA_MISSING,ROUTER_BLOCKED,ACCEPT,PASS,BLOCK,NOT_SENT,SETUP_HUNTER
2026-06-15T15:43:42.434957+00:00,2026-06-15 16:43:42,2026-06-15 16:00 CASA,EURUSD,EURUSD,ORDER_FLOW_EXECUTION_AGENT,BUY,1.15988,1.15667,1.16469,1.5,99,A,80,True,OVERLAP,FAIL,75.0,FAIL,35.0,FAIL,ORDER_FLOW_BUY_LIQUIDITY_SWEEP_REVERSAL,TOP_DOWN_DATA_MISSING,ROUTER_BLOCKED,ACCEPT,PASS,BLOCK,NOT_SENT,SETUP_HUNTER
2026-06-15T15:43:46.041841+00:00,2026-06-15 16:43:46,2026-06-15 16:00 CASA,BTCUSD#,BTCUSD#,ORDER_FLOW_EXECUTION_AGENT,BUY,66865.0,63689.09,71628.865,1.5,100,A,85,True,OVERLAP,FAIL,40.0,FAIL,40.0,FAIL,ORDER_FLOW_BUY_VWAP_RECLAIM_REJECTION,TOP_DOWN_DATA_MISSING,ROUTER_BLOCKED,ACCEPT,PASS,BLOCK,NOT_SENT,SETUP_HUNTER
2026-06-15T15:43:46.848513+00:00,2026-06-15 16:43:46,2026-06-15 16:00 CASA,GOLD#,GOLD#,ORDER_FLOW_EXECUTION_AGENT,BUY,4359.53,4174.33197,4637.32704,1.5,100,A,85,True,OVERLAP,FAIL,50.0,FAIL,40.0,FAIL,ORDER_FLOW_BUY_VWAP_RECLAIM_REJECTION,TOP_DOWN_DATA_MISSING,ROUTER_BLOCKED,ACCEPT,PASS,BLOCK,NOT_SENT,SETUP_HUNTER
2026-06-15T15:43:47.354052+00:00,2026-06-15 16:43:47,2026-06-15 16:00 CASA,EURUSD,EURUSD,ORDER_FLOW_EXECUTION_AGENT,BUY,1.15988,1.15667,1.16469,1.5,99,A,80,True,OVERLAP,FAIL,75.0,FAIL,35.0,FAIL,ORDER_FLOW_BUY_LIQUIDITY_SWEEP_REVERSAL,TOP_DOWN_DATA_MISSING,ROUTER_BLOCKED,ACCEPT,PASS,BLOCK,NOT_SENT,SETUP_HUNTER
2026-06-15T15:43:51.106895+00:00,2026-06-15 16:43:51,2026-06-15 16:00 CASA,BTCUSD#,BTCUSD#,ORDER_FLOW_EXECUTION_AGENT,BUY,66856.7,63689.0983,71608.10255,1.5,99,A,85,True,OVERLAP,FAIL,35.0,FAIL,15.0,FAIL,ORDER_FLOW_BUY_VWAP_RECLAIM_REJECTION,TOP_DOWN_DATA_MISSING,ROUTER_BLOCKED,ACCEPT,PASS,BLOCK,NOT_SENT,SETUP_HUNTER
2026-06-15T15:43:51.948597+00:00,2026-06-15 16:43:51,2026-06-15 16:00 CASA,GOLD#,GOLD#,ORDER_FLOW_EXECUTION_AGENT,BUY,4359.56,4174.33194,4637.40209,1.5,100,A,85,True,OVERLAP,FAIL,50.0,FAIL,40.0,FAIL,ORDER_FLOW_BUY_VWAP_RECLAIM_REJECTION,TOP_DOWN_DATA_MISSING,ROUTER_BLOCKED,ACCEPT,PASS,BLOCK,NOT_SENT,SETUP_HUNTER
2026-06-15T15:43:52.447657+00:00,2026-06-15 16:43:52,2026-06-15 16:00 CASA,EURUSD,EURUSD,ORDER_FLOW_EXECUTION_AGENT,BUY,1.15987,1.15667,1.16467,1.5,99,A,80,True,OVERLAP,FAIL,75.0,FAIL,35.0,FAIL,ORDER_FLOW_BUY_LIQUIDITY_SWEEP_REVERSAL,TOP_DOWN_DATA_MISSING,ROUTER_BLOCKED,ACCEPT,PASS,BLOCK,NOT_SENT,SETUP_HUNTER
2026-06-15T15:43:56.042430+00:00,2026-06-15 16:43:56,2026-06-15 16:00 CASA,BTCUSD#,BTCUSD#,ORDER_FLOW_EXECUTION_AGENT,BUY,66851.7,63689.1033,71595.59505,1.5,99,A,85,True,OVERLAP,FAIL,35.0,FAIL,15.0,FAIL,ORDER_FLOW_BUY_VWAP_RECLAIM_REJECTION,TOP_DOWN_DATA_MISSING,ROUTER_BLOCKED,ACCEPT,PASS,BLOCK,NOT_SENT,SETUP_HUNTER
2026-06-15T15:43:56.842003+00:00,2026-06-15 16:43:56,2026-06-15 16:00 CASA,GOLD#,GOLD#,ORDER_FLOW_EXECUTION_AGENT,BUY,4359.62,4174.33188,4637.55218,1.5,100,A,85,True,OVERLAP,FAIL,50.0,FAIL,40.0,FAIL,ORDER_FLOW_BUY_VWAP_RECLAIM_REJECTION,TOP_DOWN_DATA_MISSING,ROUTER_BLOCKED,ACCEPT,PASS,BLOCK,NOT_SENT,SETUP_HUNTER
2026-06-15T15:43:57.344092+00:00,2026-06-15 16:43:57,2026-06-15 16:00 CASA,EURUSD,EURUSD,ORDER_FLOW_EXECUTION_AGENT,BUY,1.15987,1.15667,1.16467,1.5,99,A,80,True,OVERLAP,FAIL,75.0,FAIL,35.0,FAIL,ORDER_FLOW_BUY_LIQUIDITY_SWEEP_REVERSAL,TOP_DOWN_DATA_MISSING,ROUTER_BLOCKED,ACCEPT,PASS,BLOCK,NOT_SENT,SETUP_HUNTER
2026-06-15T15:44:01.093246+00:00,2026-06-15 16:44:01,2026-06-15 16:00 CASA,BTCUSD#,BTCUSD#,ORDER_FLOW_EXECUTION_AGENT,BUY,66851.6,63689.1034,71595.3449,1.5,99,A,85,True,OVERLAP,FAIL,35.0,FAIL,15.0,FAIL,ORDER_FLOW_BUY_VWAP_RECLAIM_REJECTION,TOP_DOWN_DATA_MISSING,ROUTER_BLOCKED,ACCEPT,PASS,BLOCK,NOT_SENT,SETUP_HUNTER
2026-06-15T15:44:01.907035+00:00,2026-06-15 16:44:01,2026-06-15 16:00 CASA,GOLD#,GOLD#,ORDER_FLOW_EXECUTION_AGENT,BUY,4359.36,4174.33214,4636.90179,1.5,100,A,85,True,OVERLAP,FAIL,45.0,FAIL,40.0,FAIL,ORDER_FLOW_BUY_VWAP_RECLAIM_REJECTION,TOP_DOWN_DATA_MISSING,ROUTER_BLOCKED,ACCEPT,PASS,BLOCK,NOT_SENT,SETUP_HUNTER
2026-06-15T15:44:02.399320+00:00,2026-06-15 16:44:02,2026-06-15 16:00 CASA,EURUSD,EURUSD,ORDER_FLOW_EXECUTION_AGENT,BUY,1.15988,1.15667,1.16469,1.5,99,A,80,True,OVERLAP,FAIL,75.0,FAIL,35.0,FAIL,ORDER_FLOW_BUY_LIQUIDITY_SWEEP_REVERSAL,TOP_DOWN_DATA_MISSING,ROUTER_BLOCKED,ACCEPT,PASS,BLOCK,NOT_SENT,SETUP_HUNTER
2026-06-15T15:44:06.079225+00:00,2026-06-15 16:44:06,2026-06-15 16:00 CASA,BTCUSD#,BTCUSD#,ORDER_FLOW_EXECUTION_AGENT,BUY,66851.6,63689.1034,71595.3449,1.5,99,A,85,True,OVERLAP,FAIL,35.0,FAIL,15.0,FAIL,ORDER_FLOW_BUY_VWAP_RECLAIM_REJECTION,TOP_DOWN_DATA_MISSING,ROUTER_BLOCKED,ACCEPT,PASS,BLOCK,NOT_SENT,SETUP_HUNTER
2026-06-15T15:44:06.872638+00:00,2026-06-15 16:44:06,2026-06-15 16:00 CASA,GOLD#,GOLD#,ORDER_FLOW_EXECUTION_AGENT,BUY,4359.61,4174.33189,4637.52716,1.5,100,A,85,True,OVERLAP,FAIL,45.0,FAIL,40.0,FAIL,ORDER_FLOW_BUY_VWAP_RECLAIM_REJECTION,TOP_DOWN_DATA_MISSING,ROUTER_BLOCKED,ACCEPT,PASS,BLOCK,NOT_SENT,SETUP_HUNTER
2026-06-15T15:44:07.444881+00:00,2026-06-15 16:44:07,2026-06-15 16:00 CASA,EURUSD,EURUSD,ORDER_FLOW_EXECUTION_AGENT,BUY,1.15987,1.15667,1.16467,1.5,99,A,80,True,OVERLAP,FAIL,75.0,FAIL,35.0,FAIL,ORDER_FLOW_BUY_LIQUIDITY_SWEEP_REVERSAL,TOP_DOWN_DATA_MISSING,ROUTER_BLOCKED,ACCEPT,PASS,BLOCK,NOT_SENT,SETUP_HUNTER
2026-06-15T15:44:11.213287+00:00,2026-06-15 16:44:11,2026-06-15 16:00 CASA,BTCUSD#,BTCUSD#,ORDER_FLOW_EXECUTION_AGENT,BUY,66860.0,63689.095,71616.3575,1.5,100,A,85,True,OVERLAP,FAIL,40.0,FAIL,40.0,FAIL,ORDER_FLOW_BUY_VWAP_RECLAIM_REJECTION,TOP_DOWN_DATA_MISSING,ROUTER_BLOCKED,ACCEPT,PASS,BLOCK,NOT_SENT,SETUP_HUNTER
2026-06-15T15:44:12.019218+00:00,2026-06-15 16:44:12,2026-06-15 16:00 CASA,GOLD#,GOLD#,ORDER_FLOW_EXECUTION_AGENT,BUY,4359.02,4174.33248,4636.05128,1.5,100,A,85,True,OVERLAP,FAIL,45.0,FAIL,40.0,FAIL,ORDER_FLOW_BUY_VWAP_RECLAIM_REJECTION,TOP_DOWN_DATA_MISSING,ROUTER_BLOCKED,ACCEPT,PASS,BLOCK,NOT_SENT,SETUP_HUNTER
2026-06-15T15:44:13.016384+00:00,2026-06-15 16:44:13,2026-06-15 16:00 CASA,EURUSD,EURUSD,ORDER_FLOW_EXECUTION_AGENT,SELL,1.15982,1.16322,1.15472,1.5,100,A,95,True,OVERLAP,FAIL,80.0,FAIL,35.0,FAIL,ORDER_FLOW_SELL_LIQUIDITY_SWEEP_REVERSAL,TOP_DOWN_DATA_MISSING,ROUTER_BLOCKED,ACCEPT,PASS,BLOCK,NOT_SENT,SETUP_HUNTER
2026-06-15T15:44:16.193632+00:00,2026-06-15 16:44:16,2026-06-15 16:00 CASA,BTCUSD#,BTCUSD#,ORDER_FLOW_EXECUTION_AGENT,BUY,66889.5,63689.0655,71690.15175,1.5,100,A,85,True,OVERLAP,FAIL,40.0,FAIL,40.0,FAIL,ORDER_FLOW_BUY_VWAP_RECLAIM_REJECTION,TOP_DOWN_DATA_MISSING,ROUTER_BLOCKED,ACCEPT,PASS,BLOCK,NOT_SENT,SETUP_HUNTER
2026-06-15T15:44:17.054223+00:00,2026-06-15 16:44:17,2026-06-15 16:00 CASA,GOLD#,GOLD#,ORDER_FLOW_EXECUTION_AGENT,BUY,4359.29,4174.33221,4636.72669,1.5,100,A,85,True,OVERLAP,FAIL,45.0,FAIL,40.0,FAIL,ORDER_FLOW_BUY_VWAP_RECLAIM_REJECTION,TOP_DOWN_DATA_MISSING,ROUTER_BLOCKED,ACCEPT,PASS,BLOCK,NOT_SENT,SETUP_HUNTER
2026-06-15T15:44:17.513747+00:00,2026-06-15 16:44:17,2026-06-15 16:00 CASA,EURUSD,EURUSD,ORDER_FLOW_EXECUTION_AGENT,SELL,1.15982,1.16322,1.15472,1.5,100,A,95,True,OVERLAP,FAIL,80.0,FAIL,35.0,FAIL,ORDER_FLOW_SELL_LIQUIDITY_SWEEP_REVERSAL,TOP_DOWN_DATA_MISSING,ROUTER_BLOCKED,ACCEPT,PASS,BLOCK,NOT_SENT,SETUP_HUNTER
2026-06-15T15:44:21.055521+00:00,2026-06-15 16:44:21,2026-06-15 16:00 CASA,BTCUSD#,BTCUSD#,ORDER_FLOW_EXECUTION_AGENT,BUY,66884.9,63689.0701,71678.64485,1.5,100,A,85,True,OVERLAP,FAIL,40.0,FAIL,40.0,FAIL,ORDER_FLOW_BUY_VWAP_RECLAIM_REJECTION,TOP_DOWN_DATA_MISSING,ROUTER_BLOCKED,ACCEPT,PASS,BLOCK,NOT_SENT,SETUP_HUNTER
2026-06-15T15:44:21.837546+00:00,2026-06-15 16:44:21,2026-06-15 16:00 CASA,GOLD#,GOLD#,ORDER_FLOW_EXECUTION_AGENT,BUY,4358.87,4174.33263,4635.67605,1.5,100,A,85,True,OVERLAP,FAIL,45.0,FAIL,40.0,FAIL,ORDER_FLOW_BUY_VWAP_RECLAIM_REJECTION,TOP_DOWN_DATA_MISSING,ROUTER_BLOCKED,ACCEPT,PASS,BLOCK,NOT_SENT,SETUP_HUNTER
2026-06-15T15:44:22.322779+00:00,2026-06-15 16:44:22,2026-06-15 16:00 CASA,EURUSD,EURUSD,ORDER_FLOW_EXECUTION_AGENT,SELL,1.15981,1.16322,1.1547,1.5,100,A,95,True,OVERLAP,FAIL,80.0,FAIL,35.0,FAIL,ORDER_FLOW_SELL_LIQUIDITY_SWEEP_REVERSAL,TOP_DOWN_DATA_MISSING,ROUTER_BLOCKED,ACCEPT,PASS,BLOCK,NOT_SENT,SETUP_HUNTER
2026-06-15T15:44:26.109703+00:00,2026-06-15 16:44:26,2026-06-15 16:00 CASA,BTCUSD#,BTCUSD#,ORDER_FLOW_EXECUTION_AGENT,BUY,66898.7,63689.0563,71713.16555,1.5,100,A,85,True,OVERLAP,FAIL,40.0,FAIL,40.0,FAIL,ORDER_FLOW_BUY_VWAP_RECLAIM_REJECTION,TOP_DOWN_DATA_MISSING,ROUTER_BLOCKED,ACCEPT,PASS,BLOCK,NOT_SENT,SETUP_HUNTER
2026-06-15T15:44:26.899252+00:00,2026-06-15 16:44:26,2026-06-15 16:00 CASA,GOLD#,GOLD#,ORDER_FLOW_EXECUTION_AGENT,BUY,4358.43,4174.33307,4634.5754,1.5,100,A,85,True,OVERLAP,FAIL,45.0,FAIL,40.0,FAIL,ORDER_FLOW_BUY_VWAP_RECLAIM_REJECTION,TOP_DOWN_DATA_MISSING,ROUTER_BLOCKED,ACCEPT,PASS,BLOCK,NOT_SENT,SETUP_HUNTER
2026-06-15T15:44:27.414831+00:00,2026-06-15 16:44:27,2026-06-15 16:00 CASA,EURUSD,EURUSD,ORDER_FLOW_EXECUTION_AGENT,SELL,1.15979,1.16322,1.15465,1.5,100,A,95,True,OVERLAP,FAIL,80.0,FAIL,35.0,FAIL,ORDER_FLOW_SELL_LIQUIDITY_SWEEP_REVERSAL,TOP_DOWN_DATA_MISSING,ROUTER_BLOCKED,ACCEPT,PASS,BLOCK,NOT_SENT,SETUP_HUNTER
2026-06-15T15:44:31.089723+00:00,2026-06-15 16:44:31,2026-06-15 16:00 CASA,BTCUSD#,BTCUSD#,ORDER_FLOW_EXECUTION_AGENT,BUY,66902.5,63689.0525,71722.67125,1.5,100,A,85,True,OVERLAP,FAIL,40.0,FAIL,40.0,FAIL,ORDER_FLOW_BUY_VWAP_RECLAIM_REJECTION,TOP_DOWN_DATA_MISSING,ROUTER_BLOCKED,ACCEPT,PASS,BLOCK,NOT_SENT,SETUP_HUNTER
2026-06-15T15:44:31.922354+00:00,2026-06-15 16:44:31,2026-06-15 16:00 CASA,GOLD#,GOLD#,ORDER_FLOW_EXECUTION_AGENT,BUY,4358.12,4174.33338,4633.79993,1.5,100,A,85,True,OVERLAP,FAIL,40.0,FAIL,15.0,FAIL,ORDER_FLOW_BUY_VWAP_RECLAIM_REJECTION,TOP_DOWN_DATA_MISSING,ROUTER_BLOCKED,ACCEPT,PASS,BLOCK,NOT_SENT,SETUP_HUNTER
2026-06-15T15:44:32.404131+00:00,2026-06-15 16:44:32,2026-06-15 16:00 CASA,EURUSD,EURUSD,ORDER_FLOW_EXECUTION_AGENT,SELL,1.15977,1.16322,1.1546,1.5,100,A,95,True,OVERLAP,PASS,85.0,FAIL,60.0,FAIL,ORDER_FLOW_SELL_LIQUIDITY_SWEEP_REVERSAL,TOP_DOWN_DATA_MISSING,ROUTER_BLOCKED,ACCEPT,PASS,BLOCK,NOT_SENT,SETUP_HUNTER
2026-06-15T15:44:36.120970+00:00,2026-06-15 16:44:36,2026-06-15 16:00 CASA,BTCUSD#,BTCUSD#,ORDER_FLOW_EXECUTION_AGENT,BUY,66898.7,63689.0563,71713.16555,1.5,100,A,85,True,OVERLAP,FAIL,40.0,FAIL,40.0,FAIL,ORDER_FLOW_BUY_VWAP_RECLAIM_REJECTION,TOP_DOWN_DATA_MISSING,ROUTER_BLOCKED,ACCEPT,PASS,BLOCK,NOT_SENT,SETUP_HUNTER
2026-06-15T15:44:36.885204+00:00,2026-06-15 16:44:36,2026-06-15 16:00 CASA,GOLD#,GOLD#,ORDER_FLOW_EXECUTION_AGENT,BUY,4358.31,4174.33319,4634.27522,1.5,100,A,85,True,OVERLAP,FAIL,45.0,FAIL,40.0,FAIL,ORDER_FLOW_BUY_VWAP_RECLAIM_REJECTION,TOP_DOWN_DATA_MISSING,ROUTER_BLOCKED,ACCEPT,PASS,BLOCK,NOT_SENT,SETUP_HUNTER
2026-06-15T15:44:37.407617+00:00,2026-06-15 16:44:37,2026-06-15 16:00 CASA,EURUSD,EURUSD,ORDER_FLOW_EXECUTION_AGENT,SELL,1.15973,1.16322,1.1545,1.5,100,A,95,True,OVERLAP,PASS,85.0,FAIL,60.0,FAIL,ORDER_FLOW_SELL_LIQUIDITY_SWEEP_REVERSAL,TOP_DOWN_DATA_MISSING,ROUTER_BLOCKED,ACCEPT,PASS,BLOCK,NOT_SENT,SETUP_HUNTER
2026-06-15T15:44:41.135824+00:00,2026-06-15 16:44:41,2026-06-15 16:00 CASA,BTCUSD#,BTCUSD#,ORDER_FLOW_EXECUTION_AGENT,BUY,66891.5,63689.0635,71695.15475,1.5,100,A,85,True,OVERLAP,FAIL,40.0,FAIL,40.0,FAIL,ORDER_FLOW_BUY_VWAP_RECLAIM_REJECTION,TOP_DOWN_DATA_MISSING,ROUTER_BLOCKED,ACCEPT,PASS,BLOCK,NOT_SENT,SETUP_HUNTER
2026-06-15T15:44:41.962139+00:00,2026-06-15 16:44:41,2026-06-15 16:00 CASA,GOLD#,GOLD#,ORDER_FLOW_EXECUTION_AGENT,BUY,4358.08,4174.33342,4633.69987,1.5,100,A,85,True,OVERLAP,FAIL,40.0,FAIL,15.0,FAIL,ORDER_FLOW_BUY_VWAP_RECLAIM_REJECTION,TOP_DOWN_DATA_MISSING,ROUTER_BLOCKED,ACCEPT,PASS,BLOCK,NOT_SENT,SETUP_HUNTER
2026-06-15T15:44:43.822944+00:00,2026-06-15 16:44:43,2026-06-15 16:00 CASA,EURUSD,EURUSD,ORDER_FLOW_EXECUTION_AGENT,SELL,1.15972,1.16322,1.15447,1.5,100,A,95,True,OVERLAP,PASS,85.0,FAIL,60.0,FAIL,ORDER_FLOW_SELL_LIQUIDITY_SWEEP_REVERSAL,TOP_DOWN_DATA_MISSING,ROUTER_BLOCKED,ACCEPT,PASS,BLOCK,NOT_SENT,SETUP_HUNTER
2026-06-15T15:44:46.163392+00:00,2026-06-15 16:44:46,2026-06-15 16:00 CASA,BTCUSD#,BTCUSD#,ORDER_FLOW_EXECUTION_AGENT,BUY,66893.4,63689.0616,71699.9076,1.5,100,A,85,True,OVERLAP,FAIL,40.0,FAIL,40.0,FAIL,ORDER_FLOW_BUY_VWAP_RECLAIM_REJECTION,TOP_DOWN_DATA_MISSING,ROUTER_BLOCKED,ACCEPT,PASS,BLOCK,NOT_SENT,SETUP_HUNTER
2026-06-15T15:44:46.951667+00:00,2026-06-15 16:44:46,2026-06-15 16:00 CASA,GOLD#,GOLD#,ORDER_FLOW_EXECUTION_AGENT,BUY,4357.64,4174.33386,4632.59921,1.5,100,A,85,True,OVERLAP,FAIL,40.0,FAIL,15.0,FAIL,ORDER_FLOW_BUY_VWAP_RECLAIM_REJECTION,TOP_DOWN_DATA_MISSING,ROUTER_BLOCKED,ACCEPT,PASS,BLOCK,NOT_SENT,SETUP_HUNTER
2026-06-15T15:44:47.457468+00:00,2026-06-15 16:44:47,2026-06-15 16:00 CASA,EURUSD,EURUSD,ORDER_FLOW_EXECUTION_AGENT,SELL,1.15972,1.16322,1.15447,1.5,100,A,95,True,OVERLAP,PASS,85.0,FAIL,60.0,FAIL,ORDER_FLOW_SELL_LIQUIDITY_SWEEP_REVERSAL,TOP_DOWN_DATA_MISSING,ROUTER_BLOCKED,ACCEPT,PASS,BLOCK,NOT_SENT,SETUP_HUNTER
2026-06-15T15:44:51.136471+00:00,2026-06-15 16:44:51,2026-06-15 16:00 CASA,BTCUSD#,BTCUSD#,ORDER_FLOW_EXECUTION_AGENT,BUY,66893.4,63689.0616,71699.9076,1.5,100,A,85,True,OVERLAP,FAIL,40.0,FAIL,40.0,FAIL,ORDER_FLOW_BUY_VWAP_RECLAIM_REJECTION,TOP_DOWN_DATA_MISSING,ROUTER_BLOCKED,ACCEPT,PASS,BLOCK,NOT_SENT,SETUP_HUNTER
2026-06-15T15:44:51.964692+00:00,2026-06-15 16:44:51,2026-06-15 16:00 CASA,GOLD#,GOLD#,ORDER_FLOW_EXECUTION_AGENT,BUY,4357.67,4174.33383,4632.67426,1.5,100,A,85,True,OVERLAP,FAIL,40.0,FAIL,15.0,FAIL,ORDER_FLOW_BUY_VWAP_RECLAIM_REJECTION,TOP_DOWN_DATA_MISSING,ROUTER_BLOCKED,ACCEPT,PASS,BLOCK,NOT_SENT,SETUP_HUNTER
2026-06-15T15:44:52.450547+00:00,2026-06-15 16:44:52,2026-06-15 16:00 CASA,EURUSD,EURUSD,ORDER_FLOW_EXECUTION_AGENT,SELL,1.15972,1.16322,1.15447,1.5,100,A,95,True,OVERLAP,PASS,85.0,FAIL,60.0,FAIL,ORDER_FLOW_SELL_LIQUIDITY_SWEEP_REVERSAL,TOP_DOWN_DATA_MISSING,ROUTER_BLOCKED,ACCEPT,PASS,BLOCK,NOT_SENT,SETUP_HUNTER
2026-06-15T15:44:56.152661+00:00,2026-06-15 16:44:56,2026-06-15 16:00 CASA,BTCUSD#,BTCUSD#,ORDER_FLOW_EXECUTION_AGENT,BUY,66891.5,63689.0635,71695.15475,1.5,100,A,85,True,OVERLAP,FAIL,40.0,FAIL,40.0,FAIL,ORDER_FLOW_BUY_VWAP_RECLAIM_REJECTION,TOP_DOWN_DATA_MISSING,ROUTER_BLOCKED,ACCEPT,PASS,BLOCK,NOT_SENT,SETUP_HUNTER
2026-06-15T15:44:56.970286+00:00,2026-06-15 16:44:56,2026-06-15 16:00 CASA,GOLD#,GOLD#,ORDER_FLOW_EXECUTION_AGENT,BUY,4357.68,4174.33382,4632.69927,1.5,100,A,85,True,OVERLAP,FAIL,40.0,FAIL,15.0,FAIL,ORDER_FLOW_BUY_VWAP_RECLAIM_REJECTION,TOP_DOWN_DATA_MISSING,ROUTER_BLOCKED,ACCEPT,PASS,BLOCK,NOT_SENT,SETUP_HUNTER
2026-06-15T15:44:57.508565+00:00,2026-06-15 16:44:57,2026-06-15 16:00 CASA,EURUSD,EURUSD,ORDER_FLOW_EXECUTION_AGENT,SELL,1.15968,1.16322,1.15437,1.5,100,A,95,True,OVERLAP,PASS,85.0,FAIL,60.0,FAIL,ORDER_FLOW_SELL_LIQUIDITY_SWEEP_REVERSAL,TOP_DOWN_DATA_MISSING,ROUTER_BLOCKED,ACCEPT,PASS,BLOCK,NOT_SENT,SETUP_HUNTER
2026-06-15T15:45:01.165422+00:00,2026-06-15 16:45:01,2026-06-15 16:00 CASA,BTCUSD#,BTCUSD#,ORDER_FLOW_EXECUTION_AGENT,BUY,66903.6,63689.0514,71725.4229,1.5,100,A,85,True,OVERLAP,FAIL,40.0,FAIL,40.0,FAIL,ORDER_FLOW_BUY_VWAP_RECLAIM_REJECTION,TOP_DOWN_DATA_MISSING,ROUTER_BLOCKED,ACCEPT,PASS,BLOCK,NOT_SENT,SETUP_HUNTER
2026-06-15T15:45:02.209369+00:00,2026-06-15 16:45:02,2026-06-15 16:00 CASA,GOLD#,GOLD#,NONE,BUY,,,,,0,D,0,False,OVERLAP,,,,,,,NO_STRATEGY_SIGNAL,NO_VALID_SETUP,REJECT,PASS,N/A,NOT_SENT,SETUP_HUNTER
2026-06-15T15:45:02.681605+00:00,2026-06-15 16:45:02,2026-06-15 16:00 CASA,EURUSD,EURUSD,ORDER_FLOW_EXECUTION_AGENT,SELL,1.15968,1.16322,1.15437,1.5,100,A,95,True,OVERLAP,FAIL,55.0,FAIL,35.0,FAIL,ORDER_FLOW_SELL_LIQUIDITY_SWEEP_REVERSAL,TOP_DOWN_DATA_MISSING,ROUTER_BLOCKED,ACCEPT,PASS,BLOCK,NOT_SENT,SETUP_HUNTER
2026-06-15T15:45:06.184917+00:00,2026-06-15 16:45:06,2026-06-15 16:00 CASA,BTCUSD#,BTCUSD#,ORDER_FLOW_EXECUTION_AGENT,BUY,66911.9,63689.0431,71746.18535,1.5,100,A,85,True,OVERLAP,FAIL,45.0,FAIL,40.0,FAIL,ORDER_FLOW_BUY_VWAP_RECLAIM_REJECTION,TOP_DOWN_DATA_MISSING,ROUTER_BLOCKED,ACCEPT,PASS,BLOCK,NOT_SENT,SETUP_HUNTER
2026-06-15T15:45:06.948291+00:00,2026-06-15 16:45:06,2026-06-15 16:00 CASA,GOLD#,GOLD#,NONE,BUY,,,,,0,D,0,False,OVERLAP,,,,,,,NO_STRATEGY_SIGNAL,NO_VALID_SETUP,REJECT,PASS,N/A,NOT_SENT,SETUP_HUNTER
2026-06-15T15:45:07.448098+00:00,2026-06-15 16:45:07,2026-06-15 16:00 CASA,EURUSD,EURUSD,ORDER_FLOW_EXECUTION_AGENT,SELL,1.15967,1.16322,1.15435,1.5,100,A,95,True,OVERLAP,FAIL,55.0,FAIL,35.0,FAIL,ORDER_FLOW_SELL_LIQUIDITY_SWEEP_REVERSAL,TOP_DOWN_DATA_MISSING,ROUTER_BLOCKED,ACCEPT,PASS,BLOCK,NOT_SENT,SETUP_HUNTER
2026-06-15T15:45:11.494967+00:00,2026-06-15 16:45:11,2026-06-15 16:00 CASA,BTCUSD#,BTCUSD#,ORDER_FLOW_EXECUTION_AGENT,BUY,66915.0,63689.04,71753.94,1.5,100,A,85,True,OVERLAP,FAIL,45.0,FAIL,40.0,FAIL,ORDER_FLOW_BUY_VWAP_RECLAIM_REJECTION,TOP_DOWN_DATA_MISSING,ROUTER_BLOCKED,ACCEPT,PASS,BLOCK,NOT_SENT,SETUP_HUNTER
2026-06-15T15:45:12.261899+00:00,2026-06-15 16:45:12,2026-06-15 16:00 CASA,GOLD#,GOLD#,NONE,BUY,,,,,0,D,0,False,OVERLAP,,,,,,,NO_STRATEGY_SIGNAL,NO_VALID_SETUP,REJECT,PASS,N/A,NOT_SENT,SETUP_HUNTER
2026-06-15T15:45:12.741104+00:00,2026-06-15 16:45:12,2026-06-15 16:00 CASA,EURUSD,EURUSD,ORDER_FLOW_EXECUTION_AGENT,SELL,1.15961,1.16322,1.1542,1.5,100,A,95,True,OVERLAP,PASS,85.0,FAIL,60.0,FAIL,ORDER_FLOW_SELL_LIQUIDITY_SWEEP_REVERSAL,TOP_DOWN_DATA_MISSING,ROUTER_BLOCKED,ACCEPT,PASS,BLOCK,NOT_SENT,SETUP_HUNTER
2026-06-15T15:45:16.208223+00:00,2026-06-15 16:45:16,2026-06-15 16:00 CASA,BTCUSD#,BTCUSD#,ORDER_FLOW_EXECUTION_AGENT,BUY,66915.0,63689.04,71753.94,1.5,100,A,85,True,OVERLAP,FAIL,45.0,FAIL,40.0,FAIL,ORDER_FLOW_BUY_VWAP_RECLAIM_REJECTION,TOP_DOWN_DATA_MISSING,ROUTER_BLOCKED,ACCEPT,PASS,BLOCK,NOT_SENT,SETUP_HUNTER
2026-06-15T15:45:17.025624+00:00,2026-06-15 16:45:17,2026-06-15 16:00 CASA,GOLD#,GOLD#,NONE,BUY,,,,,0,D,0,False,OVERLAP,,,,,,,NO_STRATEGY_SIGNAL,NO_VALID_SETUP,REJECT,PASS,N/A,NOT_SENT,SETUP_HUNTER
2026-06-15T15:45:17.511813+00:00,2026-06-15 16:45:17,2026-06-15 16:00 CASA,EURUSD,EURUSD,ORDER_FLOW_EXECUTION_AGENT,SELL,1.15961,1.16322,1.1542,1.5,100,A,95,True,OVERLAP,PASS,85.0,FAIL,60.0,FAIL,ORDER_FLOW_SELL_LIQUIDITY_SWEEP_REVERSAL,TOP_DOWN_DATA_MISSING,ROUTER_BLOCKED,ACCEPT,PASS,BLOCK,NOT_SENT,SETUP_HUNTER
2026-06-15T15:45:21.164954+00:00,2026-06-15 16:45:21,2026-06-15 16:00 CASA,BTCUSD#,BTCUSD#,ORDER_FLOW_EXECUTION_AGENT,BUY,66921.5,63689.0335,71770.19975,1.5,100,A,85,True,OVERLAP,FAIL,45.0,FAIL,40.0,FAIL,ORDER_FLOW_BUY_VWAP_RECLAIM_REJECTION,TOP_DOWN_DATA_MISSING,ROUTER_BLOCKED,ACCEPT,PASS,BLOCK,NOT_SENT,SETUP_HUNTER
2026-06-15T15:45:21.951613+00:00,2026-06-15 16:45:21,2026-06-15 16:00 CASA,GOLD#,GOLD#,NONE,BUY,,,,,0,D,0,False,OVERLAP,,,,,,,NO_STRATEGY_SIGNAL,NO_VALID_SETUP,REJECT,PASS,N/A,NOT_SENT,SETUP_HUNTER
2026-06-15T15:45:22.523398+00:00,2026-06-15 16:45:22,2026-06-15 16:00 CASA,EURUSD,EURUSD,ORDER_FLOW_EXECUTION_AGENT,SELL,1.15961,1.16322,1.1542,1.5,100,A,95,True,OVERLAP,PASS,85.0,FAIL,60.0,FAIL,ORDER_FLOW_SELL_LIQUIDITY_SWEEP_REVERSAL,TOP_DOWN_DATA_MISSING,ROUTER_BLOCKED,ACCEPT,PASS,BLOCK,NOT_SENT,SETUP_HUNTER
2026-06-15T15:45:26.197073+00:00,2026-06-15 16:45:26,2026-06-15 16:00 CASA,BTCUSD#,BTCUSD#,ORDER_FLOW_EXECUTION_AGENT,BUY,66918.0,63689.037,71761.4445,1.5,100,A,85,True,OVERLAP,FAIL,45.0,FAIL,40.0,FAIL,ORDER_FLOW_BUY_VWAP_RECLAIM_REJECTION,TOP_DOWN_DATA_MISSING,ROUTER_BLOCKED,ACCEPT,PASS,BLOCK,NOT_SENT,SETUP_HUNTER
2026-06-15T15:45:27.042570+00:00,2026-06-15 16:45:27,2026-06-15 16:00 CASA,GOLD#,GOLD#,NONE,BUY,,,,,0,D,0,False,OVERLAP,,,,,,,NO_STRATEGY_SIGNAL,NO_VALID_SETUP,REJECT,PASS,N/A,NOT_SENT,SETUP_HUNTER
2026-06-15T15:45:27.509761+00:00,2026-06-15 16:45:27,2026-06-15 16:00 CASA,EURUSD,EURUSD,ORDER_FLOW_EXECUTION_AGENT,SELL,1.15961,1.16322,1.1542,1.5,100,A,95,True,OVERLAP,PASS,85.0,FAIL,60.0,FAIL,ORDER_FLOW_SELL_LIQUIDITY_SWEEP_REVERSAL,TOP_DOWN_DATA_MISSING,ROUTER_BLOCKED,ACCEPT,PASS,BLOCK,NOT_SENT,SETUP_HUNTER
2026-06-15T15:45:31.275858+00:00,2026-06-15 16:45:31,2026-06-15 16:00 CASA,BTCUSD#,BTCUSD#,ORDER_FLOW_EXECUTION_AGENT,BUY,66914.8,63689.0402,71753.4397,1.5,100,A,85,True,OVERLAP,FAIL,45.0,FAIL,40.0,FAIL,ORDER_FLOW_BUY_VWAP_RECLAIM_REJECTION,TOP_DOWN_DATA_MISSING,ROUTER_BLOCKED,ACCEPT,PASS,BLOCK,NOT_SENT,SETUP_HUNTER
2026-06-15T15:45:32.529767+00:00,2026-06-15 16:45:32,2026-06-15 16:00 CASA,GOLD#,GOLD#,NONE,BUY,,,,,0,D,0,False,OVERLAP,,,,,,,NO_STRATEGY_SIGNAL,NO_VALID_SETUP,REJECT,PASS,N/A,NOT_SENT,SETUP_HUNTER
2026-06-15T15:45:33.548822+00:00,2026-06-15 16:45:33,2026-06-15 16:00 CASA,EURUSD,EURUSD,ORDER_FLOW_EXECUTION_AGENT,SELL,1.15961,1.16322,1.1542,1.5,100,A,95,True,OVERLAP,PASS,85.0,FAIL,60.0,FAIL,ORDER_FLOW_SELL_LIQUIDITY_SWEEP_REVERSAL,TOP_DOWN_DATA_MISSING,ROUTER_BLOCKED,ACCEPT,PASS,BLOCK,NOT_SENT,SETUP_HUNTER
2026-06-15T15:45:36.160252+00:00,2026-06-15 16:45:36,2026-06-15 16:00 CASA,BTCUSD#,BTCUSD#,ORDER_FLOW_EXECUTION_AGENT,BUY,66914.8,63689.0402,71753.4397,1.5,100,A,85,True,OVERLAP,FAIL,45.0,FAIL,40.0,FAIL,ORDER_FLOW_BUY_VWAP_RECLAIM_REJECTION,TOP_DOWN_DATA_MISSING,ROUTER_BLOCKED,ACCEPT,PASS,BLOCK,NOT_SENT,SETUP_HUNTER
2026-06-15T15:45:36.956650+00:00,2026-06-15 16:45:36,2026-06-15 16:00 CASA,GOLD#,GOLD#,ORDER_FLOW_EXECUTION_AGENT,BUY,4359.95,4174.33155,4638.37767,1.5,100,A,85,True,OVERLAP,FAIL,50.0,FAIL,40.0,FAIL,ORDER_FLOW_BUY_VWAP_RECLAIM_REJECTION,TOP_DOWN_DATA_MISSING,ROUTER_BLOCKED,ACCEPT,PASS,BLOCK,NOT_SENT,SETUP_HUNTER
2026-06-15T15:45:37.472359+00:00,2026-06-15 16:45:37,2026-06-15 16:00 CASA,EURUSD,EURUSD,ORDER_FLOW_EXECUTION_AGENT,SELL,1.15961,1.16322,1.1542,1.5,100,A,95,True,OVERLAP,PASS,85.0,FAIL,60.0,FAIL,ORDER_FLOW_SELL_LIQUIDITY_SWEEP_REVERSAL,TOP_DOWN_DATA_MISSING,ROUTER_BLOCKED,ACCEPT,PASS,BLOCK,NOT_SENT,SETUP_HUNTER
2026-06-15T15:45:41.132265+00:00,2026-06-15 16:45:41,2026-06-15 16:00 CASA,BTCUSD#,BTCUSD#,ORDER_FLOW_EXECUTION_AGENT,BUY,66914.8,63689.0402,71753.4397,1.5,100,A,85,True,OVERLAP,FAIL,45.0,FAIL,40.0,FAIL,ORDER_FLOW_BUY_VWAP_RECLAIM_REJECTION,TOP_DOWN_DATA_MISSING,ROUTER_BLOCKED,ACCEPT,PASS,BLOCK,NOT_SENT,SETUP_HUNTER
2026-06-15T15:45:41.893035+00:00,2026-06-15 16:45:41,2026-06-15 16:00 CASA,GOLD#,GOLD#,ORDER_FLOW_EXECUTION_AGENT,BUY,4359.78,4174.33172,4637.95242,1.5,100,A,85,True,OVERLAP,FAIL,50.0,FAIL,40.0,FAIL,ORDER_FLOW_BUY_VWAP_RECLAIM_REJECTION,TOP_DOWN_DATA_MISSING,ROUTER_BLOCKED,ACCEPT,PASS,BLOCK,NOT_SENT,SETUP_HUNTER
2026-06-15T15:45:42.382066+00:00,2026-06-15 16:45:42,2026-06-15 16:00 CASA,EURUSD,EURUSD,ORDER_FLOW_EXECUTION_AGENT,SELL,1.15961,1.16322,1.1542,1.5,100,A,95,True,OVERLAP,PASS,85.0,FAIL,60.0,FAIL,ORDER_FLOW_SELL_LIQUIDITY_SWEEP_REVERSAL,TOP_DOWN_DATA_MISSING,ROUTER_BLOCKED,ACCEPT,PASS,BLOCK,NOT_SENT,SETUP_HUNTER
2026-06-15T15:45:46.174343+00:00,2026-06-15 16:45:46,2026-06-15 16:00 CASA,BTCUSD#,BTCUSD#,ORDER_FLOW_EXECUTION_AGENT,BUY,66923.0,63689.032,71773.952,1.5,100,A,85,True,OVERLAP,FAIL,45.0,FAIL,40.0,FAIL,ORDER_FLOW_BUY_VWAP_RECLAIM_REJECTION,TOP_DOWN_DATA_MISSING,ROUTER_BLOCKED,ACCEPT,PASS,BLOCK,NOT_SENT,SETUP_HUNTER
2026-06-15T15:45:46.956437+00:00,2026-06-15 16:45:46,2026-06-15 16:00 CASA,GOLD#,GOLD#,ORDER_FLOW_EXECUTION_AGENT,BUY,4359.41,4174.33209,4637.02686,1.5,100,A,85,True,OVERLAP,FAIL,40.0,FAIL,15.0,FAIL,ORDER_FLOW_BUY_VWAP_RECLAIM_REJECTION,TOP_DOWN_DATA_MISSING,ROUTER_BLOCKED,ACCEPT,PASS,BLOCK,NOT_SENT,SETUP_HUNTER
2026-06-15T15:45:47.486294+00:00,2026-06-15 16:45:47,2026-06-15 16:00 CASA,EURUSD,EURUSD,ORDER_FLOW_EXECUTION_AGENT,SELL,1.15962,1.16322,1.15422,1.5,100,A,95,True,OVERLAP,PASS,85.0,FAIL,60.0,FAIL,ORDER_FLOW_SELL_LIQUIDITY_SWEEP_REVERSAL,TOP_DOWN_DATA_MISSING,ROUTER_BLOCKED,ACCEPT,PASS,BLOCK,NOT_SENT,SETUP_HUNTER
2026-06-15T15:45:51.785811+00:00,2026-06-15 16:45:51,2026-06-15 16:00 CASA,BTCUSD#,BTCUSD#,ORDER_FLOW_EXECUTION_AGENT,BUY,66938.5,63689.0165,71812.72525,1.5,100,A,85,True,OVERLAP,FAIL,45.0,FAIL,40.0,FAIL,ORDER_FLOW_BUY_VWAP_RECLAIM_REJECTION,TOP_DOWN_DATA_MISSING,ROUTER_BLOCKED,ACCEPT,PASS,BLOCK,NOT_SENT,SETUP_HUNTER
2026-06-15T15:45:52.799458+00:00,2026-06-15 16:45:52,2026-06-15 16:00 CASA,GOLD#,GOLD#,ORDER_FLOW_EXECUTION_AGENT,BUY,4359.2,4174.3323,4636.50155,1.5,100,A,85,True,OVERLAP,FAIL,40.0,FAIL,15.0,FAIL,ORDER_FLOW_BUY_VWAP_RECLAIM_REJECTION,TOP_DOWN_DATA_MISSING,ROUTER_BLOCKED,ACCEPT,PASS,BLOCK,NOT_SENT,SETUP_HUNTER
2026-06-15T15:45:53.275068+00:00,2026-06-15 16:45:53,2026-06-15 16:00 CASA,EURUSD,EURUSD,ORDER_FLOW_EXECUTION_AGENT,SELL,1.15961,1.16322,1.1542,1.5,100,A,95,True,OVERLAP,PASS,85.0,FAIL,60.0,FAIL,ORDER_FLOW_SELL_LIQUIDITY_SWEEP_REVERSAL,TOP_DOWN_DATA_MISSING,ROUTER_BLOCKED,ACCEPT,PASS,BLOCK,NOT_SENT,SETUP_HUNTER
2026-06-15T15:45:56.144025+00:00,2026-06-15 16:45:56,2026-06-15 16:00 CASA,BTCUSD#,BTCUSD#,ORDER_FLOW_EXECUTION_AGENT,BUY,66960.0,63689.4825,71865.77625,1.5,100,A,85,True,OVERLAP,PASS,65.0,FAIL,60.0,FAIL,ORDER_FLOW_BUY_VWAP_RECLAIM_REJECTION,TOP_DOWN_DATA_MISSING,ROUTER_BLOCKED,ACCEPT,PASS,BLOCK,NOT_SENT,SETUP_HUNTER
2026-06-15T15:45:56.959219+00:00,2026-06-15 16:45:56,2026-06-15 16:00 CASA,GOLD#,GOLD#,ORDER_FLOW_EXECUTION_AGENT,BUY,4359.63,4174.33187,4637.57719,1.5,100,A,85,True,OVERLAP,FAIL,40.0,FAIL,15.0,FAIL,ORDER_FLOW_BUY_VWAP_RECLAIM_REJECTION,TOP_DOWN_DATA_MISSING,ROUTER_BLOCKED,ACCEPT,PASS,BLOCK,NOT_SENT,SETUP_HUNTER
2026-06-15T15:45:57.460723+00:00,2026-06-15 16:45:57,2026-06-15 16:00 CASA,EURUSD,EURUSD,ORDER_FLOW_EXECUTION_AGENT,SELL,1.15962,1.16322,1.15422,1.5,100,A,95,True,OVERLAP,PASS,85.0,FAIL,60.0,FAIL,ORDER_FLOW_SELL_LIQUIDITY_SWEEP_REVERSAL,TOP_DOWN_DATA_MISSING,ROUTER_BLOCKED,ACCEPT,PASS,BLOCK,NOT_SENT,SETUP_HUNTER
2026-06-15T15:46:01.170174+00:00,2026-06-15 16:46:01,2026-06-15 16:00 CASA,BTCUSD#,BTCUSD#,ORDER_FLOW_EXECUTION_AGENT,BUY,66955.2,64515.9448,70614.0828,1.5,100,A,85,True,OVERLAP,FAIL,65.0,FAIL,60.0,FAIL,ORDER_FLOW_BUY_VWAP_RECLAIM_REJECTION,TOP_DOWN_DATA_MISSING,ROUTER_BLOCKED,ACCEPT,PASS,BLOCK,NOT_SENT,SETUP_HUNTER
2026-06-15T15:46:02.008281+00:00,2026-06-15 16:46:02,2026-06-15 16:00 CASA,GOLD#,GOLD#,ORDER_FLOW_EXECUTION_AGENT,BUY,4359.35,4174.33215,4636.87678,1.5,100,A,85,True,OVERLAP,FAIL,40.0,FAIL,15.0,FAIL,ORDER_FLOW_BUY_VWAP_RECLAIM_REJECTION,TOP_DOWN_DATA_MISSING,ROUTER_BLOCKED,ACCEPT,PASS,BLOCK,NOT_SENT,SETUP_HUNTER
2026-06-15T15:46:02.540303+00:00,2026-06-15 16:46:02,2026-06-15 16:00 CASA,EURUSD,EURUSD,ORDER_FLOW_EXECUTION_AGENT,SELL,1.15961,1.16322,1.1542,1.5,100,A,95,True,OVERLAP,FAIL,80.0,FAIL,60.0,FAIL,ORDER_FLOW_SELL_LIQUIDITY_SWEEP_REVERSAL,TOP_DOWN_DATA_MISSING,ROUTER_BLOCKED,ACCEPT,PASS,BLOCK,NOT_SENT,SETUP_HUNTER
2026-06-15T15:46:06.128737+00:00,2026-06-15 16:46:06,2026-06-15 16:00 CASA,BTCUSD#,BTCUSD#,ORDER_FLOW_EXECUTION_AGENT,BUY,66958.2,64515.9418,70621.5873,1.5,100,A,85,True,OVERLAP,FAIL,65.0,FAIL,60.0,FAIL,ORDER_FLOW_BUY_VWAP_RECLAIM_REJECTION,TOP_DOWN_DATA_MISSING,ROUTER_BLOCKED,ACCEPT,PASS,BLOCK,NOT_SENT,SETUP_HUNTER
2026-06-15T15:46:06.881273+00:00,2026-06-15 16:46:06,2026-06-15 16:00 CASA,GOLD#,GOLD#,ORDER_FLOW_EXECUTION_AGENT,BUY,4360.29,4174.33121,4639.22818,1.5,100,A,85,True,OVERLAP,FAIL,35.0,FAIL,40.0,FAIL,ORDER_FLOW_BUY_VWAP_RECLAIM_REJECTION,TOP_DOWN_DATA_MISSING,ROUTER_BLOCKED,ACCEPT,PASS,BLOCK,NOT_SENT,SETUP_HUNTER
2026-06-15T15:46:07.395628+00:00,2026-06-15 16:46:07,2026-06-15 16:00 CASA,EURUSD,EURUSD,ORDER_FLOW_EXECUTION_AGENT,SELL,1.15961,1.16322,1.1542,1.5,100,A,95,True,OVERLAP,FAIL,80.0,FAIL,60.0,FAIL,ORDER_FLOW_SELL_LIQUIDITY_SWEEP_REVERSAL,TOP_DOWN_DATA_MISSING,ROUTER_BLOCKED,ACCEPT,PASS,BLOCK,NOT_SENT,SETUP_HUNTER
2026-06-15T15:46:11.166426+00:00,2026-06-15 16:46:11,2026-06-15 16:00 CASA,BTCUSD#,BTCUSD#,ORDER_FLOW_EXECUTION_AGENT,BUY,66954.2,64515.9458,70611.5813,1.5,100,A,85,True,OVERLAP,FAIL,65.0,FAIL,60.0,FAIL,ORDER_FLOW_BUY_VWAP_RECLAIM_REJECTION,TOP_DOWN_DATA_MISSING,ROUTER_BLOCKED,ACCEPT,PASS,BLOCK,NOT_SENT,SETUP_HUNTER
2026-06-15T15:46:12.071267+00:00,2026-06-15 16:46:12,2026-06-15 16:00 CASA,GOLD#,GOLD#,ORDER_FLOW_EXECUTION_AGENT,BUY,4360.04,4174.33146,4638.60281,1.5,100,A,85,True,OVERLAP,FAIL,45.0,FAIL,40.0,FAIL,ORDER_FLOW_BUY_VWAP_RECLAIM_REJECTION,TOP_DOWN_DATA_MISSING,ROUTER_BLOCKED,ACCEPT,PASS,BLOCK,NOT_SENT,SETUP_HUNTER
2026-06-15T15:46:12.635539+00:00,2026-06-15 16:46:12,2026-06-15 16:00 CASA,EURUSD,EURUSD,ORDER_FLOW_EXECUTION_AGENT,SELL,1.15961,1.16322,1.1542,1.5,100,A,95,True,OVERLAP,FAIL,80.0,FAIL,60.0,FAIL,ORDER_FLOW_SELL_LIQUIDITY_SWEEP_REVERSAL,TOP_DOWN_DATA_MISSING,ROUTER_BLOCKED,ACCEPT,PASS,BLOCK,NOT_SENT,SETUP_HUNTER
2026-06-15T15:46:24.891576+00:00,2026-06-15 16:46:24,2026-06-15 16:00 CASA,BTCUSD#,BTCUSD#,ORDER_FLOW_EXECUTION_AGENT,BUY,66972.7,64515.9273,70657.85905,1.5,100,A,85,True,OVERLAP,FAIL,65.0,FAIL,60.0,FAIL,ORDER_FLOW_BUY_VWAP_RECLAIM_REJECTION,TOP_DOWN_DATA_MISSING,ROUTER_BLOCKED,ACCEPT,PASS,BLOCK,NOT_SENT,SETUP_HUNTER
2026-06-15T15:46:25.693271+00:00,2026-06-15 16:46:25,2026-06-15 16:00 CASA,GOLD#,GOLD#,ORDER_FLOW_EXECUTION_AGENT,BUY,4359.25,4174.33225,4636.62663,1.5,100,A,85,True,OVERLAP,FAIL,40.0,FAIL,15.0,FAIL,ORDER_FLOW_BUY_VWAP_RECLAIM_REJECTION,TOP_DOWN_DATA_MISSING,ROUTER_BLOCKED,ACCEPT,PASS,BLOCK,NOT_SENT,SETUP_HUNTER
2026-06-15T15:46:26.167879+00:00,2026-06-15 16:46:26,2026-06-15 16:00 CASA,EURUSD,EURUSD,ORDER_FLOW_EXECUTION_AGENT,SELL,1.15968,1.16322,1.15437,1.5,100,A,95,True,OVERLAP,FAIL,55.0,FAIL,75.0,FAIL,ORDER_FLOW_SELL_LIQUIDITY_SWEEP_REVERSAL,TOP_DOWN_DATA_MISSING,ROUTER_BLOCKED,ACCEPT,PASS,BLOCK,NOT_SENT,SETUP_HUNTER
2026-06-15T15:46:27.811203+00:00,2026-06-15 16:46:27,2026-06-15 16:00 CASA,BTCUSD#,BTCUSD#,ORDER_FLOW_EXECUTION_AGENT,BUY,66992.7,64521.6823,70699.22655,1.5,100,A,85,True,OVERLAP,PASS,70.0,FAIL,60.0,FAIL,ORDER_FLOW_BUY_VWAP_RECLAIM_REJECTION,TOP_DOWN_DATA_MISSING,ROUTER_BLOCKED,ACCEPT,PASS,BLOCK,NOT_SENT,SETUP_HUNTER
2026-06-15T15:46:28.566686+00:00,2026-06-15 16:46:28,2026-06-15 16:00 CASA,GOLD#,GOLD#,ORDER_FLOW_EXECUTION_AGENT,BUY,4359.36,4174.33214,4636.90179,1.5,100,A,85,True,OVERLAP,FAIL,40.0,FAIL,15.0,FAIL,ORDER_FLOW_BUY_VWAP_RECLAIM_REJECTION,TOP_DOWN_DATA_MISSING,ROUTER_BLOCKED,ACCEPT,PASS,BLOCK,NOT_SENT,SETUP_HUNTER
2026-06-15T15:46:29.081261+00:00,2026-06-15 16:46:29,2026-06-15 16:00 CASA,EURUSD,EURUSD,ORDER_FLOW_EXECUTION_AGENT,BUY,1.15972,1.15676,1.16416,1.5,100,A,80,True,OVERLAP,FAIL,55.0,FAIL,75.0,FAIL,ORDER_FLOW_BUY_LIQUIDITY_SWEEP_REVERSAL,TOP_DOWN_DATA_MISSING,ROUTER_BLOCKED,ACCEPT,PASS,BLOCK,NOT_SENT,SETUP_HUNTER
2026-06-15T15:46:32.758335+00:00,2026-06-15 16:46:32,2026-06-15 16:00 CASA,BTCUSD#,BTCUSD#,ORDER_FLOW_EXECUTION_AGENT,BUY,67001.8,63690.86945,71968.19583,1.5,100,A,85,True,OVERLAP,PASS,70.0,FAIL,60.0,FAIL,ORDER_FLOW_BUY_VWAP_RECLAIM_REJECTION,TOP_DOWN_DATA_MISSING,ROUTER_BLOCKED,ACCEPT,PASS,BLOCK,NOT_SENT,SETUP_HUNTER
2026-06-15T15:46:33.496236+00:00,2026-06-15 16:46:33,2026-06-15 16:00 CASA,GOLD#,GOLD#,ORDER_FLOW_EXECUTION_AGENT,BUY,4358.38,4174.33312,4634.45032,1.5,100,A,85,True,OVERLAP,FAIL,40.0,FAIL,15.0,FAIL,ORDER_FLOW_BUY_VWAP_RECLAIM_REJECTION,TOP_DOWN_DATA_MISSING,ROUTER_BLOCKED,ACCEPT,PASS,BLOCK,NOT_SENT,SETUP_HUNTER
2026-06-15T15:46:33.977195+00:00,2026-06-15 16:46:33,2026-06-15 16:00 CASA,EURUSD,EURUSD,ORDER_FLOW_EXECUTION_AGENT,SELL,1.15967,1.16322,1.15435,1.5,100,A,95,True,OVERLAP,FAIL,55.0,FAIL,35.0,FAIL,ORDER_FLOW_SELL_LIQUIDITY_SWEEP_REVERSAL,TOP_DOWN_DATA_MISSING,ROUTER_BLOCKED,ACCEPT,PASS,BLOCK,NOT_SENT,SETUP_HUNTER
2026-06-15T15:46:37.793332+00:00,2026-06-15 16:46:37,2026-06-15 16:00 CASA,BTCUSD#,BTCUSD#,ORDER_FLOW_EXECUTION_AGENT,BUY,66993.2,63690.87805,71946.68293,1.5,100,A,85,True,OVERLAP,PASS,70.0,FAIL,60.0,FAIL,ORDER_FLOW_BUY_VWAP_RECLAIM_REJECTION,TOP_DOWN_DATA_MISSING,ROUTER_BLOCKED,ACCEPT,PASS,BLOCK,NOT_SENT,SETUP_HUNTER
2026-06-15T15:46:38.637464+00:00,2026-06-15 16:46:38,2026-06-15 16:00 CASA,GOLD#,GOLD#,ORDER_FLOW_EXECUTION_AGENT,BUY,4357.71,4174.33379,4632.77432,1.5,100,A,85,True,OVERLAP,FAIL,40.0,FAIL,15.0,FAIL,ORDER_FLOW_BUY_VWAP_RECLAIM_REJECTION,TOP_DOWN_DATA_MISSING,ROUTER_BLOCKED,ACCEPT,PASS,BLOCK,NOT_SENT,SETUP_HUNTER
2026-06-15T15:46:39.132485+00:00,2026-06-15 16:46:39,2026-06-15 16:00 CASA,EURUSD,EURUSD,ORDER_FLOW_EXECUTION_AGENT,SELL,1.15966,1.16322,1.15432,1.5,100,A,95,True,OVERLAP,FAIL,80.0,FAIL,60.0,FAIL,ORDER_FLOW_SELL_LIQUIDITY_SWEEP_REVERSAL,TOP_DOWN_DATA_MISSING,ROUTER_BLOCKED,ACCEPT,PASS,BLOCK,NOT_SENT,SETUP_HUNTER
2026-06-15T15:46:42.794549+00:00,2026-06-15 16:46:42,2026-06-15 16:00 CASA,BTCUSD#,BTCUSD#,ORDER_FLOW_EXECUTION_AGENT,BUY,67008.9,63690.86235,71985.95647,1.5,100,A,85,True,OVERLAP,PASS,70.0,FAIL,60.0,FAIL,ORDER_FLOW_BUY_VWAP_RECLAIM_REJECTION,TOP_DOWN_DATA_MISSING,ROUTER_BLOCKED,ACCEPT,PASS,BLOCK,NOT_SENT,SETUP_HUNTER
2026-06-15T15:46:43.557979+00:00,2026-06-15 16:46:43,2026-06-15 16:00 CASA,GOLD#,GOLD#,ORDER_FLOW_EXECUTION_AGENT,BUY,4357.53,4174.33397,4632.32404,1.5,100,A,85,True,OVERLAP,FAIL,40.0,FAIL,15.0,FAIL,ORDER_FLOW_BUY_VWAP_RECLAIM_REJECTION,TOP_DOWN_DATA_MISSING,ROUTER_BLOCKED,ACCEPT,PASS,BLOCK,NOT_SENT,SETUP_HUNTER
2026-06-15T15:46:44.076051+00:00,2026-06-15 16:46:44,2026-06-15 16:00 CASA,EURUSD,EURUSD,ORDER_FLOW_EXECUTION_AGENT,SELL,1.15967,1.16322,1.15435,1.5,100,A,95,True,OVERLAP,FAIL,55.0,FAIL,35.0,FAIL,ORDER_FLOW_SELL_LIQUIDITY_SWEEP_REVERSAL,TOP_DOWN_DATA_MISSING,ROUTER_BLOCKED,ACCEPT,PASS,BLOCK,NOT_SENT,SETUP_HUNTER
2026-06-15T15:46:47.732407+00:00,2026-06-15 16:46:47,2026-06-15 16:00 CASA,BTCUSD#,BTCUSD#,ORDER_FLOW_EXECUTION_AGENT,BUY,67000.1,63690.87115,71963.94328,1.5,100,A,85,True,OVERLAP,PASS,70.0,FAIL,60.0,FAIL,ORDER_FLOW_BUY_VWAP_RECLAIM_REJECTION,TOP_DOWN_DATA_MISSING,ROUTER_BLOCKED,ACCEPT,PASS,BLOCK,NOT_SENT,SETUP_HUNTER
2026-06-15T15:46:48.481431+00:00,2026-06-15 16:46:48,2026-06-15 16:00 CASA,GOLD#,GOLD#,NONE,BUY,,,,,0,D,0,False,OVERLAP,,,,,,,NO_STRATEGY_SIGNAL,NO_VALID_SETUP,REJECT,PASS,N/A,NOT_SENT,SETUP_HUNTER
2026-06-15T15:46:48.979630+00:00,2026-06-15 16:46:48,2026-06-15 16:00 CASA,EURUSD,EURUSD,ORDER_FLOW_EXECUTION_AGENT,SELL,1.15967,1.16322,1.15435,1.5,100,A,95,True,OVERLAP,FAIL,55.0,FAIL,35.0,FAIL,ORDER_FLOW_SELL_LIQUIDITY_SWEEP_REVERSAL,TOP_DOWN_DATA_MISSING,ROUTER_BLOCKED,ACCEPT,PASS,BLOCK,NOT_SENT,SETUP_HUNTER
2026-06-15T15:46:52.778180+00:00,2026-06-15 16:46:52,2026-06-15 16:00 CASA,BTCUSD#,BTCUSD#,ORDER_FLOW_EXECUTION_AGENT,BUY,67008.9,63690.86235,71985.95647,1.5,100,A,85,True,OVERLAP,PASS,70.0,FAIL,60.0,FAIL,ORDER_FLOW_BUY_VWAP_RECLAIM_REJECTION,TOP_DOWN_DATA_MISSING,ROUTER_BLOCKED,ACCEPT,PASS,BLOCK,NOT_SENT,SETUP_HUNTER
2026-06-15T15:46:53.609852+00:00,2026-06-15 16:46:53,2026-06-15 16:00 CASA,GOLD#,GOLD#,NONE,BUY,,,,,0,D,0,False,OVERLAP,,,,,,,NO_STRATEGY_SIGNAL,NO_VALID_SETUP,REJECT,PASS,N/A,NOT_SENT,SETUP_HUNTER
2026-06-15T15:46:54.092444+00:00,2026-06-15 16:46:54,2026-06-15 16:00 CASA,EURUSD,EURUSD,ORDER_FLOW_EXECUTION_AGENT,SELL,1.15967,1.16322,1.15435,1.5,100,A,95,True,OVERLAP,FAIL,55.0,FAIL,35.0,FAIL,ORDER_FLOW_SELL_LIQUIDITY_SWEEP_REVERSAL,TOP_DOWN_DATA_MISSING,ROUTER_BLOCKED,ACCEPT,PASS,BLOCK,NOT_SENT,SETUP_HUNTER
2026-06-15T15:46:57.829602+00:00,2026-06-15 16:46:57,2026-06-15 16:00 CASA,BTCUSD#,BTCUSD#,ORDER_FLOW_EXECUTION_AGENT,BUY,67004.3,63690.86695,71974.44958,1.5,100,A,85,True,OVERLAP,PASS,70.0,FAIL,60.0,FAIL,ORDER_FLOW_BUY_VWAP_RECLAIM_REJECTION,TOP_DOWN_DATA_MISSING,ROUTER_BLOCKED,ACCEPT,PASS,BLOCK,NOT_SENT,SETUP_HUNTER
2026-06-15T15:46:58.701863+00:00,2026-06-15 16:46:58,2026-06-15 16:00 CASA,GOLD#,GOLD#,ORDER_FLOW_EXECUTION_AGENT,BUY,4357.97,4174.33353,4633.42471,1.5,100,A,85,True,OVERLAP,FAIL,40.0,FAIL,15.0,FAIL,ORDER_FLOW_BUY_VWAP_RECLAIM_REJECTION,TOP_DOWN_DATA_MISSING,ROUTER_BLOCKED,ACCEPT,PASS,BLOCK,NOT_SENT,SETUP_HUNTER
2026-06-15T15:46:59.213076+00:00,2026-06-15 16:46:59,2026-06-15 16:00 CASA,EURUSD,EURUSD,ORDER_FLOW_EXECUTION_AGENT,BUY,1.15969,1.15676,1.16408,1.5,100,A,80,True,OVERLAP,FAIL,55.0,FAIL,75.0,FAIL,ORDER_FLOW_BUY_LIQUIDITY_SWEEP_REVERSAL,TOP_DOWN_DATA_MISSING,ROUTER_BLOCKED,ACCEPT,PASS,BLOCK,NOT_SENT,SETUP_HUNTER
2026-06-15T15:47:02.811917+00:00,2026-06-15 16:47:02,2026-06-15 16:00 CASA,BTCUSD#,BTCUSD#,ORDER_FLOW_EXECUTION_AGENT,BUY,67010.4,63690.86085,71989.70872,1.5,100,A,85,True,OVERLAP,FAIL,65.0,FAIL,60.0,FAIL,ORDER_FLOW_BUY_VWAP_RECLAIM_REJECTION,TOP_DOWN_DATA_MISSING,ROUTER_BLOCKED,ACCEPT,PASS,BLOCK,NOT_SENT,SETUP_HUNTER
2026-06-15T15:47:03.696052+00:00,2026-06-15 16:47:03,2026-06-15 16:00 CASA,GOLD#,GOLD#,NONE,BUY,,,,,0,D,0,False,OVERLAP,,,,,,,NO_STRATEGY_SIGNAL,NO_VALID_SETUP,REJECT,PASS,N/A,NOT_SENT,SETUP_HUNTER
2026-06-15T15:47:04.198917+00:00,2026-06-15 16:47:04,2026-06-15 16:00 CASA,EURUSD,EURUSD,ORDER_FLOW_EXECUTION_AGENT,BUY,1.15969,1.15676,1.16408,1.5,100,A,80,True,OVERLAP,FAIL,55.0,FAIL,75.0,FAIL,ORDER_FLOW_BUY_LIQUIDITY_SWEEP_REVERSAL,TOP_DOWN_DATA_MISSING,ROUTER_BLOCKED,ACCEPT,PASS,BLOCK,NOT_SENT,SETUP_HUNTER
2026-06-15T15:47:07.874760+00:00,2026-06-15 16:47:07,2026-06-15 16:00 CASA,BTCUSD#,BTCUSD#,ORDER_FLOW_EXECUTION_AGENT,BUY,67076.0,64542.994,70875.509,1.5,100,A,85,True,OVERLAP,PASS,70.0,FAIL,60.0,FAIL,ORDER_FLOW_BUY_VWAP_RECLAIM_REJECTION,TOP_DOWN_DATA_MISSING,ROUTER_BLOCKED,ACCEPT,PASS,BLOCK,NOT_SENT,SETUP_HUNTER
2026-06-15T15:47:08.689098+00:00,2026-06-15 16:47:08,2026-06-15 16:00 CASA,GOLD#,GOLD#,ORDER_FLOW_EXECUTION_AGENT,BUY,4358.25,4174.33325,4634.12513,1.5,100,A,85,True,OVERLAP,FAIL,40.0,FAIL,15.0,FAIL,ORDER_FLOW_BUY_VWAP_RECLAIM_REJECTION,TOP_DOWN_DATA_MISSING,ROUTER_BLOCKED,ACCEPT,PASS,BLOCK,NOT_SENT,SETUP_HUNTER
2026-06-15T15:47:09.201600+00:00,2026-06-15 16:47:09,2026-06-15 16:00 CASA,EURUSD,EURUSD,ORDER_FLOW_EXECUTION_AGENT,BUY,1.15969,1.15676,1.16408,1.5,100,A,80,True,OVERLAP,FAIL,55.0,FAIL,75.0,FAIL,ORDER_FLOW_BUY_LIQUIDITY_SWEEP_REVERSAL,TOP_DOWN_DATA_MISSING,ROUTER_BLOCKED,ACCEPT,PASS,BLOCK,NOT_SENT,SETUP_HUNTER
2026-06-15T15:47:12.811156+00:00,2026-06-15 16:47:12,2026-06-15 16:00 CASA,BTCUSD#,BTCUSD#,ORDER_FLOW_EXECUTION_AGENT,BUY,67152.0,64507.80133,71118.29801,1.5,100,A,85,True,OVERLAP,PASS,70.0,FAIL,60.0,FAIL,ORDER_FLOW_BUY_VWAP_RECLAIM_REJECTION,TOP_DOWN_DATA_MISSING,ROUTER_BLOCKED,ACCEPT,PASS,BLOCK,NOT_SENT,SETUP_HUNTER
2026-06-15T15:47:13.608301+00:00,2026-06-15 16:47:13,2026-06-15 16:00 CASA,GOLD#,GOLD#,ORDER_FLOW_EXECUTION_AGENT,BUY,4358.2,4174.3333,4634.00005,1.5,100,A,85,True,OVERLAP,FAIL,40.0,FAIL,15.0,FAIL,ORDER_FLOW_BUY_VWAP_RECLAIM_REJECTION,TOP_DOWN_DATA_MISSING,ROUTER_BLOCKED,ACCEPT,PASS,BLOCK,NOT_SENT,SETUP_HUNTER
2026-06-15T15:47:14.106752+00:00,2026-06-15 16:47:14,2026-06-15 16:00 CASA,EURUSD,EURUSD,ORDER_FLOW_EXECUTION_AGENT,BUY,1.15972,1.15676,1.16416,1.5,100,A,80,True,OVERLAP,FAIL,55.0,FAIL,75.0,FAIL,ORDER_FLOW_BUY_LIQUIDITY_SWEEP_REVERSAL,TOP_DOWN_DATA_MISSING,ROUTER_BLOCKED,ACCEPT,PASS,BLOCK,NOT_SENT,SETUP_HUNTER
2026-06-15T15:47:17.787788+00:00,2026-06-15 16:47:17,2026-06-15 16:00 CASA,BTCUSD#,BTCUSD#,ORDER_FLOW_EXECUTION_AGENT,BUY,67192.8,64521.58137,71199.62795,1.5,100,A,85,True,OVERLAP,PASS,70.0,FAIL,60.0,FAIL,ORDER_FLOW_BUY_VWAP_RECLAIM_REJECTION,TOP_DOWN_DATA_MISSING,ROUTER_BLOCKED,ACCEPT,PASS,BLOCK,NOT_SENT,SETUP_HUNTER
2026-06-15T15:47:18.533136+00:00,2026-06-15 16:47:18,2026-06-15 16:00 CASA,GOLD#,GOLD#,ORDER_FLOW_EXECUTION_AGENT,BUY,4358.25,4174.33325,4634.12513,1.5,100,A,85,True,OVERLAP,FAIL,40.0,FAIL,15.0,FAIL,ORDER_FLOW_BUY_VWAP_RECLAIM_REJECTION,TOP_DOWN_DATA_MISSING,ROUTER_BLOCKED,ACCEPT,PASS,BLOCK,NOT_SENT,SETUP_HUNTER
2026-06-15T15:47:19.017580+00:00,2026-06-15 16:47:19,2026-06-15 16:00 CASA,EURUSD,EURUSD,ORDER_FLOW_EXECUTION_AGENT,BUY,1.15971,1.15676,1.16413,1.5,100,A,80,True,OVERLAP,FAIL,55.0,FAIL,75.0,FAIL,ORDER_FLOW_BUY_LIQUIDITY_SWEEP_REVERSAL,TOP_DOWN_DATA_MISSING,ROUTER_BLOCKED,ACCEPT,PASS,BLOCK,NOT_SENT,SETUP_HUNTER
2026-06-15T15:47:22.830924+00:00,2026-06-15 16:47:22,2026-06-15 16:00 CASA,BTCUSD#,BTCUSD#,ORDER_FLOW_EXECUTION_AGENT,BUY,67192.8,64521.58137,71199.62795,1.5,100,A,85,True,OVERLAP,PASS,70.0,FAIL,60.0,FAIL,ORDER_FLOW_BUY_VWAP_RECLAIM_REJECTION,TOP_DOWN_DATA_MISSING,ROUTER_BLOCKED,ACCEPT,PASS,BLOCK,NOT_SENT,SETUP_HUNTER
2026-06-15T15:47:23.686414+00:00,2026-06-15 16:47:23,2026-06-15 16:00 CASA,GOLD#,GOLD#,ORDER_FLOW_EXECUTION_AGENT,BUY,4358.0,4174.3335,4633.49975,1.5,100,A,85,True,OVERLAP,FAIL,40.0,FAIL,15.0,FAIL,ORDER_FLOW_BUY_VWAP_RECLAIM_REJECTION,TOP_DOWN_DATA_MISSING,ROUTER_BLOCKED,ACCEPT,PASS,BLOCK,NOT_SENT,SETUP_HUNTER
2026-06-15T15:47:24.199843+00:00,2026-06-15 16:47:24,2026-06-15 16:00 CASA,EURUSD,EURUSD,ORDER_FLOW_EXECUTION_AGENT,BUY,1.1597,1.15676,1.16411,1.5,100,A,80,True,OVERLAP,FAIL,55.0,FAIL,75.0,FAIL,ORDER_FLOW_BUY_LIQUIDITY_SWEEP_REVERSAL,TOP_DOWN_DATA_MISSING,ROUTER_BLOCKED,ACCEPT,PASS,BLOCK,NOT_SENT,SETUP_HUNTER
2026-06-15T15:47:27.780164+00:00,2026-06-15 16:47:27,2026-06-15 16:00 CASA,BTCUSD#,BTCUSD#,ORDER_FLOW_EXECUTION_AGENT,BUY,67135.0,64521.63917,71055.04125,1.5,100,A,85,True,OVERLAP,PASS,70.0,FAIL,60.0,FAIL,ORDER_FLOW_BUY_VWAP_RECLAIM_REJECTION,TOP_DOWN_DATA_MISSING,ROUTER_BLOCKED,ACCEPT,PASS,BLOCK,NOT_SENT,SETUP_HUNTER
2026-06-15T15:47:28.580185+00:00,2026-06-15 16:47:28,2026-06-15 16:00 CASA,GOLD#,GOLD#,ORDER_FLOW_EXECUTION_AGENT,BUY,4358.42,4174.33308,4634.55038,1.5,100,A,85,True,OVERLAP,FAIL,40.0,FAIL,15.0,FAIL,ORDER_FLOW_BUY_VWAP_RECLAIM_REJECTION,TOP_DOWN_DATA_MISSING,ROUTER_BLOCKED,ACCEPT,PASS,BLOCK,NOT_SENT,SETUP_HUNTER
2026-06-15T15:47:29.082884+00:00,2026-06-15 16:47:29,2026-06-15 16:00 CASA,EURUSD,EURUSD,ORDER_FLOW_EXECUTION_AGENT,BUY,1.15972,1.15676,1.16416,1.5,100,A,80,True,OVERLAP,FAIL,55.0,FAIL,75.0,FAIL,ORDER_FLOW_BUY_LIQUIDITY_SWEEP_REVERSAL,TOP_DOWN_DATA_MISSING,ROUTER_BLOCKED,ACCEPT,PASS,BLOCK,NOT_SENT,SETUP_HUNTER
2026-06-15T15:47:32.827504+00:00,2026-06-15 16:47:32,2026-06-15 16:00 CASA,BTCUSD#,BTCUSD#,ORDER_FLOW_EXECUTION_AGENT,BUY,67115.4,64521.65877,71006.01185,1.5,100,A,85,True,OVERLAP,PASS,70.0,FAIL,60.0,FAIL,ORDER_FLOW_BUY_VWAP_RECLAIM_REJECTION,TOP_DOWN_DATA_MISSING,ROUTER_BLOCKED,ACCEPT,PASS,BLOCK,NOT_SENT,SETUP_HUNTER
2026-06-15T15:47:33.618874+00:00,2026-06-15 16:47:33,2026-06-15 16:00 CASA,GOLD#,GOLD#,ORDER_FLOW_EXECUTION_AGENT,BUY,4358.52,4174.33298,4634.80053,1.5,100,A,85,True,OVERLAP,FAIL,40.0,FAIL,15.0,FAIL,ORDER_FLOW_BUY_VWAP_RECLAIM_REJECTION,TOP_DOWN_DATA_MISSING,ROUTER_BLOCKED,ACCEPT,PASS,BLOCK,NOT_SENT,SETUP_HUNTER
2026-06-15T15:47:34.160525+00:00,2026-06-15 16:47:34,2026-06-15 16:00 CASA,EURUSD,EURUSD,ORDER_FLOW_EXECUTION_AGENT,BUY,1.15972,1.15676,1.16416,1.5,100,A,80,True,OVERLAP,FAIL,55.0,FAIL,75.0,FAIL,ORDER_FLOW_BUY_LIQUIDITY_SWEEP_REVERSAL,TOP_DOWN_DATA_MISSING,ROUTER_BLOCKED,ACCEPT,PASS,BLOCK,NOT_SENT,SETUP_HUNTER
2026-06-15T15:47:37.816192+00:00,2026-06-15 16:47:37,2026-06-15 16:00 CASA,BTCUSD#,BTCUSD#,ORDER_FLOW_EXECUTION_AGENT,BUY,67182.5,64521.59167,71173.8625,1.5,100,A,85,True,OVERLAP,PASS,70.0,FAIL,60.0,FAIL,ORDER_FLOW_BUY_VWAP_RECLAIM_REJECTION,TOP_DOWN_DATA_MISSING,ROUTER_BLOCKED,ACCEPT,PASS,BLOCK,NOT_SENT,SETUP_HUNTER
2026-06-15T15:47:38.613079+00:00,2026-06-15 16:47:38,2026-06-15 16:00 CASA,GOLD#,GOLD#,ORDER_FLOW_EXECUTION_AGENT,BUY,4358.83,4174.33267,4635.576,1.5,100,A,85,True,OVERLAP,FAIL,40.0,FAIL,15.0,FAIL,ORDER_FLOW_BUY_VWAP_RECLAIM_REJECTION,TOP_DOWN_DATA_MISSING,ROUTER_BLOCKED,ACCEPT,PASS,BLOCK,NOT_SENT,SETUP_HUNTER
2026-06-15T15:47:39.142305+00:00,2026-06-15 16:47:39,2026-06-15 16:00 CASA,EURUSD,EURUSD,ORDER_FLOW_EXECUTION_AGENT,BUY,1.15972,1.15676,1.16416,1.5,100,A,80,True,OVERLAP,FAIL,55.0,FAIL,75.0,FAIL,ORDER_FLOW_BUY_LIQUIDITY_SWEEP_REVERSAL,TOP_DOWN_DATA_MISSING,ROUTER_BLOCKED,ACCEPT,PASS,BLOCK,NOT_SENT,SETUP_HUNTER
2026-06-15T15:47:42.813527+00:00,2026-06-15 16:47:42,2026-06-15 16:00 CASA,BTCUSD#,BTCUSD#,ORDER_FLOW_EXECUTION_AGENT,BUY,67177.4,64521.59677,71161.10484,1.5,100,A,85,True,OVERLAP,PASS,70.0,FAIL,60.0,FAIL,ORDER_FLOW_BUY_VWAP_RECLAIM_REJECTION,TOP_DOWN_DATA_MISSING,ROUTER_BLOCKED,ACCEPT,PASS,BLOCK,NOT_SENT,SETUP_HUNTER
2026-06-15T15:47:43.617094+00:00,2026-06-15 16:47:43,2026-06-15 16:00 CASA,GOLD#,GOLD#,ORDER_FLOW_EXECUTION_AGENT,BUY,4358.98,4174.33252,4635.95122,1.5,100,A,85,True,OVERLAP,FAIL,40.0,FAIL,15.0,FAIL,ORDER_FLOW_BUY_VWAP_RECLAIM_REJECTION,TOP_DOWN_DATA_MISSING,ROUTER_BLOCKED,ACCEPT,PASS,BLOCK,NOT_SENT,SETUP_HUNTER
2026-06-15T15:47:44.106540+00:00,2026-06-15 16:47:44,2026-06-15 16:00 CASA,EURUSD,EURUSD,ORDER_FLOW_EXECUTION_AGENT,BUY,1.15972,1.15676,1.16416,1.5,100,A,80,True,OVERLAP,FAIL,55.0,FAIL,75.0,FAIL,ORDER_FLOW_BUY_LIQUIDITY_SWEEP_REVERSAL,TOP_DOWN_DATA_MISSING,ROUTER_BLOCKED,ACCEPT,PASS,BLOCK,NOT_SENT,SETUP_HUNTER
2026-06-15T15:47:47.799153+00:00,2026-06-15 16:47:47,2026-06-15 16:00 CASA,BTCUSD#,BTCUSD#,ORDER_FLOW_EXECUTION_AGENT,BUY,67178.7,64521.59547,71164.35679,1.5,100,A,85,True,OVERLAP,PASS,70.0,FAIL,60.0,FAIL,ORDER_FLOW_BUY_VWAP_RECLAIM_REJECTION,TOP_DOWN_DATA_MISSING,ROUTER_BLOCKED,ACCEPT,PASS,BLOCK,NOT_SENT,SETUP_HUNTER
2026-06-15T15:47:48.581954+00:00,2026-06-15 16:47:48,2026-06-15 16:00 CASA,GOLD#,GOLD#,ORDER_FLOW_EXECUTION_AGENT,BUY,4359.2,4174.3323,4636.50155,1.5,100,A,85,True,OVERLAP,FAIL,40.0,FAIL,15.0,FAIL,ORDER_FLOW_BUY_VWAP_RECLAIM_REJECTION,TOP_DOWN_DATA_MISSING,ROUTER_BLOCKED,ACCEPT,PASS,BLOCK,NOT_SENT,SETUP_HUNTER
2026-06-15T15:47:49.084502+00:00,2026-06-15 16:47:49,2026-06-15 16:00 CASA,EURUSD,EURUSD,ORDER_FLOW_EXECUTION_AGENT,BUY,1.15972,1.15676,1.16416,1.5,100,A,80,True,OVERLAP,FAIL,55.0,FAIL,75.0,FAIL,ORDER_FLOW_BUY_LIQUIDITY_SWEEP_REVERSAL,TOP_DOWN_DATA_MISSING,ROUTER_BLOCKED,ACCEPT,PASS,BLOCK,NOT_SENT,SETUP_HUNTER
2026-06-15T15:47:52.783722+00:00,2026-06-15 16:47:52,2026-06-15 16:00 CASA,BTCUSD#,BTCUSD#,ORDER_FLOW_EXECUTION_AGENT,BUY,67202.1,64521.57207,71222.8919,1.5,100,A,85,True,OVERLAP,PASS,70.0,FAIL,60.0,FAIL,ORDER_FLOW_BUY_VWAP_RECLAIM_REJECTION,TOP_DOWN_DATA_MISSING,ROUTER_BLOCKED,ACCEPT,PASS,BLOCK,NOT_SENT,SETUP_HUNTER
2026-06-15T15:47:53.555087+00:00,2026-06-15 16:47:53,2026-06-15 16:00 CASA,GOLD#,GOLD#,ORDER_FLOW_EXECUTION_AGENT,BUY,4359.45,4174.33205,4637.12692,1.5,100,A,85,True,OVERLAP,FAIL,40.0,FAIL,15.0,FAIL,ORDER_FLOW_BUY_VWAP_RECLAIM_REJECTION,TOP_DOWN_DATA_MISSING,ROUTER_BLOCKED,ACCEPT,PASS,BLOCK,NOT_SENT,SETUP_HUNTER
2026-06-15T15:47:54.017214+00:00,2026-06-15 16:47:54,2026-06-15 16:00 CASA,EURUSD,EURUSD,ORDER_FLOW_EXECUTION_AGENT,BUY,1.15969,1.15676,1.16408,1.5,100,A,80,True,OVERLAP,FAIL,55.0,FAIL,75.0,FAIL,ORDER_FLOW_BUY_LIQUIDITY_SWEEP_REVERSAL,TOP_DOWN_DATA_MISSING,ROUTER_BLOCKED,ACCEPT,PASS,BLOCK,NOT_SENT,SETUP_HUNTER
2026-06-15T15:47:57.818924+00:00,2026-06-15 16:47:57,2026-06-15 16:00 CASA,BTCUSD#,BTCUSD#,ORDER_FLOW_EXECUTION_AGENT,BUY,67189.0,64521.58517,71190.12225,1.5,100,A,85,True,OVERLAP,PASS,70.0,FAIL,60.0,FAIL,ORDER_FLOW_BUY_VWAP_RECLAIM_REJECTION,TOP_DOWN_DATA_MISSING,ROUTER_BLOCKED,ACCEPT,PASS,BLOCK,NOT_SENT,SETUP_HUNTER
2026-06-15T15:47:58.614068+00:00,2026-06-15 16:47:58,2026-06-15 16:00 CASA,GOLD#,GOLD#,ORDER_FLOW_EXECUTION_AGENT,BUY,4359.37,4174.33213,4636.92681,1.5,100,A,85,True,OVERLAP,FAIL,40.0,FAIL,15.0,FAIL,ORDER_FLOW_BUY_VWAP_RECLAIM_REJECTION,TOP_DOWN_DATA_MISSING,ROUTER_BLOCKED,ACCEPT,PASS,BLOCK,NOT_SENT,SETUP_HUNTER
2026-06-15T15:47:59.112182+00:00,2026-06-15 16:47:59,2026-06-15 16:00 CASA,EURUSD,EURUSD,ORDER_FLOW_EXECUTION_AGENT,SELL,1.15968,1.16322,1.15437,1.5,100,A,95,True,OVERLAP,FAIL,55.0,FAIL,75.0,FAIL,ORDER_FLOW_SELL_LIQUIDITY_SWEEP_REVERSAL,TOP_DOWN_DATA_MISSING,ROUTER_BLOCKED,ACCEPT,PASS,BLOCK,NOT_SENT,SETUP_HUNTER
2026-06-15T15:48:02.803573+00:00,2026-06-15 16:48:02,2026-06-15 16:00 CASA,BTCUSD#,BTCUSD#,ORDER_FLOW_EXECUTION_AGENT,BUY,67184.8,64521.58937,71179.61595,1.5,100,A,85,True,OVERLAP,FAIL,65.0,FAIL,60.0,FAIL,ORDER_FLOW_BUY_VWAP_RECLAIM_REJECTION,TOP_DOWN_DATA_MISSING,ROUTER_BLOCKED,ACCEPT,PASS,BLOCK,NOT_SENT,SETUP_HUNTER
2026-06-15T15:48:03.597422+00:00,2026-06-15 16:48:03,2026-06-15 16:00 CASA,GOLD#,GOLD#,ORDER_FLOW_EXECUTION_AGENT,BUY,4358.5,4174.333,4634.7505,1.5,100,A,85,True,OVERLAP,FAIL,40.0,FAIL,15.0,FAIL,ORDER_FLOW_BUY_VWAP_RECLAIM_REJECTION,TOP_DOWN_DATA_MISSING,ROUTER_BLOCKED,ACCEPT,PASS,BLOCK,NOT_SENT,SETUP_HUNTER
2026-06-15T15:48:04.073088+00:00,2026-06-15 16:48:04,2026-06-15 16:00 CASA,EURUSD,EURUSD,ORDER_FLOW_EXECUTION_AGENT,SELL,1.15964,1.16322,1.15427,1.5,100,A,95,True,OVERLAP,FAIL,80.0,FAIL,60.0,FAIL,ORDER_FLOW_SELL_LIQUIDITY_SWEEP_REVERSAL,TOP_DOWN_DATA_MISSING,ROUTER_BLOCKED,ACCEPT,PASS,BLOCK,NOT_SENT,SETUP_HUNTER
2026-06-15T15:48:07.808512+00:00,2026-06-15 16:48:07,2026-06-15 16:00 CASA,BTCUSD#,BTCUSD#,ORDER_FLOW_EXECUTION_AGENT,BUY,67205.7,64521.56847,71231.8973,1.5,100,A,85,True,OVERLAP,FAIL,65.0,FAIL,60.0,FAIL,ORDER_FLOW_BUY_VWAP_RECLAIM_REJECTION,TOP_DOWN_DATA_MISSING,ROUTER_BLOCKED,ACCEPT,PASS,BLOCK,NOT_SENT,SETUP_HUNTER
2026-06-15T15:48:08.806210+00:00,2026-06-15 16:48:08,2026-06-15 16:00 CASA,GOLD#,GOLD#,ORDER_FLOW_EXECUTION_AGENT,BUY,4358.45,4174.33305,4634.62542,1.5,100,A,85,True,OVERLAP,FAIL,40.0,FAIL,15.0,FAIL,ORDER_FLOW_BUY_VWAP_RECLAIM_REJECTION,TOP_DOWN_DATA_MISSING,ROUTER_BLOCKED,ACCEPT,PASS,BLOCK,NOT_SENT,SETUP_HUNTER
2026-06-15T15:48:09.567376+00:00,2026-06-15 16:48:09,2026-06-15 16:00 CASA,EURUSD,EURUSD,ORDER_FLOW_EXECUTION_AGENT,SELL,1.15964,1.16322,1.15427,1.5,100,A,95,True,OVERLAP,FAIL,80.0,FAIL,60.0,FAIL,ORDER_FLOW_SELL_LIQUIDITY_SWEEP_REVERSAL,TOP_DOWN_DATA_MISSING,ROUTER_BLOCKED,ACCEPT,PASS,BLOCK,NOT_SENT,SETUP_HUNTER
2026-06-15T15:48:13.346486+00:00,2026-06-15 16:48:13,2026-06-15 16:00 CASA,BTCUSD#,BTCUSD#,ORDER_FLOW_EXECUTION_AGENT,BUY,67202.1,64524.0004,71219.2494,1.5,100,A,85,True,OVERLAP,FAIL,65.0,FAIL,60.0,FAIL,ORDER_FLOW_BUY_VWAP_RECLAIM_REJECTION,TOP_DOWN_DATA_MISSING,ROUTER_BLOCKED,ACCEPT,PASS,BLOCK,NOT_SENT,SETUP_HUNTER
2026-06-15T15:48:14.478185+00:00,2026-06-15 16:48:14,2026-06-15 16:00 CASA,GOLD#,GOLD#,ORDER_FLOW_EXECUTION_AGENT,BUY,4358.26,4174.33324,4634.15014,1.5,100,A,85,True,OVERLAP,FAIL,40.0,FAIL,15.0,FAIL,ORDER_FLOW_BUY_VWAP_RECLAIM_REJECTION,TOP_DOWN_DATA_MISSING,ROUTER_BLOCKED,ACCEPT,PASS,BLOCK,NOT_SENT,SETUP_HUNTER
2026-06-15T15:48:15.185545+00:00,2026-06-15 16:48:15,2026-06-15 16:00 CASA,EURUSD,EURUSD,ORDER_FLOW_EXECUTION_AGENT,SELL,1.15964,1.16322,1.15427,1.5,100,A,95,True,OVERLAP,FAIL,80.0,FAIL,60.0,FAIL,ORDER_FLOW_SELL_LIQUIDITY_SWEEP_REVERSAL,TOP_DOWN_DATA_MISSING,ROUTER_BLOCKED,ACCEPT,PASS,BLOCK,NOT_SENT,SETUP_HUNTER
2026-06-15T15:48:18.189597+00:00,2026-06-15 16:48:18,2026-06-15 16:00 CASA,BTCUSD#,BTCUSD#,ORDER_FLOW_EXECUTION_AGENT,BUY,67185.4,64524.0171,71177.47435,1.5,100,A,85,True,OVERLAP,FAIL,65.0,FAIL,60.0,FAIL,ORDER_FLOW_BUY_VWAP_RECLAIM_REJECTION,TOP_DOWN_DATA_MISSING,ROUTER_BLOCKED,ACCEPT,PASS,BLOCK,NOT_SENT,SETUP_HUNTER
2026-06-15T15:48:19.305946+00:00,2026-06-15 16:48:19,2026-06-15 16:00 CASA,GOLD#,GOLD#,ORDER_FLOW_EXECUTION_AGENT,BUY,4358.24,4174.33326,4634.10011,1.5,100,A,85,True,OVERLAP,FAIL,40.0,FAIL,15.0,FAIL,ORDER_FLOW_BUY_VWAP_RECLAIM_REJECTION,TOP_DOWN_DATA_MISSING,ROUTER_BLOCKED,ACCEPT,PASS,BLOCK,NOT_SENT,SETUP_HUNTER
2026-06-15T15:48:20.571664+00:00,2026-06-15 16:48:20,2026-06-15 16:00 CASA,EURUSD,EURUSD,ORDER_FLOW_EXECUTION_AGENT,SELL,1.15964,1.16322,1.15427,1.5,100,A,95,True,OVERLAP,FAIL,80.0,FAIL,60.0,FAIL,ORDER_FLOW_SELL_LIQUIDITY_SWEEP_REVERSAL,TOP_DOWN_DATA_MISSING,ROUTER_BLOCKED,ACCEPT,PASS,BLOCK,NOT_SENT,SETUP_HUNTER
2026-06-15T15:48:23.201688+00:00,2026-06-15 16:48:23,2026-06-15 16:00 CASA,BTCUSD#,BTCUSD#,ORDER_FLOW_EXECUTION_AGENT,BUY,67201.4,64524.0011,71217.49835,1.5,100,A,85,True,OVERLAP,FAIL,65.0,FAIL,60.0,FAIL,ORDER_FLOW_BUY_VWAP_RECLAIM_REJECTION,TOP_DOWN_DATA_MISSING,ROUTER_BLOCKED,ACCEPT,PASS,BLOCK,NOT_SENT,SETUP_HUNTER
2026-06-15T15:48:23.963358+00:00,2026-06-15 16:48:23,2026-06-15 16:00 CASA,GOLD#,GOLD#,ORDER_FLOW_EXECUTION_AGENT,BUY,4358.05,4174.33345,4633.62483,1.5,100,A,85,True,OVERLAP,FAIL,40.0,FAIL,15.0,FAIL,ORDER_FLOW_BUY_VWAP_RECLAIM_REJECTION,TOP_DOWN_DATA_MISSING,ROUTER_BLOCKED,ACCEPT,PASS,BLOCK,NOT_SENT,SETUP_HUNTER
2026-06-15T15:48:24.492046+00:00,2026-06-15 16:48:24,2026-06-15 16:00 CASA,EURUSD,EURUSD,ORDER_FLOW_EXECUTION_AGENT,SELL,1.15964,1.16322,1.15427,1.5,100,A,95,True,OVERLAP,FAIL,80.0,FAIL,60.0,FAIL,ORDER_FLOW_SELL_LIQUIDITY_SWEEP_REVERSAL,TOP_DOWN_DATA_MISSING,ROUTER_BLOCKED,ACCEPT,PASS,BLOCK,NOT_SENT,SETUP_HUNTER
2026-06-15T15:48:27.870127+00:00,2026-06-15 16:48:27,2026-06-15 16:00 CASA,BTCUSD#,BTCUSD#,ORDER_FLOW_EXECUTION_AGENT,BUY,67184.0,64524.0185,71173.97225,1.5,100,A,85,True,OVERLAP,FAIL,65.0,FAIL,60.0,FAIL,ORDER_FLOW_BUY_VWAP_RECLAIM_REJECTION,TOP_DOWN_DATA_MISSING,ROUTER_BLOCKED,ACCEPT,PASS,BLOCK,NOT_SENT,SETUP_HUNTER
2026-06-15T15:48:28.761867+00:00,2026-06-15 16:48:28,2026-06-15 16:00 CASA,GOLD#,GOLD#,ORDER_FLOW_EXECUTION_AGENT,BUY,4357.8,4174.3337,4632.99945,1.5,100,A,85,True,OVERLAP,FAIL,40.0,FAIL,15.0,FAIL,ORDER_FLOW_BUY_VWAP_RECLAIM_REJECTION,TOP_DOWN_DATA_MISSING,ROUTER_BLOCKED,ACCEPT,PASS,BLOCK,NOT_SENT,SETUP_HUNTER
2026-06-15T15:48:29.731456+00:00,2026-06-15 16:48:29,2026-06-15 16:00 CASA,EURUSD,EURUSD,ORDER_FLOW_EXECUTION_AGENT,SELL,1.15961,1.16322,1.1542,1.5,100,A,95,True,OVERLAP,FAIL,80.0,FAIL,60.0,FAIL,ORDER_FLOW_SELL_LIQUIDITY_SWEEP_REVERSAL,TOP_DOWN_DATA_MISSING,ROUTER_BLOCKED,ACCEPT,PASS,BLOCK,NOT_SENT,SETUP_HUNTER
2026-06-15T15:48:32.867193+00:00,2026-06-15 16:48:32,2026-06-15 16:00 CASA,BTCUSD#,BTCUSD#,ORDER_FLOW_EXECUTION_AGENT,BUY,67168.4,64524.0341,71134.94885,1.5,100,A,85,True,OVERLAP,FAIL,65.0,FAIL,60.0,FAIL,ORDER_FLOW_BUY_VWAP_RECLAIM_REJECTION,TOP_DOWN_DATA_MISSING,ROUTER_BLOCKED,ACCEPT,PASS,BLOCK,NOT_SENT,SETUP_HUNTER
2026-06-15T15:48:35.084473+00:00,2026-06-15 16:48:35,2026-06-15 16:00 CASA,GOLD#,GOLD#,ORDER_FLOW_EXECUTION_AGENT,BUY,4357.75,4174.33375,4632.87438,1.5,100,A,85,True,OVERLAP,FAIL,40.0,FAIL,15.0,FAIL,ORDER_FLOW_BUY_VWAP_RECLAIM_REJECTION,TOP_DOWN_DATA_MISSING,ROUTER_BLOCKED,ACCEPT,PASS,BLOCK,NOT_SENT,SETUP_HUNTER
2026-06-15T15:48:35.915095+00:00,2026-06-15 16:48:35,2026-06-15 16:00 CASA,EURUSD,EURUSD,ORDER_FLOW_EXECUTION_AGENT,SELL,1.15958,1.16322,1.15412,1.5,100,A,95,True,OVERLAP,FAIL,80.0,FAIL,60.0,FAIL,ORDER_FLOW_SELL_LIQUIDITY_SWEEP_REVERSAL,TOP_DOWN_DATA_MISSING,ROUTER_BLOCKED,ACCEPT,PASS,BLOCK,NOT_SENT,SETUP_HUNTER
2026-06-15T15:48:37.811243+00:00,2026-06-15 16:48:37,2026-06-15 16:00 CASA,BTCUSD#,BTCUSD#,ORDER_FLOW_EXECUTION_AGENT,BUY,67170.2,64524.0323,71139.45155,1.5,100,A,85,True,OVERLAP,FAIL,65.0,FAIL,60.0,FAIL,ORDER_FLOW_BUY_VWAP_RECLAIM_REJECTION,TOP_DOWN_DATA_MISSING,ROUTER_BLOCKED,ACCEPT,PASS,BLOCK,NOT_SENT,SETUP_HUNTER
2026-06-15T15:48:38.584190+00:00,2026-06-15 16:48:38,2026-06-15 16:00 CASA,GOLD#,GOLD#,ORDER_FLOW_EXECUTION_AGENT,BUY,4357.97,4174.33353,4633.42471,1.5,100,A,85,True,OVERLAP,FAIL,40.0,FAIL,15.0,FAIL,ORDER_FLOW_BUY_VWAP_RECLAIM_REJECTION,TOP_DOWN_DATA_MISSING,ROUTER_BLOCKED,ACCEPT,PASS,BLOCK,NOT_SENT,SETUP_HUNTER
2026-06-15T15:48:39.075790+00:00,2026-06-15 16:48:39,2026-06-15 16:00 CASA,EURUSD,EURUSD,ORDER_FLOW_EXECUTION_AGENT,SELL,1.15959,1.16322,1.15415,1.5,100,A,95,True,OVERLAP,FAIL,80.0,FAIL,60.0,FAIL,ORDER_FLOW_SELL_LIQUIDITY_SWEEP_REVERSAL,TOP_DOWN_DATA_MISSING,ROUTER_BLOCKED,ACCEPT,PASS,BLOCK,NOT_SENT,SETUP_HUNTER
2026-06-15T15:48:43.245999+00:00,2026-06-15 16:48:43,2026-06-15 16:00 CASA,BTCUSD#,BTCUSD#,ORDER_FLOW_EXECUTION_AGENT,BUY,67158.8,64524.0437,71110.93445,1.5,100,A,85,True,OVERLAP,FAIL,65.0,FAIL,60.0,FAIL,ORDER_FLOW_BUY_VWAP_RECLAIM_REJECTION,TOP_DOWN_DATA_MISSING,ROUTER_BLOCKED,ACCEPT,PASS,BLOCK,NOT_SENT,SETUP_HUNTER
2026-06-15T15:48:44.231051+00:00,2026-06-15 16:48:44,2026-06-15 16:00 CASA,GOLD#,GOLD#,ORDER_FLOW_EXECUTION_AGENT,BUY,4357.75,4174.33375,4632.87438,1.5,100,A,85,True,OVERLAP,FAIL,40.0,FAIL,15.0,FAIL,ORDER_FLOW_BUY_VWAP_RECLAIM_REJECTION,TOP_DOWN_DATA_MISSING,ROUTER_BLOCKED,ACCEPT,PASS,BLOCK,NOT_SENT,SETUP_HUNTER
2026-06-15T15:48:44.795596+00:00,2026-06-15 16:48:44,2026-06-15 16:00 CASA,EURUSD,EURUSD,ORDER_FLOW_EXECUTION_AGENT,SELL,1.15964,1.16322,1.15427,1.5,100,A,95,True,OVERLAP,FAIL,80.0,FAIL,60.0,FAIL,ORDER_FLOW_SELL_LIQUIDITY_SWEEP_REVERSAL,TOP_DOWN_DATA_MISSING,ROUTER_BLOCKED,ACCEPT,PASS,BLOCK,NOT_SENT,SETUP_HUNTER
2026-06-15T15:48:48.024014+00:00,2026-06-15 16:48:48,2026-06-15 16:00 CASA,BTCUSD#,BTCUSD#,ORDER_FLOW_EXECUTION_AGENT,BUY,67153.0,64524.0495,71096.42575,1.5,100,A,85,True,OVERLAP,FAIL,65.0,FAIL,60.0,FAIL,ORDER_FLOW_BUY_VWAP_RECLAIM_REJECTION,TOP_DOWN_DATA_MISSING,ROUTER_BLOCKED,ACCEPT,PASS,BLOCK,NOT_SENT,SETUP_HUNTER
2026-06-15T15:48:49.434468+00:00,2026-06-15 16:48:49,2026-06-15 16:00 CASA,GOLD#,GOLD#,ORDER_FLOW_EXECUTION_AGENT,BUY,4358.07,4174.33343,4633.67485,1.5,100,A,85,True,OVERLAP,FAIL,40.0,FAIL,15.0,FAIL,ORDER_FLOW_BUY_VWAP_RECLAIM_REJECTION,TOP_DOWN_DATA_MISSING,ROUTER_BLOCKED,ACCEPT,PASS,BLOCK,NOT_SENT,SETUP_HUNTER
2026-06-15T15:48:50.574418+00:00,2026-06-15 16:48:50,2026-06-15 16:00 CASA,EURUSD,EURUSD,ORDER_FLOW_EXECUTION_AGENT,SELL,1.15962,1.16322,1.15422,1.5,100,A,95,True,OVERLAP,FAIL,80.0,FAIL,60.0,FAIL,ORDER_FLOW_SELL_LIQUIDITY_SWEEP_REVERSAL,TOP_DOWN_DATA_MISSING,ROUTER_BLOCKED,ACCEPT,PASS,BLOCK,NOT_SENT,SETUP_HUNTER
2026-06-15T15:48:51.934057+00:00,2026-06-15 16:48:51,2026-06-15 16:00 CASA,GOLD#,GOLD#,GOLD_LIQUIDITY_HUNTER_PRO,SELL,2300.0,2301.0,2298.0,2.0,,,,,UNKNOWN,,,,,FAIL,WAIT_FOR_CONFIRMATION,SYMBOL_NOT_ALLOWED,ROUTER_BLOCKED,REJECT,N/A,BLOCK,NOT_SENT,DEMO_SKIP
2026-06-15T15:48:53.088209+00:00,2026-06-15 16:48:53,2026-06-15 16:00 CASA,BTCUSD#,BTCUSD#,ORDER_FLOW_EXECUTION_AGENT,BUY,67160.4,64524.0421,71114.93685,1.5,100,A,85,True,OVERLAP,FAIL,65.0,FAIL,60.0,FAIL,ORDER_FLOW_BUY_VWAP_RECLAIM_REJECTION,TOP_DOWN_DATA_MISSING,ROUTER_BLOCKED,ACCEPT,PASS,BLOCK,NOT_SENT,SETUP_HUNTER
2026-06-15T15:48:54.086410+00:00,2026-06-15 16:48:54,2026-06-15 16:00 CASA,GOLD#,GOLD#,ORDER_FLOW_EXECUTION_AGENT,BUY,4357.68,4174.33382,4632.69927,1.5,100,A,85,True,OVERLAP,FAIL,40.0,FAIL,15.0,FAIL,ORDER_FLOW_BUY_VWAP_RECLAIM_REJECTION,TOP_DOWN_DATA_MISSING,ROUTER_BLOCKED,ACCEPT,PASS,BLOCK,NOT_SENT,SETUP_HUNTER
2026-06-15T15:48:54.743709+00:00,2026-06-15 16:48:54,2026-06-15 16:00 CASA,EURUSD,EURUSD,ORDER_FLOW_EXECUTION_AGENT,SELL,1.1596,1.16322,1.15417,1.5,100,A,95,True,OVERLAP,FAIL,80.0,FAIL,60.0,FAIL,ORDER_FLOW_SELL_LIQUIDITY_SWEEP_REVERSAL,TOP_DOWN_DATA_MISSING,ROUTER_BLOCKED,ACCEPT,PASS,BLOCK,NOT_SENT,SETUP_HUNTER
2026-06-15T15:48:58.701841+00:00,2026-06-15 16:48:58,2026-06-15 16:00 CASA,GOLD#,GOLD#,POSITION_SYNC,,,,,,,,,,N/A,,,,,,,MT5_POSITION_MISSING_CLOSED,EXECUTED_IN_MT5,REJECT,N/A,PASS,OPENED,POSITION_SYNC
2026-06-15T15:48:59.271523+00:00,2026-06-15 16:48:59,2026-06-15 16:00 CASA,BTCUSD#,BTCUSD#,ORDER_FLOW_EXECUTION_AGENT,BUY,67156.0,64524.0465,71103.93025,1.5,100,A,85,True,OVERLAP,FAIL,65.0,FAIL,60.0,FAIL,ORDER_FLOW_BUY_VWAP_RECLAIM_REJECTION,TOP_DOWN_DATA_MISSING,ROUTER_BLOCKED,ACCEPT,PASS,BLOCK,NOT_SENT,SETUP_HUNTER
2026-06-15T15:49:00.645264+00:00,2026-06-15 16:49:00,2026-06-15 16:00 CASA,GOLD#,GOLD#,ORDER_FLOW_EXECUTION_AGENT,BUY,4357.77,4174.33373,4632.92441,1.5,100,A,85,True,OVERLAP,FAIL,40.0,FAIL,15.0,FAIL,ORDER_FLOW_BUY_VWAP_RECLAIM_REJECTION,TOP_DOWN_DATA_MISSING,ROUTER_BLOCKED,ACCEPT,PASS,BLOCK,NOT_SENT,SETUP_HUNTER
2026-06-15T15:49:01.486884+00:00,2026-06-15 16:49:01,2026-06-15 16:00 CASA,EURUSD,EURUSD,ORDER_FLOW_EXECUTION_AGENT,SELL,1.1596,1.16322,1.15417,1.5,100,A,95,True,OVERLAP,FAIL,80.0,FAIL,60.0,FAIL,ORDER_FLOW_SELL_LIQUIDITY_SWEEP_REVERSAL,TOP_DOWN_DATA_MISSING,ROUTER_BLOCKED,ACCEPT,PASS,BLOCK,NOT_SENT,SETUP_HUNTER
2026-06-15T15:49:03.366454+00:00,2026-06-15 16:49:03,2026-06-15 16:00 CASA,BTCUSD#,BTCUSD#,ORDER_FLOW_EXECUTION_AGENT,BUY,67151.0,64524.0515,71091.42275,1.5,100,A,85,True,OVERLAP,FAIL,65.0,FAIL,60.0,FAIL,ORDER_FLOW_BUY_VWAP_RECLAIM_REJECTION,TOP_DOWN_DATA_MISSING,ROUTER_BLOCKED,ACCEPT,PASS,BLOCK,NOT_SENT,SETUP_HUNTER
2026-06-15T15:49:04.436426+00:00,2026-06-15 16:49:04,2026-06-15 16:00 CASA,GOLD#,GOLD#,ORDER_FLOW_EXECUTION_AGENT,BUY,4357.96,4174.33354,4633.39969,1.5,100,A,85,True,OVERLAP,FAIL,40.0,FAIL,15.0,FAIL,ORDER_FLOW_BUY_VWAP_RECLAIM_REJECTION,TOP_DOWN_DATA_MISSING,ROUTER_BLOCKED,ACCEPT,PASS,BLOCK,NOT_SENT,SETUP_HUNTER
2026-06-15T15:49:05.104395+00:00,2026-06-15 16:49:05,2026-06-15 16:00 CASA,EURUSD,EURUSD,ORDER_FLOW_EXECUTION_AGENT,SELL,1.15959,1.16322,1.15415,1.5,100,A,95,True,OVERLAP,FAIL,80.0,FAIL,60.0,FAIL,ORDER_FLOW_SELL_LIQUIDITY_SWEEP_REVERSAL,TOP_DOWN_DATA_MISSING,ROUTER_BLOCKED,ACCEPT,PASS,BLOCK,NOT_SENT,SETUP_HUNTER
2026-06-15T15:49:08.179536+00:00,2026-06-15 16:49:08,2026-06-15 16:00 CASA,BTCUSD#,BTCUSD#,ORDER_FLOW_EXECUTION_AGENT,BUY,67127.2,64524.0753,71031.88705,1.5,100,A,85,True,OVERLAP,FAIL,65.0,FAIL,60.0,FAIL,ORDER_FLOW_BUY_VWAP_RECLAIM_REJECTION,TOP_DOWN_DATA_MISSING,ROUTER_BLOCKED,ACCEPT,PASS,BLOCK,NOT_SENT,SETUP_HUNTER
2026-06-15T15:49:09.195199+00:00,2026-06-15 16:49:09,2026-06-15 16:00 CASA,GOLD#,GOLD#,ORDER_FLOW_EXECUTION_AGENT,BUY,4358.09,4174.33341,4633.72488,1.5,100,A,85,True,OVERLAP,FAIL,40.0,FAIL,15.0,FAIL,ORDER_FLOW_BUY_VWAP_RECLAIM_REJECTION,TOP_DOWN_DATA_MISSING,ROUTER_BLOCKED,ACCEPT,PASS,BLOCK,NOT_SENT,SETUP_HUNTER
2026-06-15T15:49:09.740141+00:00,2026-06-15 16:49:09,2026-06-15 16:00 CASA,EURUSD,EURUSD,ORDER_FLOW_EXECUTION_AGENT,SELL,1.15959,1.16322,1.15415,1.5,100,A,95,True,OVERLAP,FAIL,80.0,FAIL,60.0,FAIL,ORDER_FLOW_SELL_LIQUIDITY_SWEEP_REVERSAL,TOP_DOWN_DATA_MISSING,ROUTER_BLOCKED,ACCEPT,PASS,BLOCK,NOT_SENT,SETUP_HUNTER
2026-06-15T15:49:13.403114+00:00,2026-06-15 16:49:13,2026-06-15 16:00 CASA,BTCUSD#,BTCUSD#,ORDER_FLOW_EXECUTION_AGENT,BUY,67157.8,64524.0447,71108.43295,1.5,100,A,85,True,OVERLAP,FAIL,65.0,FAIL,60.0,FAIL,ORDER_FLOW_BUY_VWAP_RECLAIM_REJECTION,TOP_DOWN_DATA_MISSING,ROUTER_BLOCKED,ACCEPT,PASS,BLOCK,NOT_SENT,SETUP_HUNTER
2026-06-15T15:49:14.558936+00:00,2026-06-15 16:49:14,2026-06-15 16:00 CASA,GOLD#,GOLD#,ORDER_FLOW_EXECUTION_AGENT,BUY,4358.01,4174.33349,4633.52477,1.5,100,A,85,True,OVERLAP,FAIL,40.0,FAIL,15.0,FAIL,ORDER_FLOW_BUY_VWAP_RECLAIM_REJECTION,TOP_DOWN_DATA_MISSING,ROUTER_BLOCKED,ACCEPT,PASS,BLOCK,NOT_SENT,SETUP_HUNTER
2026-06-15T15:49:15.479917+00:00,2026-06-15 16:49:15,2026-06-15 16:00 CASA,EURUSD,EURUSD,ORDER_FLOW_EXECUTION_AGENT,SELL,1.15961,1.16322,1.1542,1.5,100,A,95,True,OVERLAP,FAIL,80.0,FAIL,60.0,FAIL,ORDER_FLOW_SELL_LIQUIDITY_SWEEP_REVERSAL,TOP_DOWN_DATA_MISSING,ROUTER_BLOCKED,ACCEPT,PASS,BLOCK,NOT_SENT,SETUP_HUNTER
2026-06-15T15:49:18.199616+00:00,2026-06-15 16:49:18,2026-06-15 16:00 CASA,BTCUSD#,BTCUSD#,ORDER_FLOW_EXECUTION_AGENT,BUY,67171.0,64524.0315,71141.45275,1.5,100,A,85,True,OVERLAP,FAIL,65.0,FAIL,60.0,FAIL,ORDER_FLOW_BUY_VWAP_RECLAIM_REJECTION,TOP_DOWN_DATA_MISSING,ROUTER_BLOCKED,ACCEPT,PASS,BLOCK,NOT_SENT,SETUP_HUNTER
2026-06-15T15:49:19.400661+00:00,2026-06-15 16:49:19,2026-06-15 16:00 CASA,GOLD#,GOLD#,ORDER_FLOW_EXECUTION_AGENT,BUY,4358.07,4174.33343,4633.67485,1.5,100,A,85,True,OVERLAP,FAIL,40.0,FAIL,15.0,FAIL,ORDER_FLOW_BUY_VWAP_RECLAIM_REJECTION,TOP_DOWN_DATA_MISSING,ROUTER_BLOCKED,ACCEPT,PASS,BLOCK,NOT_SENT,SETUP_HUNTER
2026-06-15T15:49:20.025228+00:00,2026-06-15 16:49:20,2026-06-15 16:00 CASA,EURUSD,EURUSD,ORDER_FLOW_EXECUTION_AGENT,BUY,1.15969,1.15676,1.16408,1.5,100,A,80,True,OVERLAP,FAIL,55.0,FAIL,75.0,FAIL,ORDER_FLOW_BUY_LIQUIDITY_SWEEP_REVERSAL,TOP_DOWN_DATA_MISSING,ROUTER_BLOCKED,ACCEPT,PASS,BLOCK,NOT_SENT,SETUP_HUNTER
2026-06-15T15:49:23.163502+00:00,2026-06-15 16:49:23,2026-06-15 16:00 CASA,BTCUSD#,BTCUSD#,ORDER_FLOW_EXECUTION_AGENT,BUY,67146.5,64524.056,71080.166,1.5,100,A,85,True,OVERLAP,FAIL,65.0,FAIL,60.0,FAIL,ORDER_FLOW_BUY_VWAP_RECLAIM_REJECTION,TOP_DOWN_DATA_MISSING,ROUTER_BLOCKED,ACCEPT,PASS,BLOCK,NOT_SENT,SETUP_HUNTER
2026-06-15T15:49:24.247518+00:00,2026-06-15 16:49:24,2026-06-15 16:00 CASA,GOLD#,GOLD#,ORDER_FLOW_EXECUTION_AGENT,BUY,4358.18,4174.33332,4633.95002,1.5,100,A,85,True,OVERLAP,FAIL,40.0,FAIL,15.0,FAIL,ORDER_FLOW_BUY_VWAP_RECLAIM_REJECTION,TOP_DOWN_DATA_MISSING,ROUTER_BLOCKED,ACCEPT,PASS,BLOCK,NOT_SENT,SETUP_HUNTER
2026-06-15T15:49:24.994996+00:00,2026-06-15 16:49:24,2026-06-15 16:00 CASA,EURUSD,EURUSD,ORDER_FLOW_EXECUTION_AGENT,BUY,1.1597,1.15676,1.16411,1.5,100,A,80,True,OVERLAP,FAIL,55.0,FAIL,75.0,FAIL,ORDER_FLOW_BUY_LIQUIDITY_SWEEP_REVERSAL,TOP_DOWN_DATA_MISSING,ROUTER_BLOCKED,ACCEPT,PASS,BLOCK,NOT_SENT,SETUP_HUNTER
2026-06-15T15:49:28.307654+00:00,2026-06-15 16:49:28,2026-06-15 16:00 CASA,BTCUSD#,BTCUSD#,ORDER_FLOW_EXECUTION_AGENT,BUY,67154.1,64524.0484,71099.1774,1.5,100,A,85,True,OVERLAP,FAIL,65.0,FAIL,60.0,FAIL,ORDER_FLOW_BUY_VWAP_RECLAIM_REJECTION,TOP_DOWN_DATA_MISSING,ROUTER_BLOCKED,ACCEPT,PASS,BLOCK,NOT_SENT,SETUP_HUNTER
2026-06-15T15:49:29.276822+00:00,2026-06-15 16:49:29,2026-06-15 16:00 CASA,GOLD#,GOLD#,ORDER_FLOW_EXECUTION_AGENT,BUY,4359.13,4174.33237,4636.32645,1.5,100,A,85,True,OVERLAP,FAIL,40.0,FAIL,15.0,FAIL,ORDER_FLOW_BUY_VWAP_RECLAIM_REJECTION,TOP_DOWN_DATA_MISSING,ROUTER_BLOCKED,ACCEPT,PASS,BLOCK,NOT_SENT,SETUP_HUNTER
2026-06-15T15:49:30.060280+00:00,2026-06-15 16:49:30,2026-06-15 16:00 CASA,EURUSD,EURUSD,ORDER_FLOW_EXECUTION_AGENT,BUY,1.1597,1.15676,1.16411,1.5,100,A,80,True,OVERLAP,FAIL,55.0,FAIL,75.0,FAIL,ORDER_FLOW_BUY_LIQUIDITY_SWEEP_REVERSAL,TOP_DOWN_DATA_MISSING,ROUTER_BLOCKED,ACCEPT,PASS,BLOCK,NOT_SENT,SETUP_HUNTER
2026-06-15T15:49:33.179524+00:00,2026-06-15 16:49:33,2026-06-15 16:00 CASA,BTCUSD#,BTCUSD#,ORDER_FLOW_EXECUTION_AGENT,BUY,67158.1,64524.0444,71109.1834,1.5,100,A,85,True,OVERLAP,FAIL,65.0,FAIL,60.0,FAIL,ORDER_FLOW_BUY_VWAP_RECLAIM_REJECTION,TOP_DOWN_DATA_MISSING,ROUTER_BLOCKED,ACCEPT,PASS,BLOCK,NOT_SENT,SETUP_HUNTER
2026-06-15T15:49:33.934311+00:00,2026-06-15 16:49:33,2026-06-15 16:00 CASA,GOLD#,GOLD#,ORDER_FLOW_EXECUTION_AGENT,BUY,4358.87,4174.33263,4635.67605,1.5,100,A,85,True,OVERLAP,FAIL,40.0,FAIL,15.0,FAIL,ORDER_FLOW_BUY_VWAP_RECLAIM_REJECTION,TOP_DOWN_DATA_MISSING,ROUTER_BLOCKED,ACCEPT,PASS,BLOCK,NOT_SENT,SETUP_HUNTER
2026-06-15T15:49:34.417863+00:00,2026-06-15 16:49:34,2026-06-15 16:00 CASA,EURUSD,EURUSD,ORDER_FLOW_EXECUTION_AGENT,BUY,1.1597,1.15676,1.16411,1.5,100,A,80,True,OVERLAP,FAIL,55.0,FAIL,75.0,FAIL,ORDER_FLOW_BUY_LIQUIDITY_SWEEP_REVERSAL,TOP_DOWN_DATA_MISSING,ROUTER_BLOCKED,ACCEPT,PASS,BLOCK,NOT_SENT,SETUP_HUNTER
2026-06-15T15:49:38.120583+00:00,2026-06-15 16:49:38,2026-06-15 16:00 CASA,BTCUSD#,BTCUSD#,ORDER_FLOW_EXECUTION_AGENT,BUY,67131.5,64524.071,71042.6435,1.5,100,A,85,True,OVERLAP,FAIL,65.0,FAIL,60.0,FAIL,ORDER_FLOW_BUY_VWAP_RECLAIM_REJECTION,TOP_DOWN_DATA_MISSING,ROUTER_BLOCKED,ACCEPT,PASS,BLOCK,NOT_SENT,SETUP_HUNTER
2026-06-15T15:49:38.904453+00:00,2026-06-15 16:49:38,2026-06-15 16:00 CASA,GOLD#,GOLD#,ORDER_FLOW_EXECUTION_AGENT,BUY,4358.07,4174.33343,4633.67485,1.5,100,A,85,True,OVERLAP,FAIL,40.0,FAIL,15.0,FAIL,ORDER_FLOW_BUY_VWAP_RECLAIM_REJECTION,TOP_DOWN_DATA_MISSING,ROUTER_BLOCKED,ACCEPT,PASS,BLOCK,NOT_SENT,SETUP_HUNTER
2026-06-15T15:49:39.429442+00:00,2026-06-15 16:49:39,2026-06-15 16:00 CASA,EURUSD,EURUSD,ORDER_FLOW_EXECUTION_AGENT,SELL,1.15963,1.16322,1.15425,1.5,100,A,95,True,OVERLAP,FAIL,80.0,FAIL,60.0,FAIL,ORDER_FLOW_SELL_LIQUIDITY_SWEEP_REVERSAL,TOP_DOWN_DATA_MISSING,ROUTER_BLOCKED,ACCEPT,PASS,BLOCK,NOT_SENT,SETUP_HUNTER
2026-06-15T15:49:43.121433+00:00,2026-06-15 16:49:43,2026-06-15 16:00 CASA,BTCUSD#,BTCUSD#,ORDER_FLOW_EXECUTION_AGENT,BUY,67136.2,64524.0663,71054.40055,1.5,100,A,85,True,OVERLAP,FAIL,65.0,FAIL,60.0,FAIL,ORDER_FLOW_BUY_VWAP_RECLAIM_REJECTION,TOP_DOWN_DATA_MISSING,ROUTER_BLOCKED,ACCEPT,PASS,BLOCK,NOT_SENT,SETUP_HUNTER
2026-06-15T15:49:43.917575+00:00,2026-06-15 16:49:43,2026-06-15 16:00 CASA,GOLD#,GOLD#,ORDER_FLOW_EXECUTION_AGENT,BUY,4357.98,4174.33352,4633.44972,1.5,100,A,85,True,OVERLAP,FAIL,40.0,FAIL,15.0,FAIL,ORDER_FLOW_BUY_VWAP_RECLAIM_REJECTION,TOP_DOWN_DATA_MISSING,ROUTER_BLOCKED,ACCEPT,PASS,BLOCK,NOT_SENT,SETUP_HUNTER
2026-06-15T15:49:44.451856+00:00,2026-06-15 16:49:44,2026-06-15 16:00 CASA,EURUSD,EURUSD,ORDER_FLOW_EXECUTION_AGENT,SELL,1.15963,1.16322,1.15425,1.5,100,A,95,True,OVERLAP,FAIL,80.0,FAIL,60.0,FAIL,ORDER_FLOW_SELL_LIQUIDITY_SWEEP_REVERSAL,TOP_DOWN_DATA_MISSING,ROUTER_BLOCKED,ACCEPT,PASS,BLOCK,NOT_SENT,SETUP_HUNTER
2026-06-15T15:49:48.117896+00:00,2026-06-15 16:49:48,2026-06-15 16:00 CASA,BTCUSD#,BTCUSD#,ORDER_FLOW_EXECUTION_AGENT,BUY,67147.3,64524.0552,71082.1672,1.5,100,A,85,True,OVERLAP,FAIL,65.0,FAIL,60.0,FAIL,ORDER_FLOW_BUY_VWAP_RECLAIM_REJECTION,TOP_DOWN_DATA_MISSING,ROUTER_BLOCKED,ACCEPT,PASS,BLOCK,NOT_SENT,SETUP_HUNTER
2026-06-15T15:49:48.948905+00:00,2026-06-15 16:49:48,2026-06-15 16:00 CASA,GOLD#,GOLD#,ORDER_FLOW_EXECUTION_AGENT,BUY,4357.46,4174.33404,4632.14894,1.5,100,A,85,True,OVERLAP,FAIL,40.0,FAIL,15.0,FAIL,ORDER_FLOW_BUY_VWAP_RECLAIM_REJECTION,TOP_DOWN_DATA_MISSING,ROUTER_BLOCKED,ACCEPT,PASS,BLOCK,NOT_SENT,SETUP_HUNTER
2026-06-15T15:49:49.460096+00:00,2026-06-15 16:49:49,2026-06-15 16:00 CASA,EURUSD,EURUSD,ORDER_FLOW_EXECUTION_AGENT,SELL,1.15963,1.16322,1.15425,1.5,100,A,95,True,OVERLAP,FAIL,80.0,FAIL,60.0,FAIL,ORDER_FLOW_SELL_LIQUIDITY_SWEEP_REVERSAL,TOP_DOWN_DATA_MISSING,ROUTER_BLOCKED,ACCEPT,PASS,BLOCK,NOT_SENT,SETUP_HUNTER
2026-06-15T15:49:53.117509+00:00,2026-06-15 16:49:53,2026-06-15 16:00 CASA,BTCUSD#,BTCUSD#,ORDER_FLOW_EXECUTION_AGENT,BUY,67189.4,64524.0131,71187.48035,1.5,100,A,85,True,OVERLAP,FAIL,65.0,FAIL,60.0,FAIL,ORDER_FLOW_BUY_VWAP_RECLAIM_REJECTION,TOP_DOWN_DATA_MISSING,ROUTER_BLOCKED,ACCEPT,PASS,BLOCK,NOT_SENT,SETUP_HUNTER
2026-06-15T15:49:53.900510+00:00,2026-06-15 16:49:53,2026-06-15 16:00 CASA,GOLD#,GOLD#,ORDER_FLOW_EXECUTION_AGENT,BUY,4357.67,4174.33383,4632.67426,1.5,100,A,85,True,OVERLAP,FAIL,40.0,FAIL,15.0,FAIL,ORDER_FLOW_BUY_VWAP_RECLAIM_REJECTION,TOP_DOWN_DATA_MISSING,ROUTER_BLOCKED,ACCEPT,PASS,BLOCK,NOT_SENT,SETUP_HUNTER
2026-06-15T15:49:54.598400+00:00,2026-06-15 16:49:54,2026-06-15 16:00 CASA,EURUSD,EURUSD,ORDER_FLOW_EXECUTION_AGENT,SELL,1.15963,1.16322,1.15425,1.5,100,A,95,True,OVERLAP,FAIL,80.0,FAIL,60.0,FAIL,ORDER_FLOW_SELL_LIQUIDITY_SWEEP_REVERSAL,TOP_DOWN_DATA_MISSING,ROUTER_BLOCKED,ACCEPT,PASS,BLOCK,NOT_SENT,SETUP_HUNTER
2026-06-15T15:49:58.166525+00:00,2026-06-15 16:49:58,2026-06-15 16:00 CASA,BTCUSD#,BTCUSD#,ORDER_FLOW_EXECUTION_AGENT,BUY,67185.1,64524.0174,71176.7239,1.5,100,A,85,True,OVERLAP,FAIL,65.0,FAIL,60.0,FAIL,ORDER_FLOW_BUY_VWAP_RECLAIM_REJECTION,TOP_DOWN_DATA_MISSING,ROUTER_BLOCKED,ACCEPT,PASS,BLOCK,NOT_SENT,SETUP_HUNTER
2026-06-15T15:49:58.997442+00:00,2026-06-15 16:49:58,2026-06-15 16:00 CASA,GOLD#,GOLD#,NONE,BUY,,,,,0,D,0,False,OVERLAP,,,,,,,NO_STRATEGY_SIGNAL,NO_VALID_SETUP,REJECT,PASS,N/A,NOT_SENT,SETUP_HUNTER
2026-06-15T15:49:59.556090+00:00,2026-06-15 16:49:59,2026-06-15 16:00 CASA,EURUSD,EURUSD,ORDER_FLOW_EXECUTION_AGENT,SELL,1.15959,1.16322,1.15415,1.5,100,A,95,True,OVERLAP,FAIL,80.0,FAIL,60.0,FAIL,ORDER_FLOW_SELL_LIQUIDITY_SWEEP_REVERSAL,TOP_DOWN_DATA_MISSING,ROUTER_BLOCKED,ACCEPT,PASS,BLOCK,NOT_SENT,SETUP_HUNTER
2026-06-15T15:50:03.169490+00:00,2026-06-15 16:50:03,2026-06-15 16:00 CASA,BTCUSD#,BTCUSD#,NONE,BUY,,,,,0,D,0,False,OVERLAP,,,,,,,NO_STRATEGY_SIGNAL,NO_VALID_SETUP,REJECT,PASS,N/A,NOT_SENT,SETUP_HUNTER
2026-06-15T15:50:03.978939+00:00,2026-06-15 16:50:03,2026-06-15 16:00 CASA,GOLD#,GOLD#,NONE,BUY,,,,,0,D,0,False,OVERLAP,,,,,,,NO_STRATEGY_SIGNAL,NO_VALID_SETUP,REJECT,PASS,N/A,NOT_SENT,SETUP_HUNTER
2026-06-15T15:50:04.522337+00:00,2026-06-15 16:50:04,2026-06-15 16:00 CASA,EURUSD,EURUSD,ORDER_FLOW_EXECUTION_AGENT,SELL,1.15957,1.16322,1.1541,1.5,100,A,95,True,OVERLAP,PASS,85.0,FAIL,60.0,FAIL,ORDER_FLOW_SELL_LIQUIDITY_SWEEP_REVERSAL,TOP_DOWN_DATA_MISSING,ROUTER_BLOCKED,ACCEPT,PASS,BLOCK,NOT_SENT,SETUP_HUNTER
2026-06-15T15:50:08.133251+00:00,2026-06-15 16:50:08,2026-06-15 16:00 CASA,BTCUSD#,BTCUSD#,ORDER_FLOW_EXECUTION_AGENT,BUY,67197.5,64524.005,71207.7425,1.5,100,A,85,True,OVERLAP,FAIL,60.0,FAIL,35.0,FAIL,ORDER_FLOW_BUY_VWAP_RECLAIM_REJECTION,TOP_DOWN_DATA_MISSING,ROUTER_BLOCKED,ACCEPT,PASS,BLOCK,NOT_SENT,SETUP_HUNTER
2026-06-15T15:50:08.962751+00:00,2026-06-15 16:50:08,2026-06-15 16:00 CASA,GOLD#,GOLD#,NONE,BUY,,,,,0,D,0,False,OVERLAP,,,,,,,NO_STRATEGY_SIGNAL,NO_VALID_SETUP,REJECT,PASS,N/A,NOT_SENT,SETUP_HUNTER
2026-06-15T15:50:09.481420+00:00,2026-06-15 16:50:09,2026-06-15 16:00 CASA,EURUSD,EURUSD,ORDER_FLOW_EXECUTION_AGENT,SELL,1.15958,1.16322,1.15412,1.5,100,A,95,True,OVERLAP,FAIL,75.0,FAIL,35.0,FAIL,ORDER_FLOW_SELL_LIQUIDITY_SWEEP_REVERSAL,TOP_DOWN_DATA_MISSING,ROUTER_BLOCKED,ACCEPT,PASS,BLOCK,NOT_SENT,SETUP_HUNTER
2026-06-15T15:50:13.188060+00:00,2026-06-15 16:50:13,2026-06-15 16:00 CASA,BTCUSD#,BTCUSD#,ORDER_FLOW_EXECUTION_AGENT,BUY,67194.1,64524.0084,71199.2374,1.5,100,A,85,True,OVERLAP,FAIL,60.0,FAIL,35.0,FAIL,ORDER_FLOW_BUY_VWAP_RECLAIM_REJECTION,TOP_DOWN_DATA_MISSING,ROUTER_BLOCKED,ACCEPT,PASS,BLOCK,NOT_SENT,SETUP_HUNTER
2026-06-15T15:50:14.073372+00:00,2026-06-15 16:50:14,2026-06-15 16:00 CASA,GOLD#,GOLD#,NONE,BUY,,,,,0,D,0,False,OVERLAP,,,,,,,NO_STRATEGY_SIGNAL,NO_VALID_SETUP,REJECT,PASS,N/A,NOT_SENT,SETUP_HUNTER
2026-06-15T15:50:14.584110+00:00,2026-06-15 16:50:14,2026-06-15 16:00 CASA,EURUSD,EURUSD,ORDER_FLOW_EXECUTION_AGENT,SELL,1.15957,1.16322,1.1541,1.5,100,A,95,True,OVERLAP,PASS,85.0,FAIL,60.0,FAIL,ORDER_FLOW_SELL_LIQUIDITY_SWEEP_REVERSAL,TOP_DOWN_DATA_MISSING,ROUTER_BLOCKED,ACCEPT,PASS,BLOCK,NOT_SENT,SETUP_HUNTER
2026-06-15T15:50:18.175956+00:00,2026-06-15 16:50:18,2026-06-15 16:00 CASA,BTCUSD#,BTCUSD#,NONE,BUY,,,,,0,D,0,False,OVERLAP,,,,,,,NO_STRATEGY_SIGNAL,NO_VALID_SETUP,REJECT,PASS,N/A,NOT_SENT,SETUP_HUNTER
2026-06-15T15:50:18.952037+00:00,2026-06-15 16:50:18,2026-06-15 16:00 CASA,GOLD#,GOLD#,NONE,BUY,,,,,0,D,0,False,OVERLAP,,,,,,,NO_STRATEGY_SIGNAL,NO_VALID_SETUP,REJECT,PASS,N/A,NOT_SENT,SETUP_HUNTER
2026-06-15T15:50:19.497018+00:00,2026-06-15 16:50:19,2026-06-15 16:00 CASA,EURUSD,EURUSD,ORDER_FLOW_EXECUTION_AGENT,SELL,1.15956,1.16322,1.15407,1.5,100,A,95,True,OVERLAP,PASS,85.0,FAIL,60.0,FAIL,ORDER_FLOW_SELL_LIQUIDITY_SWEEP_REVERSAL,TOP_DOWN_DATA_MISSING,ROUTER_BLOCKED,ACCEPT,PASS,BLOCK,NOT_SENT,SETUP_HUNTER
2026-06-15T15:50:23.154733+00:00,2026-06-15 16:50:23,2026-06-15 16:00 CASA,BTCUSD#,BTCUSD#,NONE,BUY,,,,,0,D,0,False,OVERLAP,,,,,,,NO_STRATEGY_SIGNAL,NO_VALID_SETUP,REJECT,PASS,N/A,NOT_SENT,SETUP_HUNTER
2026-06-15T15:50:23.980169+00:00,2026-06-15 16:50:23,2026-06-15 16:00 CASA,GOLD#,GOLD#,NONE,BUY,,,,,0,D,0,False,OVERLAP,,,,,,,NO_STRATEGY_SIGNAL,NO_VALID_SETUP,REJECT,PASS,N/A,NOT_SENT,SETUP_HUNTER
2026-06-15T15:50:24.553525+00:00,2026-06-15 16:50:24,2026-06-15 16:00 CASA,EURUSD,EURUSD,ORDER_FLOW_EXECUTION_AGENT,SELL,1.15959,1.16322,1.15415,1.5,100,A,95,True,OVERLAP,FAIL,75.0,FAIL,35.0,FAIL,ORDER_FLOW_SELL_LIQUIDITY_SWEEP_REVERSAL,TOP_DOWN_DATA_MISSING,ROUTER_BLOCKED,ACCEPT,PASS,BLOCK,NOT_SENT,SETUP_HUNTER
2026-06-15T15:50:28.118839+00:00,2026-06-15 16:50:28,2026-06-15 16:00 CASA,BTCUSD#,BTCUSD#,NONE,BUY,,,,,0,D,0,False,OVERLAP,,,,,,,NO_STRATEGY_SIGNAL,NO_VALID_SETUP,REJECT,PASS,N/A,NOT_SENT,SETUP_HUNTER
2026-06-15T15:50:28.964670+00:00,2026-06-15 16:50:28,2026-06-15 16:00 CASA,GOLD#,GOLD#,NONE,BUY,,,,,0,D,0,False,OVERLAP,,,,,,,NO_STRATEGY_SIGNAL,NO_VALID_SETUP,REJECT,PASS,N/A,NOT_SENT,SETUP_HUNTER
2026-06-15T15:50:29.500343+00:00,2026-06-15 16:50:29,2026-06-15 16:00 CASA,EURUSD,EURUSD,ORDER_FLOW_EXECUTION_AGENT,BUY,1.15961,1.15704,1.16346,1.5,99,A,80,True,OVERLAP,FAIL,75.0,FAIL,35.0,FAIL,ORDER_FLOW_BUY_LIQUIDITY_SWEEP_REVERSAL,TOP_DOWN_DATA_MISSING,ROUTER_BLOCKED,ACCEPT,PASS,BLOCK,NOT_SENT,SETUP_HUNTER
2026-06-15T15:50:33.137352+00:00,2026-06-15 16:50:33,2026-06-15 16:00 CASA,BTCUSD#,BTCUSD#,NONE,BUY,,,,,0,D,0,False,OVERLAP,,,,,,,NO_STRATEGY_SIGNAL,NO_VALID_SETUP,REJECT,PASS,N/A,NOT_SENT,SETUP_HUNTER
2026-06-15T15:50:33.933771+00:00,2026-06-15 16:50:33,2026-06-15 16:00 CASA,GOLD#,GOLD#,NONE,BUY,,,,,0,D,0,False,OVERLAP,,,,,,,NO_STRATEGY_SIGNAL,NO_VALID_SETUP,REJECT,PASS,N/A,NOT_SENT,SETUP_HUNTER
2026-06-15T15:50:34.416440+00:00,2026-06-15 16:50:34,2026-06-15 16:00 CASA,EURUSD,EURUSD,ORDER_FLOW_EXECUTION_AGENT,BUY,1.15963,1.15704,1.16351,1.5,99,A,80,True,OVERLAP,FAIL,75.0,FAIL,35.0,FAIL,ORDER_FLOW_BUY_LIQUIDITY_SWEEP_REVERSAL,TOP_DOWN_DATA_MISSING,ROUTER_BLOCKED,ACCEPT,PASS,BLOCK,NOT_SENT,SETUP_HUNTER
2026-06-15T15:50:38.106728+00:00,2026-06-15 16:50:38,2026-06-15 16:00 CASA,BTCUSD#,BTCUSD#,NONE,BUY,,,,,0,D,0,False,OVERLAP,,,,,,,NO_STRATEGY_SIGNAL,NO_VALID_SETUP,REJECT,PASS,N/A,NOT_SENT,SETUP_HUNTER
2026-06-15T15:50:38.884718+00:00,2026-06-15 16:50:38,2026-06-15 16:00 CASA,GOLD#,GOLD#,NONE,BUY,,,,,0,D,0,False,OVERLAP,,,,,,,NO_STRATEGY_SIGNAL,NO_VALID_SETUP,REJECT,PASS,N/A,NOT_SENT,SETUP_HUNTER
2026-06-15T15:50:39.372579+00:00,2026-06-15 16:50:39,2026-06-15 16:00 CASA,EURUSD,EURUSD,ORDER_FLOW_EXECUTION_AGENT,BUY,1.15964,1.15704,1.16354,1.5,99,A,80,True,OVERLAP,FAIL,75.0,FAIL,35.0,FAIL,ORDER_FLOW_BUY_LIQUIDITY_SWEEP_REVERSAL,TOP_DOWN_DATA_MISSING,ROUTER_BLOCKED,ACCEPT,PASS,BLOCK,NOT_SENT,SETUP_HUNTER
2026-06-15T15:50:43.169946+00:00,2026-06-15 16:50:43,2026-06-15 16:00 CASA,BTCUSD#,BTCUSD#,NONE,BUY,,,,,0,D,0,False,OVERLAP,,,,,,,NO_STRATEGY_SIGNAL,NO_VALID_SETUP,REJECT,PASS,N/A,NOT_SENT,SETUP_HUNTER
2026-06-15T15:50:44.294298+00:00,2026-06-15 16:50:44,2026-06-15 16:00 CASA,GOLD#,GOLD#,NONE,BUY,,,,,0,D,0,False,OVERLAP,,,,,,,NO_STRATEGY_SIGNAL,NO_VALID_SETUP,REJECT,PASS,N/A,NOT_SENT,SETUP_HUNTER
2026-06-15T15:50:44.882379+00:00,2026-06-15 16:50:44,2026-06-15 16:00 CASA,EURUSD,EURUSD,ORDER_FLOW_EXECUTION_AGENT,BUY,1.15963,1.15704,1.16351,1.5,99,A,80,True,OVERLAP,FAIL,75.0,FAIL,35.0,FAIL,ORDER_FLOW_BUY_LIQUIDITY_SWEEP_REVERSAL,TOP_DOWN_DATA_MISSING,ROUTER_BLOCKED,ACCEPT,PASS,BLOCK,NOT_SENT,SETUP_HUNTER
2026-06-15T15:50:48.189483+00:00,2026-06-15 16:50:48,2026-06-15 16:00 CASA,BTCUSD#,BTCUSD#,NONE,BUY,,,,,0,D,0,False,OVERLAP,,,,,,,NO_STRATEGY_SIGNAL,NO_VALID_SETUP,REJECT,PASS,N/A,NOT_SENT,SETUP_HUNTER
2026-06-15T15:50:48.954015+00:00,2026-06-15 16:50:48,2026-06-15 16:00 CASA,GOLD#,GOLD#,NONE,BUY,,,,,0,D,0,False,OVERLAP,,,,,,,NO_STRATEGY_SIGNAL,NO_VALID_SETUP,REJECT,PASS,N/A,NOT_SENT,SETUP_HUNTER
2026-06-15T15:50:49.466896+00:00,2026-06-15 16:50:49,2026-06-15 16:00 CASA,EURUSD,EURUSD,ORDER_FLOW_EXECUTION_AGENT,BUY,1.15964,1.15704,1.16354,1.5,99,A,80,True,OVERLAP,FAIL,75.0,FAIL,35.0,FAIL,ORDER_FLOW_BUY_LIQUIDITY_SWEEP_REVERSAL,TOP_DOWN_DATA_MISSING,ROUTER_BLOCKED,ACCEPT,PASS,BLOCK,NOT_SENT,SETUP_HUNTER
2026-06-15T15:50:53.239173+00:00,2026-06-15 16:50:53,2026-06-15 16:00 CASA,BTCUSD#,BTCUSD#,NONE,BUY,,,,,0,D,0,False,OVERLAP,,,,,,,NO_STRATEGY_SIGNAL,NO_VALID_SETUP,REJECT,PASS,N/A,NOT_SENT,SETUP_HUNTER
2026-06-15T15:50:54.229141+00:00,2026-06-15 16:50:54,2026-06-15 16:00 CASA,GOLD#,GOLD#,NONE,BUY,,,,,0,D,0,False,OVERLAP,,,,,,,NO_STRATEGY_SIGNAL,NO_VALID_SETUP,REJECT,PASS,N/A,NOT_SENT,SETUP_HUNTER
2026-06-15T15:50:54.724756+00:00,2026-06-15 16:50:54,2026-06-15 16:00 CASA,EURUSD,EURUSD,ORDER_FLOW_EXECUTION_AGENT,BUY,1.15961,1.15704,1.16346,1.5,99,A,80,True,OVERLAP,FAIL,75.0,FAIL,35.0,FAIL,ORDER_FLOW_BUY_LIQUIDITY_SWEEP_REVERSAL,TOP_DOWN_DATA_MISSING,ROUTER_BLOCKED,ACCEPT,PASS,BLOCK,NOT_SENT,SETUP_HUNTER
2026-06-15T15:50:58.209403+00:00,2026-06-15 16:50:58,2026-06-15 16:00 CASA,BTCUSD#,BTCUSD#,NONE,BUY,,,,,0,D,0,False,OVERLAP,,,,,,,NO_STRATEGY_SIGNAL,NO_VALID_SETUP,REJECT,PASS,N/A,NOT_SENT,SETUP_HUNTER
2026-06-15T15:50:59.068600+00:00,2026-06-15 16:50:59,2026-06-15 16:00 CASA,GOLD#,GOLD#,NONE,BUY,,,,,0,D,0,False,OVERLAP,,,,,,,NO_STRATEGY_SIGNAL,NO_VALID_SETUP,REJECT,PASS,N/A,NOT_SENT,SETUP_HUNTER
2026-06-15T15:50:59.616054+00:00,2026-06-15 16:50:59,2026-06-15 16:00 CASA,EURUSD,EURUSD,ORDER_FLOW_EXECUTION_AGENT,BUY,1.15963,1.15704,1.16351,1.5,99,A,80,True,OVERLAP,FAIL,75.0,FAIL,35.0,FAIL,ORDER_FLOW_BUY_LIQUIDITY_SWEEP_REVERSAL,TOP_DOWN_DATA_MISSING,ROUTER_BLOCKED,ACCEPT,PASS,BLOCK,NOT_SENT,SETUP_HUNTER
2026-06-15T15:51:03.097518+00:00,2026-06-15 16:51:03,2026-06-15 16:00 CASA,BTCUSD#,BTCUSD#,NONE,BUY,,,,,0,D,0,False,OVERLAP,,,,,,,NO_STRATEGY_SIGNAL,NO_VALID_SETUP,REJECT,PASS,N/A,NOT_SENT,SETUP_HUNTER
2026-06-15T15:51:03.941286+00:00,2026-06-15 16:51:03,2026-06-15 16:00 CASA,GOLD#,GOLD#,NONE,BUY,,,,,0,D,0,False,OVERLAP,,,,,,,NO_STRATEGY_SIGNAL,NO_VALID_SETUP,REJECT,PASS,N/A,NOT_SENT,SETUP_HUNTER
2026-06-15T15:51:04.409323+00:00,2026-06-15 16:51:04,2026-06-15 16:00 CASA,EURUSD,EURUSD,ORDER_FLOW_EXECUTION_AGENT,BUY,1.15965,1.15704,1.16356,1.5,99,A,80,True,OVERLAP,FAIL,75.0,FAIL,35.0,FAIL,ORDER_FLOW_BUY_LIQUIDITY_SWEEP_REVERSAL,TOP_DOWN_DATA_MISSING,ROUTER_BLOCKED,ACCEPT,PASS,BLOCK,NOT_SENT,SETUP_HUNTER
2026-06-15T15:51:08.161056+00:00,2026-06-15 16:51:08,2026-06-15 16:00 CASA,BTCUSD#,BTCUSD#,NONE,BUY,,,,,0,D,0,False,OVERLAP,,,,,,,NO_STRATEGY_SIGNAL,NO_VALID_SETUP,REJECT,PASS,N/A,NOT_SENT,SETUP_HUNTER
2026-06-15T15:51:09.036006+00:00,2026-06-15 16:51:09,2026-06-15 16:00 CASA,GOLD#,GOLD#,NONE,BUY,,,,,0,D,0,False,OVERLAP,,,,,,,NO_STRATEGY_SIGNAL,NO_VALID_SETUP,REJECT,PASS,N/A,NOT_SENT,SETUP_HUNTER
2026-06-15T15:51:09.563733+00:00,2026-06-15 16:51:09,2026-06-15 16:00 CASA,EURUSD,EURUSD,ORDER_FLOW_EXECUTION_AGENT,BUY,1.15965,1.15704,1.16356,1.5,99,A,80,True,OVERLAP,FAIL,75.0,FAIL,35.0,FAIL,ORDER_FLOW_BUY_LIQUIDITY_SWEEP_REVERSAL,TOP_DOWN_DATA_MISSING,ROUTER_BLOCKED,ACCEPT,PASS,BLOCK,NOT_SENT,SETUP_HUNTER
2026-06-15T15:51:13.151565+00:00,2026-06-15 16:51:13,2026-06-15 16:00 CASA,BTCUSD#,BTCUSD#,ORDER_FLOW_EXECUTION_AGENT,BUY,67215.7,64523.9868,71253.2698,1.5,100,A,85,True,OVERLAP,FAIL,60.0,FAIL,35.0,FAIL,ORDER_FLOW_BUY_VWAP_RECLAIM_REJECTION,TOP_DOWN_DATA_MISSING,ROUTER_BLOCKED,ACCEPT,PASS,BLOCK,NOT_SENT,SETUP_HUNTER
2026-06-15T15:51:13.913398+00:00,2026-06-15 16:51:13,2026-06-15 16:00 CASA,GOLD#,GOLD#,NONE,BUY,,,,,0,D,0,False,OVERLAP,,,,,,,NO_STRATEGY_SIGNAL,NO_VALID_SETUP,REJECT,PASS,N/A,NOT_SENT,SETUP_HUNTER
2026-06-15T15:51:14.500406+00:00,2026-06-15 16:51:14,2026-06-15 16:00 CASA,EURUSD,EURUSD,ORDER_FLOW_EXECUTION_AGENT,BUY,1.15964,1.15704,1.16354,1.5,99,A,80,True,OVERLAP,FAIL,75.0,FAIL,35.0,FAIL,ORDER_FLOW_BUY_LIQUIDITY_SWEEP_REVERSAL,TOP_DOWN_DATA_MISSING,ROUTER_BLOCKED,ACCEPT,PASS,BLOCK,NOT_SENT,SETUP_HUNTER
2026-06-15T15:51:18.163153+00:00,2026-06-15 16:51:18,2026-06-15 16:00 CASA,BTCUSD#,BTCUSD#,ORDER_FLOW_EXECUTION_AGENT,BUY,67200.5,64524.002,71215.247,1.5,100,A,85,True,OVERLAP,FAIL,60.0,FAIL,35.0,FAIL,ORDER_FLOW_BUY_VWAP_RECLAIM_REJECTION,TOP_DOWN_DATA_MISSING,ROUTER_BLOCKED,ACCEPT,PASS,BLOCK,NOT_SENT,SETUP_HUNTER
2026-06-15T15:51:18.947128+00:00,2026-06-15 16:51:18,2026-06-15 16:00 CASA,GOLD#,GOLD#,NONE,BUY,,,,,0,D,0,False,OVERLAP,,,,,,,NO_STRATEGY_SIGNAL,NO_VALID_SETUP,REJECT,PASS,N/A,NOT_SENT,SETUP_HUNTER
2026-06-15T15:51:19.566527+00:00,2026-06-15 16:51:19,2026-06-15 16:00 CASA,EURUSD,EURUSD,ORDER_FLOW_EXECUTION_AGENT,BUY,1.15965,1.15704,1.16356,1.5,99,A,80,True,OVERLAP,FAIL,75.0,FAIL,35.0,FAIL,ORDER_FLOW_BUY_LIQUIDITY_SWEEP_REVERSAL,TOP_DOWN_DATA_MISSING,ROUTER_BLOCKED,ACCEPT,PASS,BLOCK,NOT_SENT,SETUP_HUNTER
2026-06-15T15:51:23.148988+00:00,2026-06-15 16:51:23,2026-06-15 16:00 CASA,BTCUSD#,BTCUSD#,ORDER_FLOW_EXECUTION_AGENT,BUY,67200.4,64524.0021,71214.99685,1.5,100,A,85,True,OVERLAP,FAIL,60.0,FAIL,35.0,FAIL,ORDER_FLOW_BUY_VWAP_RECLAIM_REJECTION,TOP_DOWN_DATA_MISSING,ROUTER_BLOCKED,ACCEPT,PASS,BLOCK,NOT_SENT,SETUP_HUNTER
2026-06-15T15:51:23.947091+00:00,2026-06-15 16:51:23,2026-06-15 16:00 CASA,GOLD#,GOLD#,ORDER_FLOW_EXECUTION_AGENT,BUY,4357.06,4174.33444,4631.14834,1.5,100,A,85,True,OVERLAP,FAIL,40.0,FAIL,15.0,FAIL,ORDER_FLOW_BUY_VWAP_RECLAIM_REJECTION,TOP_DOWN_DATA_MISSING,ROUTER_BLOCKED,ACCEPT,PASS,BLOCK,NOT_SENT,SETUP_HUNTER
2026-06-15T15:51:24.523241+00:00,2026-06-15 16:51:24,2026-06-15 16:00 CASA,EURUSD,EURUSD,ORDER_FLOW_EXECUTION_AGENT,BUY,1.15964,1.15704,1.16354,1.5,99,A,80,True,OVERLAP,FAIL,75.0,FAIL,35.0,FAIL,ORDER_FLOW_BUY_LIQUIDITY_SWEEP_REVERSAL,TOP_DOWN_DATA_MISSING,ROUTER_BLOCKED,ACCEPT,PASS,BLOCK,NOT_SENT,SETUP_HUNTER
2026-06-15T15:51:38.838870+00:00,2026-06-15 16:51:38,2026-06-15 16:00 CASA,BTCUSD#,BTCUSD#,NONE,BUY,,,,,0,D,0,False,OVERLAP,,,,,,,NO_STRATEGY_SIGNAL,NO_VALID_SETUP,REJECT,PASS,N/A,NOT_SENT,SETUP_HUNTER
2026-06-15T15:51:39.710761+00:00,2026-06-15 16:51:39,2026-06-15 16:00 CASA,GOLD#,GOLD#,ORDER_FLOW_EXECUTION_AGENT,BUY,4357.3,4174.3342,4631.7487,1.5,100,A,85,True,OVERLAP,FAIL,40.0,FAIL,15.0,FAIL,ORDER_FLOW_BUY_VWAP_RECLAIM_REJECTION,TOP_DOWN_DATA_MISSING,ROUTER_BLOCKED,ACCEPT,PASS,BLOCK,NOT_SENT,SETUP_HUNTER
2026-06-15T15:51:40.190806+00:00,2026-06-15 16:51:40,2026-06-15 16:00 CASA,EURUSD,EURUSD,ORDER_FLOW_EXECUTION_AGENT,BUY,1.15967,1.15704,1.16361,1.5,97,A,80,True,OVERLAP,FAIL,55.0,FAIL,35.0,FAIL,ORDER_FLOW_BUY_LIQUIDITY_SWEEP_REVERSAL,TOP_DOWN_DATA_MISSING,ROUTER_BLOCKED,ACCEPT,PASS,BLOCK,NOT_SENT,SETUP_HUNTER
2026-06-15T15:51:41.858072+00:00,2026-06-15 16:51:41,2026-06-15 16:00 CASA,BTCUSD#,BTCUSD#,NONE,BUY,,,,,0,D,0,False,OVERLAP,,,,,,,NO_STRATEGY_SIGNAL,NO_VALID_SETUP,REJECT,PASS,N/A,NOT_SENT,SETUP_HUNTER
2026-06-15T15:51:42.645210+00:00,2026-06-15 16:51:42,2026-06-15 16:00 CASA,GOLD#,GOLD#,ORDER_FLOW_EXECUTION_AGENT,BUY,4357.46,4174.33404,4632.14894,1.5,100,A,85,True,OVERLAP,FAIL,40.0,FAIL,15.0,FAIL,ORDER_FLOW_BUY_VWAP_RECLAIM_REJECTION,TOP_DOWN_DATA_MISSING,ROUTER_BLOCKED,ACCEPT,PASS,BLOCK,NOT_SENT,SETUP_HUNTER
2026-06-15T15:51:43.150016+00:00,2026-06-15 16:51:43,2026-06-15 16:00 CASA,EURUSD,EURUSD,ORDER_FLOW_EXECUTION_AGENT,BUY,1.15967,1.15704,1.16361,1.5,97,A,80,True,OVERLAP,FAIL,55.0,FAIL,35.0,FAIL,ORDER_FLOW_BUY_LIQUIDITY_SWEEP_REVERSAL,TOP_DOWN_DATA_MISSING,ROUTER_BLOCKED,ACCEPT,PASS,BLOCK,NOT_SENT,SETUP_HUNTER
2026-06-15T15:51:46.809787+00:00,2026-06-15 16:51:46,2026-06-15 16:00 CASA,BTCUSD#,BTCUSD#,NONE,BUY,,,,,0,D,0,False,OVERLAP,,,,,,,NO_STRATEGY_SIGNAL,NO_VALID_SETUP,REJECT,PASS,N/A,NOT_SENT,SETUP_HUNTER
2026-06-15T15:51:47.621107+00:00,2026-06-15 16:51:47,2026-06-15 16:00 CASA,GOLD#,GOLD#,ORDER_FLOW_EXECUTION_AGENT,BUY,4357.11,4174.33439,4631.27341,1.5,100,A,85,True,OVERLAP,FAIL,40.0,FAIL,15.0,FAIL,ORDER_FLOW_BUY_VWAP_RECLAIM_REJECTION,TOP_DOWN_DATA_MISSING,ROUTER_BLOCKED,ACCEPT,PASS,BLOCK,NOT_SENT,SETUP_HUNTER
2026-06-15T15:51:48.108330+00:00,2026-06-15 16:51:48,2026-06-15 16:00 CASA,EURUSD,EURUSD,ORDER_FLOW_EXECUTION_AGENT,BUY,1.15966,1.15704,1.16359,1.5,99,A,80,True,OVERLAP,FAIL,75.0,FAIL,35.0,FAIL,ORDER_FLOW_BUY_LIQUIDITY_SWEEP_REVERSAL,TOP_DOWN_DATA_MISSING,ROUTER_BLOCKED,ACCEPT,PASS,BLOCK,NOT_SENT,SETUP_HUNTER
2026-06-15T15:51:51.856141+00:00,2026-06-15 16:51:51,2026-06-15 16:00 CASA,BTCUSD#,BTCUSD#,NONE,BUY,,,,,0,D,0,False,OVERLAP,,,,,,,NO_STRATEGY_SIGNAL,NO_VALID_SETUP,REJECT,PASS,N/A,NOT_SENT,SETUP_HUNTER
2026-06-15T15:51:52.669760+00:00,2026-06-15 16:51:52,2026-06-15 16:00 CASA,GOLD#,GOLD#,NONE,BUY,,,,,0,D,0,False,OVERLAP,,,,,,,NO_STRATEGY_SIGNAL,NO_VALID_SETUP,REJECT,PASS,N/A,NOT_SENT,SETUP_HUNTER
2026-06-15T15:51:53.156002+00:00,2026-06-15 16:51:53,2026-06-15 16:00 CASA,EURUSD,EURUSD,ORDER_FLOW_EXECUTION_AGENT,BUY,1.15964,1.15704,1.16354,1.5,99,A,80,True,OVERLAP,FAIL,75.0,FAIL,35.0,FAIL,ORDER_FLOW_BUY_LIQUIDITY_SWEEP_REVERSAL,TOP_DOWN_DATA_MISSING,ROUTER_BLOCKED,ACCEPT,PASS,BLOCK,NOT_SENT,SETUP_HUNTER
2026-06-15T15:51:56.839448+00:00,2026-06-15 16:51:56,2026-06-15 16:00 CASA,BTCUSD#,BTCUSD#,NONE,BUY,,,,,0,D,0,False,OVERLAP,,,,,,,NO_STRATEGY_SIGNAL,NO_VALID_SETUP,REJECT,PASS,N/A,NOT_SENT,SETUP_HUNTER
2026-06-15T15:51:57.699984+00:00,2026-06-15 16:51:57,2026-06-15 16:00 CASA,GOLD#,GOLD#,NONE,BUY,,,,,0,D,0,False,OVERLAP,,,,,,,NO_STRATEGY_SIGNAL,NO_VALID_SETUP,REJECT,PASS,N/A,NOT_SENT,SETUP_HUNTER
2026-06-15T15:51:58.201214+00:00,2026-06-15 16:51:58,2026-06-15 16:00 CASA,EURUSD,EURUSD,ORDER_FLOW_EXECUTION_AGENT,BUY,1.15964,1.15704,1.16354,1.5,99,A,80,True,OVERLAP,FAIL,75.0,FAIL,35.0,FAIL,ORDER_FLOW_BUY_LIQUIDITY_SWEEP_REVERSAL,TOP_DOWN_DATA_MISSING,ROUTER_BLOCKED,ACCEPT,PASS,BLOCK,NOT_SENT,SETUP_HUNTER
2026-06-15T15:52:01.845678+00:00,2026-06-15 16:52:01,2026-06-15 16:00 CASA,BTCUSD#,BTCUSD#,NONE,BUY,,,,,0,D,0,False,OVERLAP,,,,,,,NO_STRATEGY_SIGNAL,NO_VALID_SETUP,REJECT,PASS,N/A,NOT_SENT,SETUP_HUNTER
2026-06-15T15:52:02.674386+00:00,2026-06-15 16:52:02,2026-06-15 16:00 CASA,GOLD#,GOLD#,NONE,BUY,,,,,0,D,0,False,OVERLAP,,,,,,,NO_STRATEGY_SIGNAL,NO_VALID_SETUP,REJECT,PASS,N/A,NOT_SENT,SETUP_HUNTER
2026-06-15T15:52:03.293042+00:00,2026-06-15 16:52:03,2026-06-15 16:00 CASA,EURUSD,EURUSD,ORDER_FLOW_EXECUTION_AGENT,BUY,1.15963,1.15704,1.16351,1.5,99,A,80,True,OVERLAP,FAIL,75.0,FAIL,35.0,FAIL,ORDER_FLOW_BUY_LIQUIDITY_SWEEP_REVERSAL,TOP_DOWN_DATA_MISSING,ROUTER_BLOCKED,ACCEPT,PASS,BLOCK,NOT_SENT,SETUP_HUNTER
2026-06-15T15:52:06.873767+00:00,2026-06-15 16:52:06,2026-06-15 16:00 CASA,BTCUSD#,BTCUSD#,NONE,BUY,,,,,0,D,0,False,OVERLAP,,,,,,,NO_STRATEGY_SIGNAL,NO_VALID_SETUP,REJECT,PASS,N/A,NOT_SENT,SETUP_HUNTER
2026-06-15T15:52:07.625333+00:00,2026-06-15 16:52:07,2026-06-15 16:00 CASA,GOLD#,GOLD#,NONE,BUY,,,,,0,D,0,False,OVERLAP,,,,,,,NO_STRATEGY_SIGNAL,NO_VALID_SETUP,REJECT,PASS,N/A,NOT_SENT,SETUP_HUNTER
2026-06-15T15:52:08.152312+00:00,2026-06-15 16:52:08,2026-06-15 16:00 CASA,EURUSD,EURUSD,ORDER_FLOW_EXECUTION_AGENT,BUY,1.15963,1.15704,1.16351,1.5,99,A,80,True,OVERLAP,FAIL,75.0,FAIL,35.0,FAIL,ORDER_FLOW_BUY_LIQUIDITY_SWEEP_REVERSAL,TOP_DOWN_DATA_MISSING,ROUTER_BLOCKED,ACCEPT,PASS,BLOCK,NOT_SENT,SETUP_HUNTER
2026-06-15T15:52:11.829194+00:00,2026-06-15 16:52:11,2026-06-15 16:00 CASA,BTCUSD#,BTCUSD#,NONE,BUY,,,,,0,D,0,False,OVERLAP,,,,,,,NO_STRATEGY_SIGNAL,NO_VALID_SETUP,REJECT,PASS,N/A,NOT_SENT,SETUP_HUNTER
2026-06-15T15:52:12.624774+00:00,2026-06-15 16:52:12,2026-06-15 16:00 CASA,GOLD#,GOLD#,NONE,BUY,,,,,0,D,0,False,OVERLAP,,,,,,,NO_STRATEGY_SIGNAL,NO_VALID_SETUP,REJECT,PASS,N/A,NOT_SENT,SETUP_HUNTER
2026-06-15T15:52:13.172865+00:00,2026-06-15 16:52:13,2026-06-15 16:00 CASA,EURUSD,EURUSD,ORDER_FLOW_EXECUTION_AGENT,BUY,1.15962,1.15704,1.16349,1.5,99,A,80,True,OVERLAP,FAIL,75.0,FAIL,35.0,FAIL,ORDER_FLOW_BUY_LIQUIDITY_SWEEP_REVERSAL,TOP_DOWN_DATA_MISSING,ROUTER_BLOCKED,ACCEPT,PASS,BLOCK,NOT_SENT,SETUP_HUNTER
2026-06-15T15:52:16.809638+00:00,2026-06-15 16:52:16,2026-06-15 16:00 CASA,BTCUSD#,BTCUSD#,NONE,BUY,,,,,0,D,0,False,OVERLAP,,,,,,,NO_STRATEGY_SIGNAL,NO_VALID_SETUP,REJECT,PASS,N/A,NOT_SENT,SETUP_HUNTER
2026-06-15T15:52:17.563977+00:00,2026-06-15 16:52:17,2026-06-15 16:00 CASA,GOLD#,GOLD#,NONE,BUY,,,,,0,D,0,False,OVERLAP,,,,,,,NO_STRATEGY_SIGNAL,NO_VALID_SETUP,REJECT,PASS,N/A,NOT_SENT,SETUP_HUNTER
2026-06-15T15:52:18.498029+00:00,2026-06-15 16:52:18,2026-06-15 16:00 CASA,EURUSD,EURUSD,ORDER_FLOW_EXECUTION_AGENT,BUY,1.15962,1.15704,1.16349,1.5,99,A,80,True,OVERLAP,FAIL,75.0,FAIL,35.0,FAIL,ORDER_FLOW_BUY_LIQUIDITY_SWEEP_REVERSAL,TOP_DOWN_DATA_MISSING,ROUTER_BLOCKED,ACCEPT,PASS,BLOCK,NOT_SENT,SETUP_HUNTER
2026-06-15T15:52:21.862129+00:00,2026-06-15 16:52:21,2026-06-15 16:00 CASA,BTCUSD#,BTCUSD#,NONE,BUY,,,,,0,D,0,False,OVERLAP,,,,,,,NO_STRATEGY_SIGNAL,NO_VALID_SETUP,REJECT,PASS,N/A,NOT_SENT,SETUP_HUNTER
2026-06-15T15:52:22.640534+00:00,2026-06-15 16:52:22,2026-06-15 16:00 CASA,GOLD#,GOLD#,NONE,BUY,,,,,0,D,0,False,OVERLAP,,,,,,,NO_STRATEGY_SIGNAL,NO_VALID_SETUP,REJECT,PASS,N/A,NOT_SENT,SETUP_HUNTER
2026-06-15T15:52:23.107670+00:00,2026-06-15 16:52:23,2026-06-15 16:00 CASA,EURUSD,EURUSD,ORDER_FLOW_EXECUTION_AGENT,BUY,1.15962,1.15704,1.16349,1.5,99,A,80,True,OVERLAP,FAIL,75.0,FAIL,35.0,FAIL,ORDER_FLOW_BUY_LIQUIDITY_SWEEP_REVERSAL,TOP_DOWN_DATA_MISSING,ROUTER_BLOCKED,ACCEPT,PASS,BLOCK,NOT_SENT,SETUP_HUNTER
2026-06-15T15:52:26.832190+00:00,2026-06-15 16:52:26,2026-06-15 16:00 CASA,BTCUSD#,BTCUSD#,NONE,BUY,,,,,0,D,0,False,OVERLAP,,,,,,,NO_STRATEGY_SIGNAL,NO_VALID_SETUP,REJECT,PASS,N/A,NOT_SENT,SETUP_HUNTER
2026-06-15T15:52:27.594621+00:00,2026-06-15 16:52:27,2026-06-15 16:00 CASA,GOLD#,GOLD#,NONE,BUY,,,,,0,D,0,False,OVERLAP,,,,,,,NO_STRATEGY_SIGNAL,NO_VALID_SETUP,REJECT,PASS,N/A,NOT_SENT,SETUP_HUNTER
2026-06-15T15:52:28.095616+00:00,2026-06-15 16:52:28,2026-06-15 16:00 CASA,EURUSD,EURUSD,ORDER_FLOW_EXECUTION_AGENT,BUY,1.15962,1.15704,1.16349,1.5,99,A,80,True,OVERLAP,FAIL,75.0,FAIL,35.0,FAIL,ORDER_FLOW_BUY_LIQUIDITY_SWEEP_REVERSAL,TOP_DOWN_DATA_MISSING,ROUTER_BLOCKED,ACCEPT,PASS,BLOCK,NOT_SENT,SETUP_HUNTER
2026-06-15T15:52:31.863831+00:00,2026-06-15 16:52:31,2026-06-15 16:00 CASA,BTCUSD#,BTCUSD#,ORDER_FLOW_EXECUTION_AGENT,BUY,67186.8,64524.0157,71180.97645,1.5,100,A,85,True,OVERLAP,FAIL,60.0,FAIL,35.0,FAIL,ORDER_FLOW_BUY_VWAP_RECLAIM_REJECTION,TOP_DOWN_DATA_MISSING,ROUTER_BLOCKED,ACCEPT,PASS,BLOCK,NOT_SENT,SETUP_HUNTER
2026-06-15T15:52:32.705108+00:00,2026-06-15 16:52:32,2026-06-15 16:00 CASA,GOLD#,GOLD#,NONE,BUY,,,,,0,D,0,False,OVERLAP,,,,,,,NO_STRATEGY_SIGNAL,NO_VALID_SETUP,REJECT,PASS,N/A,NOT_SENT,SETUP_HUNTER
2026-06-15T15:52:34.127780+00:00,2026-06-15 16:52:34,2026-06-15 16:00 CASA,EURUSD,EURUSD,ORDER_FLOW_EXECUTION_AGENT,BUY,1.15961,1.15704,1.16346,1.5,99,A,80,True,OVERLAP,FAIL,75.0,FAIL,35.0,FAIL,ORDER_FLOW_BUY_LIQUIDITY_SWEEP_REVERSAL,TOP_DOWN_DATA_MISSING,ROUTER_BLOCKED,ACCEPT,PASS,BLOCK,NOT_SENT,SETUP_HUNTER
2026-06-15T15:52:36.847954+00:00,2026-06-15 16:52:36,2026-06-15 16:00 CASA,BTCUSD#,BTCUSD#,ORDER_FLOW_EXECUTION_AGENT,BUY,67209.6,64523.9929,71238.01065,1.5,100,A,85,True,OVERLAP,FAIL,60.0,FAIL,35.0,FAIL,ORDER_FLOW_BUY_VWAP_RECLAIM_REJECTION,TOP_DOWN_DATA_MISSING,ROUTER_BLOCKED,ACCEPT,PASS,BLOCK,NOT_SENT,SETUP_HUNTER
2026-06-15T15:52:37.626297+00:00,2026-06-15 16:52:37,2026-06-15 16:00 CASA,GOLD#,GOLD#,NONE,BUY,,,,,0,D,0,False,OVERLAP,,,,,,,NO_STRATEGY_SIGNAL,NO_VALID_SETUP,REJECT,PASS,N/A,NOT_SENT,SETUP_HUNTER
2026-06-15T15:52:38.140127+00:00,2026-06-15 16:52:38,2026-06-15 16:00 CASA,EURUSD,EURUSD,ORDER_FLOW_EXECUTION_AGENT,BUY,1.15963,1.15704,1.16351,1.5,99,A,80,True,OVERLAP,FAIL,75.0,FAIL,35.0,FAIL,ORDER_FLOW_BUY_LIQUIDITY_SWEEP_REVERSAL,TOP_DOWN_DATA_MISSING,ROUTER_BLOCKED,ACCEPT,PASS,BLOCK,NOT_SENT,SETUP_HUNTER
2026-06-15T15:52:41.881586+00:00,2026-06-15 16:52:41,2026-06-15 16:00 CASA,BTCUSD#,BTCUSD#,ORDER_FLOW_EXECUTION_AGENT,BUY,67238.7,64527.86463,71304.95305,1.5,100,A,85,True,OVERLAP,PASS,65.0,FAIL,60.0,FAIL,ORDER_FLOW_BUY_VWAP_RECLAIM_REJECTION,TOP_DOWN_DATA_MISSING,ROUTER_BLOCKED,ACCEPT,PASS,BLOCK,NOT_SENT,SETUP_HUNTER
2026-06-15T15:52:42.645862+00:00,2026-06-15 16:52:42,2026-06-15 16:00 CASA,GOLD#,GOLD#,NONE,BUY,,,,,0,D,0,False,OVERLAP,,,,,,,NO_STRATEGY_SIGNAL,NO_VALID_SETUP,REJECT,PASS,N/A,NOT_SENT,SETUP_HUNTER
2026-06-15T15:52:43.157237+00:00,2026-06-15 16:52:43,2026-06-15 16:00 CASA,EURUSD,EURUSD,ORDER_FLOW_EXECUTION_AGENT,BUY,1.15963,1.15704,1.16351,1.5,99,A,80,True,OVERLAP,FAIL,75.0,FAIL,35.0,FAIL,ORDER_FLOW_BUY_LIQUIDITY_SWEEP_REVERSAL,TOP_DOWN_DATA_MISSING,ROUTER_BLOCKED,ACCEPT,PASS,BLOCK,NOT_SENT,SETUP_HUNTER
2026-06-15T15:52:46.990748+00:00,2026-06-15 16:52:46,2026-06-15 16:00 CASA,BTCUSD#,BTCUSD#,ORDER_FLOW_EXECUTION_AGENT,BUY,67230.8,64531.61837,71279.57244,1.5,100,A,85,True,OVERLAP,PASS,70.0,FAIL,60.0,FAIL,ORDER_FLOW_BUY_VWAP_RECLAIM_REJECTION,TOP_DOWN_DATA_MISSING,ROUTER_BLOCKED,ACCEPT,PASS,BLOCK,NOT_SENT,SETUP_HUNTER
2026-06-15T15:52:47.815401+00:00,2026-06-15 16:52:47,2026-06-15 16:00 CASA,GOLD#,GOLD#,NONE,BUY,,,,,0,D,0,False,OVERLAP,,,,,,,NO_STRATEGY_SIGNAL,NO_VALID_SETUP,REJECT,PASS,N/A,NOT_SENT,SETUP_HUNTER
2026-06-15T15:52:48.300018+00:00,2026-06-15 16:52:48,2026-06-15 16:00 CASA,EURUSD,EURUSD,ORDER_FLOW_EXECUTION_AGENT,BUY,1.15966,1.15704,1.16359,1.5,99,A,80,True,OVERLAP,FAIL,75.0,FAIL,35.0,FAIL,ORDER_FLOW_BUY_LIQUIDITY_SWEEP_REVERSAL,TOP_DOWN_DATA_MISSING,ROUTER_BLOCKED,ACCEPT,PASS,BLOCK,NOT_SENT,SETUP_HUNTER
2026-06-15T15:52:52.045384+00:00,2026-06-15 16:52:52,2026-06-15 16:00 CASA,BTCUSD#,BTCUSD#,ORDER_FLOW_EXECUTION_AGENT,BUY,67240.6,64531.60857,71304.08715,1.5,100,A,85,True,OVERLAP,PASS,70.0,FAIL,60.0,FAIL,ORDER_FLOW_BUY_VWAP_RECLAIM_REJECTION,TOP_DOWN_DATA_MISSING,ROUTER_BLOCKED,ACCEPT,PASS,BLOCK,NOT_SENT,SETUP_HUNTER
2026-06-15T15:52:53.001693+00:00,2026-06-15 16:52:53,2026-06-15 16:00 CASA,GOLD#,GOLD#,NONE,BUY,,,,,0,D,0,False,OVERLAP,,,,,,,NO_STRATEGY_SIGNAL,NO_VALID_SETUP,REJECT,PASS,N/A,NOT_SENT,SETUP_HUNTER
2026-06-15T15:52:53.502437+00:00,2026-06-15 16:52:53,2026-06-15 16:00 CASA,EURUSD,EURUSD,ORDER_FLOW_EXECUTION_AGENT,BUY,1.15966,1.15704,1.16359,1.5,99,A,80,True,OVERLAP,FAIL,75.0,FAIL,35.0,FAIL,ORDER_FLOW_BUY_LIQUIDITY_SWEEP_REVERSAL,TOP_DOWN_DATA_MISSING,ROUTER_BLOCKED,ACCEPT,PASS,BLOCK,NOT_SENT,SETUP_HUNTER
2026-06-15T15:52:57.008653+00:00,2026-06-15 16:52:57,2026-06-15 16:00 CASA,BTCUSD#,BTCUSD#,ORDER_FLOW_EXECUTION_AGENT,BUY,67235.5,64531.61367,71291.32949,1.5,100,A,85,True,OVERLAP,PASS,70.0,FAIL,60.0,FAIL,ORDER_FLOW_BUY_VWAP_RECLAIM_REJECTION,TOP_DOWN_DATA_MISSING,ROUTER_BLOCKED,ACCEPT,PASS,BLOCK,NOT_SENT,SETUP_HUNTER
2026-06-15T15:52:57.831654+00:00,2026-06-15 16:52:57,2026-06-15 16:00 CASA,GOLD#,GOLD#,NONE,BUY,,,,,0,D,0,False,OVERLAP,,,,,,,NO_STRATEGY_SIGNAL,NO_VALID_SETUP,REJECT,PASS,N/A,NOT_SENT,SETUP_HUNTER
2026-06-15T15:52:58.356118+00:00,2026-06-15 16:52:58,2026-06-15 16:00 CASA,EURUSD,EURUSD,ORDER_FLOW_EXECUTION_AGENT,BUY,1.15966,1.15704,1.16359,1.5,99,A,80,True,OVERLAP,FAIL,75.0,FAIL,35.0,FAIL,ORDER_FLOW_BUY_LIQUIDITY_SWEEP_REVERSAL,TOP_DOWN_DATA_MISSING,ROUTER_BLOCKED,ACCEPT,PASS,BLOCK,NOT_SENT,SETUP_HUNTER
2026-06-15T15:53:01.951349+00:00,2026-06-15 16:53:01,2026-06-15 16:00 CASA,BTCUSD#,BTCUSD#,ORDER_FLOW_EXECUTION_AGENT,BUY,67229.9,64531.61927,71277.32109,1.5,100,A,85,True,OVERLAP,FAIL,65.0,FAIL,60.0,FAIL,ORDER_FLOW_BUY_VWAP_RECLAIM_REJECTION,TOP_DOWN_DATA_MISSING,ROUTER_BLOCKED,ACCEPT,PASS,BLOCK,NOT_SENT,SETUP_HUNTER
2026-06-15T15:53:02.835041+00:00,2026-06-15 16:53:02,2026-06-15 16:00 CASA,GOLD#,GOLD#,NONE,BUY,,,,,0,D,0,False,OVERLAP,,,,,,,NO_STRATEGY_SIGNAL,NO_VALID_SETUP,REJECT,PASS,N/A,NOT_SENT,SETUP_HUNTER
2026-06-15T15:53:03.426957+00:00,2026-06-15 16:53:03,2026-06-15 16:00 CASA,EURUSD,EURUSD,ORDER_FLOW_EXECUTION_AGENT,BUY,1.15966,1.15704,1.16359,1.5,99,A,80,True,OVERLAP,FAIL,75.0,FAIL,35.0,FAIL,ORDER_FLOW_BUY_LIQUIDITY_SWEEP_REVERSAL,TOP_DOWN_DATA_MISSING,ROUTER_BLOCKED,ACCEPT,PASS,BLOCK,NOT_SENT,SETUP_HUNTER
2026-06-15T15:53:06.910102+00:00,2026-06-15 16:53:06,2026-06-15 16:00 CASA,BTCUSD#,BTCUSD#,ORDER_FLOW_EXECUTION_AGENT,BUY,67226.4,64531.62277,71268.56584,1.5,100,A,85,True,OVERLAP,FAIL,65.0,FAIL,60.0,FAIL,ORDER_FLOW_BUY_VWAP_RECLAIM_REJECTION,TOP_DOWN_DATA_MISSING,ROUTER_BLOCKED,ACCEPT,PASS,BLOCK,NOT_SENT,SETUP_HUNTER
2026-06-15T15:53:07.866270+00:00,2026-06-15 16:53:07,2026-06-15 16:00 CASA,GOLD#,GOLD#,NONE,BUY,,,,,0,D,0,False,OVERLAP,,,,,,,NO_STRATEGY_SIGNAL,NO_VALID_SETUP,REJECT,PASS,N/A,NOT_SENT,SETUP_HUNTER
2026-06-15T15:53:08.374685+00:00,2026-06-15 16:53:08,2026-06-15 16:00 CASA,EURUSD,EURUSD,ORDER_FLOW_EXECUTION_AGENT,BUY,1.15964,1.15704,1.16354,1.5,99,A,80,True,OVERLAP,FAIL,75.0,FAIL,35.0,FAIL,ORDER_FLOW_BUY_LIQUIDITY_SWEEP_REVERSAL,TOP_DOWN_DATA_MISSING,ROUTER_BLOCKED,ACCEPT,PASS,BLOCK,NOT_SENT,SETUP_HUNTER
2026-06-15T15:53:11.913093+00:00,2026-06-15 16:53:11,2026-06-15 16:00 CASA,BTCUSD#,BTCUSD#,ORDER_FLOW_EXECUTION_AGENT,BUY,67242.8,64531.60637,71309.59045,1.5,100,A,85,True,OVERLAP,FAIL,65.0,FAIL,60.0,FAIL,ORDER_FLOW_BUY_VWAP_RECLAIM_REJECTION,TOP_DOWN_DATA_MISSING,ROUTER_BLOCKED,ACCEPT,PASS,BLOCK,NOT_SENT,SETUP_HUNTER
2026-06-15T15:53:12.706974+00:00,2026-06-15 16:53:12,2026-06-15 16:00 CASA,GOLD#,GOLD#,NONE,BUY,,,,,0,D,0,False,OVERLAP,,,,,,,NO_STRATEGY_SIGNAL,NO_VALID_SETUP,REJECT,PASS,N/A,NOT_SENT,SETUP_HUNTER
2026-06-15T15:53:13.314066+00:00,2026-06-15 16:53:13,2026-06-15 16:00 CASA,EURUSD,EURUSD,ORDER_FLOW_EXECUTION_AGENT,BUY,1.15966,1.15704,1.16359,1.5,94,A,80,True,OVERLAP,FAIL,45.0,FAIL,0.0,FAIL,ORDER_FLOW_BUY_LIQUIDITY_SWEEP_REVERSAL,TOP_DOWN_DATA_MISSING,ROUTER_BLOCKED,ACCEPT,PASS,BLOCK,NOT_SENT,SETUP_HUNTER
2026-06-15T15:53:16.956170+00:00,2026-06-15 16:53:16,2026-06-15 16:00 CASA,BTCUSD#,BTCUSD#,ORDER_FLOW_EXECUTION_AGENT,BUY,67228.5,64531.62067,71273.81899,1.5,100,A,85,True,OVERLAP,FAIL,65.0,FAIL,60.0,FAIL,ORDER_FLOW_BUY_VWAP_RECLAIM_REJECTION,TOP_DOWN_DATA_MISSING,ROUTER_BLOCKED,ACCEPT,PASS,BLOCK,NOT_SENT,SETUP_HUNTER
2026-06-15T15:53:17.769003+00:00,2026-06-15 16:53:17,2026-06-15 16:00 CASA,GOLD#,GOLD#,NONE,BUY,,,,,0,D,0,False,OVERLAP,,,,,,,NO_STRATEGY_SIGNAL,NO_VALID_SETUP,REJECT,PASS,N/A,NOT_SENT,SETUP_HUNTER
2026-06-15T15:53:18.346204+00:00,2026-06-15 16:53:18,2026-06-15 16:00 CASA,EURUSD,EURUSD,ORDER_FLOW_EXECUTION_AGENT,BUY,1.15968,1.15704,1.16364,1.5,97,A,80,True,OVERLAP,FAIL,45.0,FAIL,40.0,FAIL,ORDER_FLOW_BUY_LIQUIDITY_SWEEP_REVERSAL,TOP_DOWN_DATA_MISSING,ROUTER_BLOCKED,ACCEPT,PASS,BLOCK,NOT_SENT,SETUP_HUNTER
2026-06-15T15:53:22.018487+00:00,2026-06-15 16:53:22,2026-06-15 16:00 CASA,BTCUSD#,BTCUSD#,ORDER_FLOW_EXECUTION_AGENT,BUY,67234.8,64531.61437,71289.57845,1.5,100,A,85,True,OVERLAP,FAIL,65.0,FAIL,60.0,FAIL,ORDER_FLOW_BUY_VWAP_RECLAIM_REJECTION,TOP_DOWN_DATA_MISSING,ROUTER_BLOCKED,ACCEPT,PASS,BLOCK,NOT_SENT,SETUP_HUNTER
2026-06-15T15:53:22.855355+00:00,2026-06-15 16:53:22,2026-06-15 16:00 CASA,GOLD#,GOLD#,NONE,BUY,,,,,0,D,0,False,OVERLAP,,,,,,,NO_STRATEGY_SIGNAL,NO_VALID_SETUP,REJECT,PASS,N/A,NOT_SENT,SETUP_HUNTER
2026-06-15T15:53:23.343955+00:00,2026-06-15 16:53:23,2026-06-15 16:00 CASA,EURUSD,EURUSD,ORDER_FLOW_EXECUTION_AGENT,BUY,1.15969,1.15704,1.16366,1.5,97,A,80,True,OVERLAP,FAIL,45.0,FAIL,40.0,FAIL,ORDER_FLOW_BUY_LIQUIDITY_SWEEP_REVERSAL,TOP_DOWN_DATA_MISSING,ROUTER_BLOCKED,ACCEPT,PASS,BLOCK,NOT_SENT,SETUP_HUNTER
2026-06-15T15:53:26.900302+00:00,2026-06-15 16:53:26,2026-06-15 16:00 CASA,BTCUSD#,BTCUSD#,ORDER_FLOW_EXECUTION_AGENT,BUY,67240.7,64531.60847,71304.33729,1.5,100,A,85,True,OVERLAP,FAIL,65.0,FAIL,60.0,FAIL,ORDER_FLOW_BUY_VWAP_RECLAIM_REJECTION,TOP_DOWN_DATA_MISSING,ROUTER_BLOCKED,ACCEPT,PASS,BLOCK,NOT_SENT,SETUP_HUNTER
2026-06-15T15:53:27.740373+00:00,2026-06-15 16:53:27,2026-06-15 16:00 CASA,GOLD#,GOLD#,NONE,BUY,,,,,0,D,0,False,OVERLAP,,,,,,,NO_STRATEGY_SIGNAL,NO_VALID_SETUP,REJECT,PASS,N/A,NOT_SENT,SETUP_HUNTER
2026-06-15T15:53:28.706732+00:00,2026-06-15 16:53:28,2026-06-15 16:00 CASA,EURUSD,EURUSD,ORDER_FLOW_EXECUTION_AGENT,BUY,1.15969,1.15704,1.16366,1.5,97,A,80,True,OVERLAP,FAIL,45.0,FAIL,40.0,FAIL,ORDER_FLOW_BUY_LIQUIDITY_SWEEP_REVERSAL,TOP_DOWN_DATA_MISSING,ROUTER_BLOCKED,ACCEPT,PASS,BLOCK,NOT_SENT,SETUP_HUNTER
2026-06-15T15:53:31.945563+00:00,2026-06-15 16:53:31,2026-06-15 16:00 CASA,BTCUSD#,BTCUSD#,ORDER_FLOW_EXECUTION_AGENT,BUY,67236.2,64531.61297,71293.08054,1.5,100,A,85,True,OVERLAP,FAIL,65.0,FAIL,60.0,FAIL,ORDER_FLOW_BUY_VWAP_RECLAIM_REJECTION,TOP_DOWN_DATA_MISSING,ROUTER_BLOCKED,ACCEPT,PASS,BLOCK,NOT_SENT,SETUP_HUNTER
2026-06-15T15:53:32.820266+00:00,2026-06-15 16:53:32,2026-06-15 16:00 CASA,GOLD#,GOLD#,NONE,BUY,,,,,0,D,0,False,OVERLAP,,,,,,,NO_STRATEGY_SIGNAL,NO_VALID_SETUP,REJECT,PASS,N/A,NOT_SENT,SETUP_HUNTER
2026-06-15T15:53:33.368585+00:00,2026-06-15 16:53:33,2026-06-15 16:00 CASA,EURUSD,EURUSD,ORDER_FLOW_EXECUTION_AGENT,BUY,1.15969,1.15704,1.16366,1.5,97,A,80,True,OVERLAP,FAIL,45.0,FAIL,40.0,FAIL,ORDER_FLOW_BUY_LIQUIDITY_SWEEP_REVERSAL,TOP_DOWN_DATA_MISSING,ROUTER_BLOCKED,ACCEPT,PASS,BLOCK,NOT_SENT,SETUP_HUNTER
2026-06-15T15:53:36.901049+00:00,2026-06-15 16:53:36,2026-06-15 16:00 CASA,BTCUSD#,BTCUSD#,ORDER_FLOW_EXECUTION_AGENT,BUY,67240.4,64531.60877,71303.58684,1.5,100,A,85,True,OVERLAP,FAIL,65.0,FAIL,60.0,FAIL,ORDER_FLOW_BUY_VWAP_RECLAIM_REJECTION,TOP_DOWN_DATA_MISSING,ROUTER_BLOCKED,ACCEPT,PASS,BLOCK,NOT_SENT,SETUP_HUNTER
2026-06-15T15:53:37.710603+00:00,2026-06-15 16:53:37,2026-06-15 16:00 CASA,GOLD#,GOLD#,NONE,BUY,,,,,0,D,0,False,OVERLAP,,,,,,,NO_STRATEGY_SIGNAL,NO_VALID_SETUP,REJECT,PASS,N/A,NOT_SENT,SETUP_HUNTER
2026-06-15T15:53:38.214564+00:00,2026-06-15 16:53:38,2026-06-15 16:00 CASA,EURUSD,EURUSD,ORDER_FLOW_EXECUTION_AGENT,BUY,1.15969,1.15704,1.16366,1.5,97,A,80,True,OVERLAP,FAIL,45.0,FAIL,40.0,FAIL,ORDER_FLOW_BUY_LIQUIDITY_SWEEP_REVERSAL,TOP_DOWN_DATA_MISSING,ROUTER_BLOCKED,ACCEPT,PASS,BLOCK,NOT_SENT,SETUP_HUNTER
2026-06-15T15:53:41.904880+00:00,2026-06-15 16:53:41,2026-06-15 16:00 CASA,BTCUSD#,BTCUSD#,ORDER_FLOW_EXECUTION_AGENT,BUY,67245.3,64531.60387,71315.8442,1.5,100,A,85,True,OVERLAP,FAIL,65.0,FAIL,60.0,FAIL,ORDER_FLOW_BUY_VWAP_RECLAIM_REJECTION,TOP_DOWN_DATA_MISSING,ROUTER_BLOCKED,ACCEPT,PASS,BLOCK,NOT_SENT,SETUP_HUNTER
2026-06-15T15:53:42.709404+00:00,2026-06-15 16:53:42,2026-06-15 16:00 CASA,GOLD#,GOLD#,NONE,BUY,,,,,0,D,0,False,OVERLAP,,,,,,,NO_STRATEGY_SIGNAL,NO_VALID_SETUP,REJECT,PASS,N/A,NOT_SENT,SETUP_HUNTER
2026-06-15T15:53:43.199753+00:00,2026-06-15 16:53:43,2026-06-15 16:00 CASA,EURUSD,EURUSD,ORDER_FLOW_EXECUTION_AGENT,BUY,1.15968,1.15704,1.16364,1.5,97,A,80,True,OVERLAP,FAIL,45.0,FAIL,40.0,FAIL,ORDER_FLOW_BUY_LIQUIDITY_SWEEP_REVERSAL,TOP_DOWN_DATA_MISSING,ROUTER_BLOCKED,ACCEPT,PASS,BLOCK,NOT_SENT,SETUP_HUNTER
2026-06-15T15:53:46.880746+00:00,2026-06-15 16:53:46,2026-06-15 16:00 CASA,BTCUSD#,BTCUSD#,ORDER_FLOW_EXECUTION_AGENT,BUY,67237.1,64531.61207,71295.3319,1.5,100,A,85,True,OVERLAP,FAIL,65.0,FAIL,60.0,FAIL,ORDER_FLOW_BUY_VWAP_RECLAIM_REJECTION,TOP_DOWN_DATA_MISSING,ROUTER_BLOCKED,ACCEPT,PASS,BLOCK,NOT_SENT,SETUP_HUNTER
2026-06-15T15:53:47.664124+00:00,2026-06-15 16:53:47,2026-06-15 16:00 CASA,GOLD#,GOLD#,NONE,BUY,,,,,0,D,0,False,OVERLAP,,,,,,,NO_STRATEGY_SIGNAL,NO_VALID_SETUP,REJECT,PASS,N/A,NOT_SENT,SETUP_HUNTER
2026-06-15T15:53:48.181463+00:00,2026-06-15 16:53:48,2026-06-15 16:00 CASA,EURUSD,EURUSD,ORDER_FLOW_EXECUTION_AGENT,BUY,1.15968,1.15704,1.16364,1.5,97,A,80,True,OVERLAP,FAIL,45.0,FAIL,40.0,FAIL,ORDER_FLOW_BUY_LIQUIDITY_SWEEP_REVERSAL,TOP_DOWN_DATA_MISSING,ROUTER_BLOCKED,ACCEPT,PASS,BLOCK,NOT_SENT,SETUP_HUNTER
2026-06-15T15:53:51.884045+00:00,2026-06-15 16:53:51,2026-06-15 16:00 CASA,BTCUSD#,BTCUSD#,ORDER_FLOW_EXECUTION_AGENT,BUY,67244.0,64531.60517,71312.59224,1.5,100,A,85,True,OVERLAP,FAIL,65.0,FAIL,60.0,FAIL,ORDER_FLOW_BUY_VWAP_RECLAIM_REJECTION,TOP_DOWN_DATA_MISSING,ROUTER_BLOCKED,ACCEPT,PASS,BLOCK,NOT_SENT,SETUP_HUNTER
2026-06-15T15:53:52.699246+00:00,2026-06-15 16:53:52,2026-06-15 16:00 CASA,GOLD#,GOLD#,NONE,BUY,,,,,0,D,0,False,OVERLAP,,,,,,,NO_STRATEGY_SIGNAL,NO_VALID_SETUP,REJECT,PASS,N/A,NOT_SENT,SETUP_HUNTER
2026-06-15T15:53:53.208645+00:00,2026-06-15 16:53:53,2026-06-15 16:00 CASA,EURUSD,EURUSD,ORDER_FLOW_EXECUTION_AGENT,BUY,1.15968,1.15704,1.16364,1.5,97,A,80,True,OVERLAP,FAIL,45.0,FAIL,40.0,FAIL,ORDER_FLOW_BUY_LIQUIDITY_SWEEP_REVERSAL,TOP_DOWN_DATA_MISSING,ROUTER_BLOCKED,ACCEPT,PASS,BLOCK,NOT_SENT,SETUP_HUNTER
2026-06-15T15:53:56.931438+00:00,2026-06-15 16:53:56,2026-06-15 16:00 CASA,BTCUSD#,BTCUSD#,ORDER_FLOW_EXECUTION_AGENT,BUY,67244.0,64531.60517,71312.59224,1.5,100,A,85,True,OVERLAP,FAIL,65.0,FAIL,60.0,FAIL,ORDER_FLOW_BUY_VWAP_RECLAIM_REJECTION,TOP_DOWN_DATA_MISSING,ROUTER_BLOCKED,ACCEPT,PASS,BLOCK,NOT_SENT,SETUP_HUNTER
2026-06-15T15:53:57.775429+00:00,2026-06-15 16:53:57,2026-06-15 16:00 CASA,GOLD#,GOLD#,NONE,BUY,,,,,0,D,0,False,OVERLAP,,,,,,,NO_STRATEGY_SIGNAL,NO_VALID_SETUP,REJECT,PASS,N/A,NOT_SENT,SETUP_HUNTER
2026-06-15T15:53:58.273862+00:00,2026-06-15 16:53:58,2026-06-15 16:00 CASA,EURUSD,EURUSD,ORDER_FLOW_EXECUTION_AGENT,BUY,1.15968,1.15704,1.16364,1.5,97,A,80,True,OVERLAP,FAIL,45.0,FAIL,40.0,FAIL,ORDER_FLOW_BUY_LIQUIDITY_SWEEP_REVERSAL,TOP_DOWN_DATA_MISSING,ROUTER_BLOCKED,ACCEPT,PASS,BLOCK,NOT_SENT,SETUP_HUNTER
2026-06-15T15:54:01.959490+00:00,2026-06-15 16:54:01,2026-06-15 16:00 CASA,BTCUSD#,BTCUSD#,ORDER_FLOW_EXECUTION_AGENT,BUY,67253.5,64531.67317,71336.24024,1.5,100,A,85,True,OVERLAP,FAIL,60.0,FAIL,60.0,FAIL,ORDER_FLOW_BUY_VWAP_RECLAIM_REJECTION,TOP_DOWN_DATA_MISSING,ROUTER_BLOCKED,ACCEPT,PASS,BLOCK,NOT_SENT,SETUP_HUNTER
2026-06-15T15:54:02.762479+00:00,2026-06-15 16:54:02,2026-06-15 16:00 CASA,GOLD#,GOLD#,NONE,BUY,,,,,0,D,0,False,OVERLAP,,,,,,,NO_STRATEGY_SIGNAL,NO_VALID_SETUP,REJECT,PASS,N/A,NOT_SENT,SETUP_HUNTER
2026-06-15T15:54:03.309677+00:00,2026-06-15 16:54:03,2026-06-15 16:00 CASA,EURUSD,EURUSD,ORDER_FLOW_EXECUTION_AGENT,BUY,1.15967,1.15704,1.16361,1.5,94,A,80,True,OVERLAP,FAIL,45.0,FAIL,0.0,FAIL,ORDER_FLOW_BUY_LIQUIDITY_SWEEP_REVERSAL,TOP_DOWN_DATA_MISSING,ROUTER_BLOCKED,ACCEPT,PASS,BLOCK,NOT_SENT,SETUP_HUNTER
2026-06-15T15:54:06.898734+00:00,2026-06-15 16:54:06,2026-06-15 16:00 CASA,BTCUSD#,BTCUSD#,ORDER_FLOW_EXECUTION_AGENT,BUY,67260.7,63696.6993,72606.70105,1.5,100,A,85,True,OVERLAP,PASS,65.0,FAIL,60.0,FAIL,ORDER_FLOW_BUY_VWAP_RECLAIM_REJECTION,TOP_DOWN_DATA_MISSING,ROUTER_BLOCKED,ACCEPT,PASS,BLOCK,NOT_SENT,SETUP_HUNTER
2026-06-15T15:54:07.672475+00:00,2026-06-15 16:54:07,2026-06-15 16:00 CASA,GOLD#,GOLD#,NONE,BUY,,,,,0,D,0,False,OVERLAP,,,,,,,NO_STRATEGY_SIGNAL,NO_VALID_SETUP,REJECT,PASS,N/A,NOT_SENT,SETUP_HUNTER
2026-06-15T15:54:08.195260+00:00,2026-06-15 16:54:08,2026-06-15 16:00 CASA,EURUSD,EURUSD,ORDER_FLOW_EXECUTION_AGENT,BUY,1.15967,1.15704,1.16361,1.5,94,A,80,True,OVERLAP,FAIL,45.0,FAIL,0.0,FAIL,ORDER_FLOW_BUY_LIQUIDITY_SWEEP_REVERSAL,TOP_DOWN_DATA_MISSING,ROUTER_BLOCKED,ACCEPT,PASS,BLOCK,NOT_SENT,SETUP_HUNTER
2026-06-15T15:54:11.923154+00:00,2026-06-15 16:54:11,2026-06-15 16:00 CASA,BTCUSD#,BTCUSD#,ORDER_FLOW_EXECUTION_AGENT,BUY,67255.2,63696.7048,72592.9428,1.5,100,A,85,True,OVERLAP,PASS,70.0,FAIL,60.0,FAIL,ORDER_FLOW_BUY_VWAP_RECLAIM_REJECTION,TOP_DOWN_DATA_MISSING,ROUTER_BLOCKED,ACCEPT,PASS,BLOCK,NOT_SENT,SETUP_HUNTER
2026-06-15T15:54:12.758343+00:00,2026-06-15 16:54:12,2026-06-15 16:00 CASA,GOLD#,GOLD#,NONE,BUY,,,,,0,D,0,False,OVERLAP,,,,,,,NO_STRATEGY_SIGNAL,NO_VALID_SETUP,REJECT,PASS,N/A,NOT_SENT,SETUP_HUNTER
2026-06-15T15:54:13.256512+00:00,2026-06-15 16:54:13,2026-06-15 16:00 CASA,EURUSD,EURUSD,ORDER_FLOW_EXECUTION_AGENT,BUY,1.15966,1.15704,1.16359,1.5,99,A,80,True,OVERLAP,FAIL,75.0,FAIL,35.0,FAIL,ORDER_FLOW_BUY_LIQUIDITY_SWEEP_REVERSAL,TOP_DOWN_DATA_MISSING,ROUTER_BLOCKED,ACCEPT,PASS,BLOCK,NOT_SENT,SETUP_HUNTER
2026-06-15T15:54:16.875865+00:00,2026-06-15 16:54:16,2026-06-15 16:00 CASA,BTCUSD#,BTCUSD#,ORDER_FLOW_EXECUTION_AGENT,BUY,67269.0,63696.8985,72627.15225,1.5,100,A,85,True,OVERLAP,PASS,65.0,FAIL,60.0,FAIL,ORDER_FLOW_BUY_VWAP_RECLAIM_REJECTION,TOP_DOWN_DATA_MISSING,ROUTER_BLOCKED,ACCEPT,PASS,BLOCK,NOT_SENT,SETUP_HUNTER
2026-06-15T15:54:17.861414+00:00,2026-06-15 16:54:17,2026-06-15 16:00 CASA,GOLD#,GOLD#,NONE,BUY,,,,,0,D,0,False,OVERLAP,,,,,,,NO_STRATEGY_SIGNAL,NO_VALID_SETUP,REJECT,PASS,N/A,NOT_SENT,SETUP_HUNTER
2026-06-15T15:54:18.369122+00:00,2026-06-15 16:54:18,2026-06-15 16:00 CASA,EURUSD,EURUSD,ORDER_FLOW_EXECUTION_AGENT,BUY,1.15968,1.15704,1.16364,1.5,97,A,80,True,OVERLAP,FAIL,45.0,FAIL,40.0,FAIL,ORDER_FLOW_BUY_LIQUIDITY_SWEEP_REVERSAL,TOP_DOWN_DATA_MISSING,ROUTER_BLOCKED,ACCEPT,PASS,BLOCK,NOT_SENT,SETUP_HUNTER
2026-06-15T15:54:22.330039+00:00,2026-06-15 16:54:22,2026-06-15 16:00 CASA,BTCUSD#,BTCUSD#,ORDER_FLOW_EXECUTION_AGENT,BUY,67269.0,63696.8985,72627.15225,1.5,100,A,85,True,OVERLAP,PASS,65.0,FAIL,60.0,FAIL,ORDER_FLOW_BUY_VWAP_RECLAIM_REJECTION,TOP_DOWN_DATA_MISSING,ROUTER_BLOCKED,ACCEPT,PASS,BLOCK,NOT_SENT,SETUP_HUNTER
2026-06-15T15:54:23.810850+00:00,2026-06-15 16:54:23,2026-06-15 16:00 CASA,GOLD#,GOLD#,NONE,BUY,,,,,0,D,0,False,OVERLAP,,,,,,,NO_STRATEGY_SIGNAL,NO_VALID_SETUP,REJECT,PASS,N/A,NOT_SENT,SETUP_HUNTER
2026-06-15T15:54:24.912229+00:00,2026-06-15 16:54:24,2026-06-15 16:00 CASA,EURUSD,EURUSD,ORDER_FLOW_EXECUTION_AGENT,BUY,1.15967,1.15704,1.16361,1.5,94,A,80,True,OVERLAP,FAIL,45.0,FAIL,0.0,FAIL,ORDER_FLOW_BUY_LIQUIDITY_SWEEP_REVERSAL,TOP_DOWN_DATA_MISSING,ROUTER_BLOCKED,ACCEPT,PASS,BLOCK,NOT_SENT,SETUP_HUNTER
2026-06-15T15:54:27.209780+00:00,2026-06-15 16:54:27,2026-06-15 16:00 CASA,BTCUSD#,BTCUSD#,ORDER_FLOW_EXECUTION_AGENT,BUY,67264.8,63696.9027,72616.64595,1.5,100,A,85,True,OVERLAP,PASS,70.0,FAIL,60.0,FAIL,ORDER_FLOW_BUY_VWAP_RECLAIM_REJECTION,TOP_DOWN_DATA_MISSING,ROUTER_BLOCKED,ACCEPT,PASS,BLOCK,NOT_SENT,SETUP_HUNTER
2026-06-15T15:54:29.239518+00:00,2026-06-15 16:54:29,2026-06-15 16:00 CASA,GOLD#,GOLD#,NONE,BUY,,,,,0,D,0,False,OVERLAP,,,,,,,NO_STRATEGY_SIGNAL,NO_VALID_SETUP,REJECT,PASS,N/A,NOT_SENT,SETUP_HUNTER
2026-06-15T15:54:30.301291+00:00,2026-06-15 16:54:30,2026-06-15 16:00 CASA,EURUSD,EURUSD,ORDER_FLOW_EXECUTION_AGENT,BUY,1.1597,1.15704,1.16369,1.5,98,A,80,True,OVERLAP,FAIL,50.0,FAIL,40.0,FAIL,ORDER_FLOW_BUY_LIQUIDITY_SWEEP_REVERSAL,TOP_DOWN_DATA_MISSING,ROUTER_BLOCKED,ACCEPT,PASS,BLOCK,NOT_SENT,SETUP_HUNTER
2026-06-15T15:54:32.582392+00:00,2026-06-15 16:54:32,2026-06-15 16:00 CASA,BTCUSD#,BTCUSD#,ORDER_FLOW_EXECUTION_AGENT,BUY,67234.8,63696.9327,72541.60095,1.5,100,A,85,True,OVERLAP,FAIL,65.0,FAIL,60.0,FAIL,ORDER_FLOW_BUY_VWAP_RECLAIM_REJECTION,TOP_DOWN_DATA_MISSING,ROUTER_BLOCKED,ACCEPT,PASS,BLOCK,NOT_SENT,SETUP_HUNTER
2026-06-15T15:54:33.810825+00:00,2026-06-15 16:54:33,2026-06-15 16:00 CASA,GOLD#,GOLD#,NONE,BUY,,,,,0,D,0,False,OVERLAP,,,,,,,NO_STRATEGY_SIGNAL,NO_VALID_SETUP,REJECT,PASS,N/A,NOT_SENT,SETUP_HUNTER
2026-06-15T15:54:35.002718+00:00,2026-06-15 16:54:35,2026-06-15 16:00 CASA,EURUSD,EURUSD,ORDER_FLOW_EXECUTION_AGENT,BUY,1.15968,1.15704,1.16364,1.5,97,A,80,True,OVERLAP,FAIL,45.0,FAIL,40.0,FAIL,ORDER_FLOW_BUY_LIQUIDITY_SWEEP_REVERSAL,TOP_DOWN_DATA_MISSING,ROUTER_BLOCKED,ACCEPT,PASS,BLOCK,NOT_SENT,SETUP_HUNTER
2026-06-15T15:54:37.151587+00:00,2026-06-15 16:54:37,2026-06-15 16:00 CASA,BTCUSD#,BTCUSD#,ORDER_FLOW_EXECUTION_AGENT,BUY,67257.5,63696.91,72598.385,1.5,100,A,85,True,OVERLAP,PASS,70.0,FAIL,60.0,FAIL,ORDER_FLOW_BUY_VWAP_RECLAIM_REJECTION,TOP_DOWN_DATA_MISSING,ROUTER_BLOCKED,ACCEPT,PASS,BLOCK,NOT_SENT,SETUP_HUNTER
2026-06-15T15:54:38.023045+00:00,2026-06-15 16:54:38,2026-06-15 16:00 CASA,GOLD#,GOLD#,NONE,BUY,,,,,0,D,0,False,OVERLAP,,,,,,,NO_STRATEGY_SIGNAL,NO_VALID_SETUP,REJECT,PASS,N/A,NOT_SENT,SETUP_HUNTER
2026-06-15T15:54:38.584233+00:00,2026-06-15 16:54:38,2026-06-15 16:00 CASA,EURUSD,EURUSD,ORDER_FLOW_EXECUTION_AGENT,BUY,1.15967,1.15704,1.16361,1.5,94,A,80,True,OVERLAP,FAIL,45.0,FAIL,0.0,FAIL,ORDER_FLOW_BUY_LIQUIDITY_SWEEP_REVERSAL,TOP_DOWN_DATA_MISSING,ROUTER_BLOCKED,ACCEPT,PASS,BLOCK,NOT_SENT,SETUP_HUNTER
2026-06-15T15:54:42.205285+00:00,2026-06-15 16:54:42,2026-06-15 16:00 CASA,BTCUSD#,BTCUSD#,ORDER_FLOW_EXECUTION_AGENT,BUY,67250.8,63696.9167,72581.62495,1.5,100,A,85,True,OVERLAP,FAIL,65.0,FAIL,60.0,FAIL,ORDER_FLOW_BUY_VWAP_RECLAIM_REJECTION,TOP_DOWN_DATA_MISSING,ROUTER_BLOCKED,ACCEPT,PASS,BLOCK,NOT_SENT,SETUP_HUNTER
2026-06-15T15:54:43.050137+00:00,2026-06-15 16:54:43,2026-06-15 16:00 CASA,GOLD#,GOLD#,NONE,BUY,,,,,0,D,0,False,OVERLAP,,,,,,,NO_STRATEGY_SIGNAL,NO_VALID_SETUP,REJECT,PASS,N/A,NOT_SENT,SETUP_HUNTER
2026-06-15T15:54:43.553706+00:00,2026-06-15 16:54:43,2026-06-15 16:00 CASA,EURUSD,EURUSD,ORDER_FLOW_EXECUTION_AGENT,BUY,1.15967,1.15704,1.16361,1.5,94,A,80,True,OVERLAP,FAIL,45.0,FAIL,0.0,FAIL,ORDER_FLOW_BUY_LIQUIDITY_SWEEP_REVERSAL,TOP_DOWN_DATA_MISSING,ROUTER_BLOCKED,ACCEPT,PASS,BLOCK,NOT_SENT,SETUP_HUNTER
2026-06-15T15:54:47.247211+00:00,2026-06-15 16:54:47,2026-06-15 16:00 CASA,BTCUSD#,BTCUSD#,ORDER_FLOW_EXECUTION_AGENT,BUY,67244.65,63696.92285,72566.24072,1.5,100,A,85,True,OVERLAP,FAIL,65.0,FAIL,60.0,FAIL,ORDER_FLOW_BUY_VWAP_RECLAIM_REJECTION,TOP_DOWN_DATA_MISSING,ROUTER_BLOCKED,ACCEPT,PASS,BLOCK,NOT_SENT,SETUP_HUNTER
2026-06-15T15:54:48.057169+00:00,2026-06-15 16:54:48,2026-06-15 16:00 CASA,GOLD#,GOLD#,NONE,BUY,,,,,0,D,0,False,OVERLAP,,,,,,,NO_STRATEGY_SIGNAL,NO_VALID_SETUP,REJECT,PASS,N/A,NOT_SENT,SETUP_HUNTER
2026-06-15T15:54:48.584937+00:00,2026-06-15 16:54:48,2026-06-15 16:00 CASA,EURUSD,EURUSD,ORDER_FLOW_EXECUTION_AGENT,BUY,1.15969,1.15704,1.16366,1.5,97,A,80,True,OVERLAP,FAIL,45.0,FAIL,40.0,FAIL,ORDER_FLOW_BUY_LIQUIDITY_SWEEP_REVERSAL,TOP_DOWN_DATA_MISSING,ROUTER_BLOCKED,ACCEPT,PASS,BLOCK,NOT_SENT,SETUP_HUNTER
2026-06-15T15:54:52.230920+00:00,2026-06-15 16:54:52,2026-06-15 16:00 CASA,BTCUSD#,BTCUSD#,ORDER_FLOW_EXECUTION_AGENT,BUY,67229.3,63696.9382,72527.8427,1.5,100,A,85,True,OVERLAP,FAIL,65.0,FAIL,60.0,FAIL,ORDER_FLOW_BUY_VWAP_RECLAIM_REJECTION,TOP_DOWN_DATA_MISSING,ROUTER_BLOCKED,ACCEPT,PASS,BLOCK,NOT_SENT,SETUP_HUNTER
2026-06-15T15:54:53.198999+00:00,2026-06-15 16:54:53,2026-06-15 16:00 CASA,GOLD#,GOLD#,NONE,BUY,,,,,0,D,0,False,OVERLAP,,,,,,,NO_STRATEGY_SIGNAL,NO_VALID_SETUP,REJECT,PASS,N/A,NOT_SENT,SETUP_HUNTER
2026-06-15T15:54:53.747110+00:00,2026-06-15 16:54:53,2026-06-15 16:00 CASA,EURUSD,EURUSD,ORDER_FLOW_EXECUTION_AGENT,BUY,1.15969,1.15704,1.16366,1.5,97,A,80,True,OVERLAP,FAIL,45.0,FAIL,40.0,FAIL,ORDER_FLOW_BUY_LIQUIDITY_SWEEP_REVERSAL,TOP_DOWN_DATA_MISSING,ROUTER_BLOCKED,ACCEPT,PASS,BLOCK,NOT_SENT,SETUP_HUNTER
2026-06-15T15:54:57.167189+00:00,2026-06-15 16:54:57,2026-06-15 16:00 CASA,BTCUSD#,BTCUSD#,ORDER_FLOW_EXECUTION_AGENT,BUY,67236.7,63696.9308,72546.3538,1.5,100,A,85,True,OVERLAP,FAIL,65.0,FAIL,60.0,FAIL,ORDER_FLOW_BUY_VWAP_RECLAIM_REJECTION,TOP_DOWN_DATA_MISSING,ROUTER_BLOCKED,ACCEPT,PASS,BLOCK,NOT_SENT,SETUP_HUNTER
2026-06-15T15:54:58.020325+00:00,2026-06-15 16:54:58,2026-06-15 16:00 CASA,GOLD#,GOLD#,NONE,BUY,,,,,0,D,0,False,OVERLAP,,,,,,,NO_STRATEGY_SIGNAL,NO_VALID_SETUP,REJECT,PASS,N/A,NOT_SENT,SETUP_HUNTER
2026-06-15T15:54:58.576214+00:00,2026-06-15 16:54:58,2026-06-15 16:00 CASA,EURUSD,EURUSD,ORDER_FLOW_EXECUTION_AGENT,BUY,1.15971,1.15704,1.16371,1.5,98,A,80,True,OVERLAP,FAIL,50.0,FAIL,40.0,FAIL,ORDER_FLOW_BUY_LIQUIDITY_SWEEP_REVERSAL,TOP_DOWN_DATA_MISSING,ROUTER_BLOCKED,ACCEPT,PASS,BLOCK,NOT_SENT,SETUP_HUNTER
2026-06-15T15:55:02.290969+00:00,2026-06-15 16:55:02,2026-06-15 16:00 CASA,BTCUSD#,BTCUSD#,NONE,BUY,,,,,0,D,0,False,OVERLAP,,,,,,,NO_STRATEGY_SIGNAL,NO_VALID_SETUP,REJECT,PASS,N/A,NOT_SENT,SETUP_HUNTER
2026-06-15T15:55:03.151671+00:00,2026-06-15 16:55:03,2026-06-15 16:00 CASA,GOLD#,GOLD#,NONE,BUY,,,,,0,D,0,False,OVERLAP,,,,,,,NO_STRATEGY_SIGNAL,NO_VALID_SETUP,REJECT,PASS,N/A,NOT_SENT,SETUP_HUNTER
2026-06-15T15:55:03.711864+00:00,2026-06-15 16:55:03,2026-06-15 16:00 CASA,EURUSD,EURUSD,ORDER_FLOW_EXECUTION_AGENT,BUY,1.15974,1.15817,1.16209,1.5,98,A,80,True,OVERLAP,FAIL,50.0,FAIL,40.0,FAIL,ORDER_FLOW_BUY_LIQUIDITY_SWEEP_REVERSAL,TOP_DOWN_DATA_MISSING,ROUTER_BLOCKED,ACCEPT,PASS,BLOCK,NOT_SENT,SETUP_HUNTER
2026-06-15T15:55:07.746758+00:00,2026-06-15 16:55:07,2026-06-15 16:00 CASA,BTCUSD#,BTCUSD#,NONE,BUY,,,,,0,D,0,False,OVERLAP,,,,,,,NO_STRATEGY_SIGNAL,NO_VALID_SETUP,REJECT,PASS,N/A,NOT_SENT,SETUP_HUNTER
2026-06-15T15:55:08.911202+00:00,2026-06-15 16:55:08,2026-06-15 16:00 CASA,GOLD#,GOLD#,ORDER_FLOW_EXECUTION_AGENT,BUY,4356.73,4174.33477,4630.32284,1.5,100,A,85,True,OVERLAP,FAIL,40.0,FAIL,15.0,FAIL,ORDER_FLOW_BUY_VWAP_RECLAIM_REJECTION,TOP_DOWN_DATA_MISSING,ROUTER_BLOCKED,ACCEPT,PASS,BLOCK,NOT_SENT,SETUP_HUNTER
2026-06-15T15:55:09.564300+00:00,2026-06-15 16:55:09,2026-06-15 16:00 CASA,EURUSD,EURUSD,ORDER_FLOW_EXECUTION_AGENT,BUY,1.15972,1.15817,1.16204,1.5,97,A,80,True,OVERLAP,FAIL,45.0,FAIL,40.0,FAIL,ORDER_FLOW_BUY_LIQUIDITY_SWEEP_REVERSAL,TOP_DOWN_DATA_MISSING,ROUTER_BLOCKED,ACCEPT,PASS,BLOCK,NOT_SENT,SETUP_HUNTER
2026-06-15T15:55:12.778880+00:00,2026-06-15 16:55:12,2026-06-15 16:00 CASA,BTCUSD#,BTCUSD#,NONE,BUY,,,,,0,D,0,False,OVERLAP,,,,,,,NO_STRATEGY_SIGNAL,NO_VALID_SETUP,REJECT,PASS,N/A,NOT_SENT,SETUP_HUNTER
2026-06-15T15:55:14.221399+00:00,2026-06-15 16:55:14,2026-06-15 16:00 CASA,GOLD#,GOLD#,ORDER_FLOW_EXECUTION_AGENT,BUY,4356.64,4174.33486,4630.09771,1.5,100,A,85,True,OVERLAP,FAIL,40.0,FAIL,15.0,FAIL,ORDER_FLOW_BUY_VWAP_RECLAIM_REJECTION,TOP_DOWN_DATA_MISSING,ROUTER_BLOCKED,ACCEPT,PASS,BLOCK,NOT_SENT,SETUP_HUNTER
2026-06-15T15:55:14.949728+00:00,2026-06-15 16:55:14,2026-06-15 16:00 CASA,EURUSD,EURUSD,ORDER_FLOW_EXECUTION_AGENT,BUY,1.15972,1.15817,1.16204,1.5,97,A,80,True,OVERLAP,FAIL,45.0,FAIL,40.0,FAIL,ORDER_FLOW_BUY_LIQUIDITY_SWEEP_REVERSAL,TOP_DOWN_DATA_MISSING,ROUTER_BLOCKED,ACCEPT,PASS,BLOCK,NOT_SENT,SETUP_HUNTER
2026-06-15T15:55:17.228416+00:00,2026-06-15 16:55:17,2026-06-15 16:00 CASA,BTCUSD#,BTCUSD#,NONE,BUY,,,,,0,D,0,False,OVERLAP,,,,,,,NO_STRATEGY_SIGNAL,NO_VALID_SETUP,REJECT,PASS,N/A,NOT_SENT,SETUP_HUNTER
2026-06-15T15:55:18.244087+00:00,2026-06-15 16:55:18,2026-06-15 16:00 CASA,GOLD#,GOLD#,NONE,BUY,,,,,0,D,0,False,OVERLAP,,,,,,,NO_STRATEGY_SIGNAL,NO_VALID_SETUP,REJECT,PASS,N/A,NOT_SENT,SETUP_HUNTER
2026-06-15T15:55:18.748388+00:00,2026-06-15 16:55:18,2026-06-15 16:00 CASA,EURUSD,EURUSD,ORDER_FLOW_EXECUTION_AGENT,BUY,1.15971,1.15817,1.16202,1.5,97,A,80,True,OVERLAP,FAIL,45.0,FAIL,40.0,FAIL,ORDER_FLOW_BUY_LIQUIDITY_SWEEP_REVERSAL,TOP_DOWN_DATA_MISSING,ROUTER_BLOCKED,ACCEPT,PASS,BLOCK,NOT_SENT,SETUP_HUNTER
2026-06-15T15:55:22.200743+00:00,2026-06-15 16:55:22,2026-06-15 16:00 CASA,BTCUSD#,BTCUSD#,NONE,BUY,,,,,0,D,0,False,OVERLAP,,,,,,,NO_STRATEGY_SIGNAL,NO_VALID_SETUP,REJECT,PASS,N/A,NOT_SENT,SETUP_HUNTER
2026-06-15T15:55:23.011042+00:00,2026-06-15 16:55:23,2026-06-15 16:00 CASA,GOLD#,GOLD#,NONE,BUY,,,,,0,D,0,False,OVERLAP,,,,,,,NO_STRATEGY_SIGNAL,NO_VALID_SETUP,REJECT,PASS,N/A,NOT_SENT,SETUP_HUNTER
2026-06-15T15:55:23.667807+00:00,2026-06-15 16:55:23,2026-06-15 16:00 CASA,EURUSD,EURUSD,ORDER_FLOW_EXECUTION_AGENT,BUY,1.15973,1.15817,1.16207,1.5,98,A,80,True,OVERLAP,FAIL,50.0,FAIL,40.0,FAIL,ORDER_FLOW_BUY_LIQUIDITY_SWEEP_REVERSAL,TOP_DOWN_DATA_MISSING,ROUTER_BLOCKED,ACCEPT,PASS,BLOCK,NOT_SENT,SETUP_HUNTER
2026-06-15T15:55:27.684840+00:00,2026-06-15 16:55:27,2026-06-15 16:00 CASA,BTCUSD#,BTCUSD#,NONE,BUY,,,,,0,D,0,False,OVERLAP,,,,,,,NO_STRATEGY_SIGNAL,NO_VALID_SETUP,REJECT,PASS,N/A,NOT_SENT,SETUP_HUNTER
2026-06-15T15:55:29.058202+00:00,2026-06-15 16:55:29,2026-06-15 16:00 CASA,GOLD#,GOLD#,NONE,BUY,,,,,0,D,0,False,OVERLAP,,,,,,,NO_STRATEGY_SIGNAL,NO_VALID_SETUP,REJECT,PASS,N/A,NOT_SENT,SETUP_HUNTER
2026-06-15T15:55:29.743988+00:00,2026-06-15 16:55:29,2026-06-15 16:00 CASA,EURUSD,EURUSD,ORDER_FLOW_EXECUTION_AGENT,SELL,1.1597,1.16303,1.15471,1.5,100,A,95,True,OVERLAP,FAIL,55.0,FAIL,75.0,FAIL,ORDER_FLOW_SELL_LIQUIDITY_SWEEP_REVERSAL,TOP_DOWN_DATA_MISSING,ROUTER_BLOCKED,ACCEPT,PASS,BLOCK,NOT_SENT,SETUP_HUNTER
2026-06-15T15:55:32.245611+00:00,2026-06-15 16:55:32,2026-06-15 16:00 CASA,BTCUSD#,BTCUSD#,NONE,BUY,,,,,0,D,0,False,OVERLAP,,,,,,,NO_STRATEGY_SIGNAL,NO_VALID_SETUP,REJECT,PASS,N/A,NOT_SENT,SETUP_HUNTER
2026-06-15T15:55:33.059329+00:00,2026-06-15 16:55:33,2026-06-15 16:00 CASA,GOLD#,GOLD#,NONE,BUY,,,,,0,D,0,False,OVERLAP,,,,,,,NO_STRATEGY_SIGNAL,NO_VALID_SETUP,REJECT,PASS,N/A,NOT_SENT,SETUP_HUNTER
2026-06-15T15:55:34.662880+00:00,2026-06-15 16:55:34,2026-06-15 16:00 CASA,EURUSD,EURUSD,ORDER_FLOW_EXECUTION_AGENT,SELL,1.15968,1.16303,1.15466,1.5,100,A,95,True,OVERLAP,FAIL,55.0,FAIL,75.0,FAIL,ORDER_FLOW_SELL_LIQUIDITY_SWEEP_REVERSAL,TOP_DOWN_DATA_MISSING,ROUTER_BLOCKED,ACCEPT,PASS,BLOCK,NOT_SENT,SETUP_HUNTER
2026-06-15T15:55:37.214281+00:00,2026-06-15 16:55:37,2026-06-15 16:00 CASA,BTCUSD#,BTCUSD#,NONE,BUY,,,,,0,D,0,False,OVERLAP,,,,,,,NO_STRATEGY_SIGNAL,NO_VALID_SETUP,REJECT,PASS,N/A,NOT_SENT,SETUP_HUNTER
2026-06-15T15:55:38.056661+00:00,2026-06-15 16:55:38,2026-06-15 16:00 CASA,GOLD#,GOLD#,NONE,BUY,,,,,0,D,0,False,OVERLAP,,,,,,,NO_STRATEGY_SIGNAL,NO_VALID_SETUP,REJECT,PASS,N/A,NOT_SENT,SETUP_HUNTER
2026-06-15T15:55:38.600851+00:00,2026-06-15 16:55:38,2026-06-15 16:00 CASA,EURUSD,EURUSD,ORDER_FLOW_EXECUTION_AGENT,SELL,1.15968,1.16303,1.15466,1.5,100,A,95,True,OVERLAP,FAIL,55.0,FAIL,75.0,FAIL,ORDER_FLOW_SELL_LIQUIDITY_SWEEP_REVERSAL,TOP_DOWN_DATA_MISSING,ROUTER_BLOCKED,ACCEPT,PASS,BLOCK,NOT_SENT,SETUP_HUNTER
2026-06-15T15:55:42.180001+00:00,2026-06-15 16:55:42,2026-06-15 16:00 CASA,BTCUSD#,BTCUSD#,NONE,BUY,,,,,0,D,0,False,OVERLAP,,,,,,,NO_STRATEGY_SIGNAL,NO_VALID_SETUP,REJECT,PASS,N/A,NOT_SENT,SETUP_HUNTER
2026-06-15T15:55:43.028989+00:00,2026-06-15 16:55:43,2026-06-15 16:00 CASA,GOLD#,GOLD#,NONE,BUY,,,,,0,D,0,False,OVERLAP,,,,,,,NO_STRATEGY_SIGNAL,NO_VALID_SETUP,REJECT,PASS,N/A,NOT_SENT,SETUP_HUNTER
2026-06-15T15:55:43.560549+00:00,2026-06-15 16:55:43,2026-06-15 16:00 CASA,EURUSD,EURUSD,ORDER_FLOW_EXECUTION_AGENT,SELL,1.15966,1.16303,1.15461,1.5,100,A,95,True,OVERLAP,FAIL,75.0,FAIL,35.0,FAIL,ORDER_FLOW_SELL_LIQUIDITY_SWEEP_REVERSAL,TOP_DOWN_DATA_MISSING,ROUTER_BLOCKED,ACCEPT,PASS,BLOCK,NOT_SENT,SETUP_HUNTER
2026-06-15T15:55:48.075160+00:00,2026-06-15 16:55:48,2026-06-15 16:00 CASA,BTCUSD#,BTCUSD#,NONE,BUY,,,,,0,D,0,False,OVERLAP,,,,,,,NO_STRATEGY_SIGNAL,NO_VALID_SETUP,REJECT,PASS,N/A,NOT_SENT,SETUP_HUNTER
2026-06-15T15:55:49.090151+00:00,2026-06-15 16:55:49,2026-06-15 16:00 CASA,GOLD#,GOLD#,NONE,BUY,,,,,0,D,0,False,OVERLAP,,,,,,,NO_STRATEGY_SIGNAL,NO_VALID_SETUP,REJECT,PASS,N/A,NOT_SENT,SETUP_HUNTER
2026-06-15T15:55:49.806483+00:00,2026-06-15 16:55:49,2026-06-15 16:00 CASA,EURUSD,EURUSD,ORDER_FLOW_EXECUTION_AGENT,SELL,1.15968,1.16303,1.15466,1.5,100,A,95,True,OVERLAP,FAIL,55.0,FAIL,75.0,FAIL,ORDER_FLOW_SELL_LIQUIDITY_SWEEP_REVERSAL,TOP_DOWN_DATA_MISSING,ROUTER_BLOCKED,ACCEPT,PASS,BLOCK,NOT_SENT,SETUP_HUNTER
2026-06-15T15:55:52.269684+00:00,2026-06-15 16:55:52,2026-06-15 16:00 CASA,BTCUSD#,BTCUSD#,NONE,BUY,,,,,0,D,0,False,OVERLAP,,,,,,,NO_STRATEGY_SIGNAL,NO_VALID_SETUP,REJECT,PASS,N/A,NOT_SENT,SETUP_HUNTER
2026-06-15T15:55:53.370366+00:00,2026-06-15 16:55:53,2026-06-15 16:00 CASA,GOLD#,GOLD#,NONE,BUY,,,,,0,D,0,False,OVERLAP,,,,,,,NO_STRATEGY_SIGNAL,NO_VALID_SETUP,REJECT,PASS,N/A,NOT_SENT,SETUP_HUNTER
2026-06-15T15:55:54.045316+00:00,2026-06-15 16:55:54,2026-06-15 16:00 CASA,EURUSD,EURUSD,ORDER_FLOW_EXECUTION_AGENT,SELL,1.15968,1.16303,1.15466,1.5,100,A,95,True,OVERLAP,FAIL,55.0,FAIL,75.0,FAIL,ORDER_FLOW_SELL_LIQUIDITY_SWEEP_REVERSAL,TOP_DOWN_DATA_MISSING,ROUTER_BLOCKED,ACCEPT,PASS,BLOCK,NOT_SENT,SETUP_HUNTER
2026-06-15T15:55:57.285789+00:00,2026-06-15 16:55:57,2026-06-15 16:00 CASA,BTCUSD#,BTCUSD#,NONE,BUY,,,,,0,D,0,False,OVERLAP,,,,,,,NO_STRATEGY_SIGNAL,NO_VALID_SETUP,REJECT,PASS,N/A,NOT_SENT,SETUP_HUNTER
2026-06-15T15:55:58.154423+00:00,2026-06-15 16:55:58,2026-06-15 16:00 CASA,GOLD#,GOLD#,NONE,BUY,,,,,0,D,0,False,OVERLAP,,,,,,,NO_STRATEGY_SIGNAL,NO_VALID_SETUP,REJECT,PASS,N/A,NOT_SENT,SETUP_HUNTER
2026-06-15T15:55:58.665832+00:00,2026-06-15 16:55:58,2026-06-15 16:00 CASA,EURUSD,EURUSD,ORDER_FLOW_EXECUTION_AGENT,SELL,1.15968,1.16303,1.15466,1.5,100,A,95,True,OVERLAP,FAIL,55.0,FAIL,75.0,FAIL,ORDER_FLOW_SELL_LIQUIDITY_SWEEP_REVERSAL,TOP_DOWN_DATA_MISSING,ROUTER_BLOCKED,ACCEPT,PASS,BLOCK,NOT_SENT,SETUP_HUNTER
2026-06-15T15:56:02.199723+00:00,2026-06-15 16:56:02,2026-06-15 16:00 CASA,BTCUSD#,BTCUSD#,NONE,BUY,,,,,0,D,0,False,OVERLAP,,,,,,,NO_STRATEGY_SIGNAL,NO_VALID_SETUP,REJECT,PASS,N/A,NOT_SENT,SETUP_HUNTER
2026-06-15T15:56:03.016372+00:00,2026-06-15 16:56:03,2026-06-15 16:00 CASA,GOLD#,GOLD#,ORDER_FLOW_EXECUTION_AGENT,BUY,4356.92,4174.33458,4630.79813,1.5,100,A,85,True,OVERLAP,FAIL,40.0,FAIL,15.0,FAIL,ORDER_FLOW_BUY_VWAP_RECLAIM_REJECTION,TOP_DOWN_DATA_MISSING,ROUTER_BLOCKED,ACCEPT,PASS,BLOCK,NOT_SENT,SETUP_HUNTER
2026-06-15T15:56:03.538738+00:00,2026-06-15 16:56:03,2026-06-15 16:00 CASA,EURUSD,EURUSD,ORDER_FLOW_EXECUTION_AGENT,BUY,1.15971,1.15817,1.16202,1.5,97,A,80,True,OVERLAP,FAIL,45.0,FAIL,40.0,FAIL,ORDER_FLOW_BUY_LIQUIDITY_SWEEP_REVERSAL,TOP_DOWN_DATA_MISSING,ROUTER_BLOCKED,ACCEPT,PASS,BLOCK,NOT_SENT,SETUP_HUNTER
2026-06-15T15:56:07.197824+00:00,2026-06-15 16:56:07,2026-06-15 16:00 CASA,BTCUSD#,BTCUSD#,NONE,BUY,,,,,0,D,0,False,OVERLAP,,,,,,,NO_STRATEGY_SIGNAL,NO_VALID_SETUP,REJECT,PASS,N/A,NOT_SENT,SETUP_HUNTER
2026-06-15T15:56:07.967221+00:00,2026-06-15 16:56:07,2026-06-15 16:00 CASA,GOLD#,GOLD#,ORDER_FLOW_EXECUTION_AGENT,BUY,4357.21,4174.33429,4631.52357,1.5,100,A,85,True,OVERLAP,FAIL,45.0,FAIL,15.0,FAIL,ORDER_FLOW_BUY_VWAP_RECLAIM_REJECTION,TOP_DOWN_DATA_MISSING,ROUTER_BLOCKED,ACCEPT,PASS,BLOCK,NOT_SENT,SETUP_HUNTER
2026-06-15T15:56:08.541655+00:00,2026-06-15 16:56:08,2026-06-15 16:00 CASA,EURUSD,EURUSD,ORDER_FLOW_EXECUTION_AGENT,BUY,1.15971,1.15817,1.16202,1.5,97,A,80,True,OVERLAP,FAIL,45.0,FAIL,40.0,FAIL,ORDER_FLOW_BUY_LIQUIDITY_SWEEP_REVERSAL,TOP_DOWN_DATA_MISSING,ROUTER_BLOCKED,ACCEPT,PASS,BLOCK,NOT_SENT,SETUP_HUNTER
2026-06-15T15:56:12.181332+00:00,2026-06-15 16:56:12,2026-06-15 16:00 CASA,BTCUSD#,BTCUSD#,NONE,BUY,,,,,0,D,0,False,OVERLAP,,,,,,,NO_STRATEGY_SIGNAL,NO_VALID_SETUP,REJECT,PASS,N/A,NOT_SENT,SETUP_HUNTER
2026-06-15T15:56:12.980371+00:00,2026-06-15 16:56:12,2026-06-15 16:00 CASA,GOLD#,GOLD#,ORDER_FLOW_EXECUTION_AGENT,BUY,4357.1,4174.3344,4631.2484,1.5,100,A,85,True,OVERLAP,FAIL,45.0,FAIL,15.0,FAIL,ORDER_FLOW_BUY_VWAP_RECLAIM_REJECTION,TOP_DOWN_DATA_MISSING,ROUTER_BLOCKED,ACCEPT,PASS,BLOCK,NOT_SENT,SETUP_HUNTER
2026-06-15T15:56:13.528599+00:00,2026-06-15 16:56:13,2026-06-15 16:00 CASA,EURUSD,EURUSD,ORDER_FLOW_EXECUTION_AGENT,BUY,1.15971,1.15817,1.16202,1.5,97,A,80,True,OVERLAP,FAIL,45.0,FAIL,40.0,FAIL,ORDER_FLOW_BUY_LIQUIDITY_SWEEP_REVERSAL,TOP_DOWN_DATA_MISSING,ROUTER_BLOCKED,ACCEPT,PASS,BLOCK,NOT_SENT,SETUP_HUNTER
2026-06-15T15:56:17.201466+00:00,2026-06-15 16:56:17,2026-06-15 16:00 CASA,BTCUSD#,BTCUSD#,NONE,BUY,,,,,0,D,0,False,OVERLAP,,,,,,,NO_STRATEGY_SIGNAL,NO_VALID_SETUP,REJECT,PASS,N/A,NOT_SENT,SETUP_HUNTER
2026-06-15T15:56:18.011400+00:00,2026-06-15 16:56:18,2026-06-15 16:00 CASA,GOLD#,GOLD#,ORDER_FLOW_EXECUTION_AGENT,BUY,4356.97,4174.33453,4630.92321,1.5,100,A,85,True,OVERLAP,FAIL,45.0,FAIL,15.0,FAIL,ORDER_FLOW_BUY_VWAP_RECLAIM_REJECTION,TOP_DOWN_DATA_MISSING,ROUTER_BLOCKED,ACCEPT,PASS,BLOCK,NOT_SENT,SETUP_HUNTER
2026-06-15T15:56:18.525894+00:00,2026-06-15 16:56:18,2026-06-15 16:00 CASA,EURUSD,EURUSD,ORDER_FLOW_EXECUTION_AGENT,BUY,1.15971,1.15817,1.16202,1.5,97,A,80,True,OVERLAP,FAIL,45.0,FAIL,40.0,FAIL,ORDER_FLOW_BUY_LIQUIDITY_SWEEP_REVERSAL,TOP_DOWN_DATA_MISSING,ROUTER_BLOCKED,ACCEPT,PASS,BLOCK,NOT_SENT,SETUP_HUNTER
2026-06-15T15:56:22.220423+00:00,2026-06-15 16:56:22,2026-06-15 16:00 CASA,BTCUSD#,BTCUSD#,NONE,BUY,,,,,0,D,0,False,OVERLAP,,,,,,,NO_STRATEGY_SIGNAL,NO_VALID_SETUP,REJECT,PASS,N/A,NOT_SENT,SETUP_HUNTER
2026-06-15T15:56:23.097214+00:00,2026-06-15 16:56:23,2026-06-15 16:00 CASA,GOLD#,GOLD#,ORDER_FLOW_EXECUTION_AGENT,BUY,4357.16,4174.33434,4631.39849,1.5,100,A,85,True,OVERLAP,FAIL,45.0,FAIL,15.0,FAIL,ORDER_FLOW_BUY_VWAP_RECLAIM_REJECTION,TOP_DOWN_DATA_MISSING,ROUTER_BLOCKED,ACCEPT,PASS,BLOCK,NOT_SENT,SETUP_HUNTER
2026-06-15T15:56:23.635611+00:00,2026-06-15 16:56:23,2026-06-15 16:00 CASA,EURUSD,EURUSD,ORDER_FLOW_EXECUTION_AGENT,BUY,1.15971,1.15817,1.16202,1.5,97,A,80,True,OVERLAP,FAIL,45.0,FAIL,40.0,FAIL,ORDER_FLOW_BUY_LIQUIDITY_SWEEP_REVERSAL,TOP_DOWN_DATA_MISSING,ROUTER_BLOCKED,ACCEPT,PASS,BLOCK,NOT_SENT,SETUP_HUNTER
2026-06-15T15:56:27.217208+00:00,2026-06-15 16:56:27,2026-06-15 16:00 CASA,BTCUSD#,BTCUSD#,NONE,BUY,,,,,0,D,0,False,OVERLAP,,,,,,,NO_STRATEGY_SIGNAL,NO_VALID_SETUP,REJECT,PASS,N/A,NOT_SENT,SETUP_HUNTER
2026-06-15T15:56:27.980423+00:00,2026-06-15 16:56:27,2026-06-15 16:00 CASA,GOLD#,GOLD#,ORDER_FLOW_EXECUTION_AGENT,BUY,4357.16,4174.33434,4631.39849,1.5,100,A,85,True,OVERLAP,FAIL,45.0,FAIL,15.0,FAIL,ORDER_FLOW_BUY_VWAP_RECLAIM_REJECTION,TOP_DOWN_DATA_MISSING,ROUTER_BLOCKED,ACCEPT,PASS,BLOCK,NOT_SENT,SETUP_HUNTER
2026-06-15T15:56:28.546019+00:00,2026-06-15 16:56:28,2026-06-15 16:00 CASA,EURUSD,EURUSD,ORDER_FLOW_EXECUTION_AGENT,BUY,1.15973,1.15817,1.16207,1.5,97,A,80,True,OVERLAP,FAIL,45.0,FAIL,40.0,FAIL,ORDER_FLOW_BUY_LIQUIDITY_SWEEP_REVERSAL,TOP_DOWN_DATA_MISSING,ROUTER_BLOCKED,ACCEPT,PASS,BLOCK,NOT_SENT,SETUP_HUNTER
2026-06-15T15:56:32.198607+00:00,2026-06-15 16:56:32,2026-06-15 16:00 CASA,BTCUSD#,BTCUSD#,NONE,BUY,,,,,0,D,0,False,OVERLAP,,,,,,,NO_STRATEGY_SIGNAL,NO_VALID_SETUP,REJECT,PASS,N/A,NOT_SENT,SETUP_HUNTER
2026-06-15T15:56:33.050686+00:00,2026-06-15 16:56:33,2026-06-15 16:00 CASA,GOLD#,GOLD#,ORDER_FLOW_EXECUTION_AGENT,BUY,4357.21,4174.33429,4631.52357,1.5,100,A,85,True,OVERLAP,FAIL,45.0,FAIL,15.0,FAIL,ORDER_FLOW_BUY_VWAP_RECLAIM_REJECTION,TOP_DOWN_DATA_MISSING,ROUTER_BLOCKED,ACCEPT,PASS,BLOCK,NOT_SENT,SETUP_HUNTER
2026-06-15T15:56:33.616301+00:00,2026-06-15 16:56:33,2026-06-15 16:00 CASA,EURUSD,EURUSD,ORDER_FLOW_EXECUTION_AGENT,BUY,1.15973,1.15817,1.16207,1.5,97,A,80,True,OVERLAP,FAIL,45.0,FAIL,40.0,FAIL,ORDER_FLOW_BUY_LIQUIDITY_SWEEP_REVERSAL,TOP_DOWN_DATA_MISSING,ROUTER_BLOCKED,ACCEPT,PASS,BLOCK,NOT_SENT,SETUP_HUNTER
2026-06-15T15:56:37.244360+00:00,2026-06-15 16:56:37,2026-06-15 16:00 CASA,BTCUSD#,BTCUSD#,NONE,BUY,,,,,0,D,0,False,OVERLAP,,,,,,,NO_STRATEGY_SIGNAL,NO_VALID_SETUP,REJECT,PASS,N/A,NOT_SENT,SETUP_HUNTER
2026-06-15T15:56:38.097302+00:00,2026-06-15 16:56:38,2026-06-15 16:00 CASA,GOLD#,GOLD#,ORDER_FLOW_EXECUTION_AGENT,BUY,4356.95,4174.33455,4630.87318,1.5,100,A,85,True,OVERLAP,FAIL,45.0,FAIL,15.0,FAIL,ORDER_FLOW_BUY_VWAP_RECLAIM_REJECTION,TOP_DOWN_DATA_MISSING,ROUTER_BLOCKED,ACCEPT,PASS,BLOCK,NOT_SENT,SETUP_HUNTER
2026-06-15T15:56:38.667144+00:00,2026-06-15 16:56:38,2026-06-15 16:00 CASA,EURUSD,EURUSD,ORDER_FLOW_EXECUTION_AGENT,BUY,1.15974,1.15817,1.16209,1.5,97,A,80,True,OVERLAP,FAIL,45.0,FAIL,40.0,FAIL,ORDER_FLOW_BUY_LIQUIDITY_SWEEP_REVERSAL,TOP_DOWN_DATA_MISSING,ROUTER_BLOCKED,ACCEPT,PASS,BLOCK,NOT_SENT,SETUP_HUNTER
2026-06-15T15:56:53.029286+00:00,2026-06-15 16:56:53,2026-06-15 16:00 CASA,GOLD#,GOLD#,GOLD_LIQUIDITY_HUNTER_PRO,SELL,2300.0,2301.0,2298.0,2.0,,,,,UNKNOWN,,,,,FAIL,WAIT_FOR_CONFIRMATION,SYMBOL_NOT_ALLOWED,ROUTER_BLOCKED,REJECT,N/A,BLOCK,NOT_SENT,DEMO_SKIP
2026-06-15T15:56:55.292674+00:00,2026-06-15 16:56:55,2026-06-15 16:00 CASA,BTCUSD#,BTCUSD#,NONE,BUY,,,,,0,D,0,False,OVERLAP,,,,,,,NO_STRATEGY_SIGNAL,NO_VALID_SETUP,REJECT,PASS,N/A,NOT_SENT,SETUP_HUNTER
2026-06-15T15:56:57.208213+00:00,2026-06-15 16:56:57,2026-06-15 16:00 CASA,GOLD#,GOLD#,ORDER_FLOW_EXECUTION_AGENT,BUY,4357.1,4174.3344,4631.2484,1.5,100,A,85,True,OVERLAP,FAIL,45.0,FAIL,15.0,FAIL,ORDER_FLOW_BUY_VWAP_RECLAIM_REJECTION,TOP_DOWN_DATA_MISSING,ROUTER_BLOCKED,ACCEPT,PASS,BLOCK,NOT_SENT,SETUP_HUNTER
2026-06-15T15:56:57.978793+00:00,2026-06-15 16:56:57,2026-06-15 16:00 CASA,EURUSD,EURUSD,ORDER_FLOW_EXECUTION_AGENT,BUY,1.15973,1.15817,1.16207,1.5,97,A,80,True,OVERLAP,FAIL,45.0,FAIL,40.0,FAIL,ORDER_FLOW_BUY_LIQUIDITY_SWEEP_REVERSAL,TOP_DOWN_DATA_MISSING,ROUTER_BLOCKED,ACCEPT,PASS,BLOCK,NOT_SENT,SETUP_HUNTER
2026-06-15T15:57:00.558117+00:00,2026-06-15 16:57:00,2026-06-15 16:00 CASA,BTCUSD#,BTCUSD#,NONE,BUY,,,,,0,D,0,False,OVERLAP,,,,,,,NO_STRATEGY_SIGNAL,NO_VALID_SETUP,REJECT,PASS,N/A,NOT_SENT,SETUP_HUNTER
2026-06-15T15:57:02.212217+00:00,2026-06-15 16:57:02,2026-06-15 16:00 CASA,GOLD#,GOLD#,ORDER_FLOW_EXECUTION_AGENT,BUY,4357.06,4174.33444,4631.14834,1.5,100,A,85,True,OVERLAP,FAIL,40.0,FAIL,15.0,FAIL,ORDER_FLOW_BUY_VWAP_RECLAIM_REJECTION,TOP_DOWN_DATA_MISSING,ROUTER_BLOCKED,ACCEPT,PASS,BLOCK,NOT_SENT,SETUP_HUNTER
2026-06-15T15:57:02.482966+00:00,2026-06-15 16:57:02,2026-06-15 16:00 CASA,GOLD#,GOLD#,POSITION_SYNC,,,,,,,,,,N/A,,,,,,,MT5_POSITION_MISSING_CLOSED,EXECUTED_IN_MT5,REJECT,N/A,PASS,OPENED,POSITION_SYNC
2026-06-15T15:57:03.087667+00:00,2026-06-15 16:57:03,2026-06-15 16:00 CASA,EURUSD,EURUSD,ORDER_FLOW_EXECUTION_AGENT,BUY,1.15974,1.15817,1.16209,1.5,97,A,80,True,OVERLAP,FAIL,45.0,FAIL,40.0,FAIL,ORDER_FLOW_BUY_LIQUIDITY_SWEEP_REVERSAL,TOP_DOWN_DATA_MISSING,ROUTER_BLOCKED,ACCEPT,PASS,BLOCK,NOT_SENT,SETUP_HUNTER
2026-06-15T15:57:05.009083+00:00,2026-06-15 16:57:05,2026-06-15 16:00 CASA,BTCUSD#,BTCUSD#,NONE,BUY,,,,,0,D,0,False,OVERLAP,,,,,,,NO_STRATEGY_SIGNAL,NO_VALID_SETUP,REJECT,PASS,N/A,NOT_SENT,SETUP_HUNTER
2026-06-15T15:57:06.067283+00:00,2026-06-15 16:57:06,2026-06-15 16:00 CASA,GOLD#,GOLD#,ORDER_FLOW_EXECUTION_AGENT,BUY,4357.43,4174.33407,4632.0739,1.5,100,A,85,True,OVERLAP,FAIL,45.0,FAIL,15.0,FAIL,ORDER_FLOW_BUY_VWAP_RECLAIM_REJECTION,TOP_DOWN_DATA_MISSING,ROUTER_BLOCKED,ACCEPT,PASS,BLOCK,NOT_SENT,SETUP_HUNTER
2026-06-15T15:57:06.714176+00:00,2026-06-15 16:57:06,2026-06-15 16:00 CASA,EURUSD,EURUSD,ORDER_FLOW_EXECUTION_AGENT,BUY,1.15974,1.15817,1.16209,1.5,97,A,80,True,OVERLAP,FAIL,45.0,FAIL,40.0,FAIL,ORDER_FLOW_BUY_LIQUIDITY_SWEEP_REVERSAL,TOP_DOWN_DATA_MISSING,ROUTER_BLOCKED,ACCEPT,PASS,BLOCK,NOT_SENT,SETUP_HUNTER
2026-06-15T15:57:09.932868+00:00,2026-06-15 16:57:09,2026-06-15 16:00 CASA,BTCUSD#,BTCUSD#,NONE,BUY,,,,,0,D,0,False,OVERLAP,,,,,,,NO_STRATEGY_SIGNAL,NO_VALID_SETUP,REJECT,PASS,N/A,NOT_SENT,SETUP_HUNTER
2026-06-15T15:57:10.903292+00:00,2026-06-15 16:57:10,2026-06-15 16:00 CASA,GOLD#,GOLD#,ORDER_FLOW_EXECUTION_AGENT,BUY,4357.27,4174.33423,4631.67366,1.5,100,A,85,True,OVERLAP,FAIL,40.0,FAIL,15.0,FAIL,ORDER_FLOW_BUY_VWAP_RECLAIM_REJECTION,TOP_DOWN_DATA_MISSING,ROUTER_BLOCKED,ACCEPT,PASS,BLOCK,NOT_SENT,SETUP_HUNTER
2026-06-15T15:57:11.761677+00:00,2026-06-15 16:57:11,2026-06-15 16:00 CASA,EURUSD,EURUSD,ORDER_FLOW_EXECUTION_AGENT,BUY,1.15974,1.15817,1.16209,1.5,97,A,80,True,OVERLAP,FAIL,45.0,FAIL,40.0,FAIL,ORDER_FLOW_BUY_LIQUIDITY_SWEEP_REVERSAL,TOP_DOWN_DATA_MISSING,ROUTER_BLOCKED,ACCEPT,PASS,BLOCK,NOT_SENT,SETUP_HUNTER
2026-06-15T15:57:14.978718+00:00,2026-06-15 16:57:14,2026-06-15 16:00 CASA,BTCUSD#,BTCUSD#,NONE,BUY,,,,,0,D,0,False,OVERLAP,,,,,,,NO_STRATEGY_SIGNAL,NO_VALID_SETUP,REJECT,PASS,N/A,NOT_SENT,SETUP_HUNTER
2026-06-15T15:57:16.024588+00:00,2026-06-15 16:57:16,2026-06-15 16:00 CASA,GOLD#,GOLD#,ORDER_FLOW_EXECUTION_AGENT,BUY,4357.13,4174.33437,4631.32345,1.5,100,A,85,True,OVERLAP,FAIL,40.0,FAIL,15.0,FAIL,ORDER_FLOW_BUY_VWAP_RECLAIM_REJECTION,TOP_DOWN_DATA_MISSING,ROUTER_BLOCKED,ACCEPT,PASS,BLOCK,NOT_SENT,SETUP_HUNTER
2026-06-15T15:57:16.867481+00:00,2026-06-15 16:57:16,2026-06-15 16:00 CASA,EURUSD,EURUSD,ORDER_FLOW_EXECUTION_AGENT,BUY,1.15973,1.15817,1.16207,1.5,100,A,80,True,OVERLAP,FAIL,55.0,FAIL,75.0,FAIL,ORDER_FLOW_BUY_LIQUIDITY_SWEEP_REVERSAL,TOP_DOWN_DATA_MISSING,ROUTER_BLOCKED,ACCEPT,PASS,BLOCK,NOT_SENT,SETUP_HUNTER
2026-06-15T15:57:19.966158+00:00,2026-06-15 16:57:19,2026-06-15 16:00 CASA,BTCUSD#,BTCUSD#,NONE,BUY,,,,,0,D,0,False,OVERLAP,,,,,,,NO_STRATEGY_SIGNAL,NO_VALID_SETUP,REJECT,PASS,N/A,NOT_SENT,SETUP_HUNTER
2026-06-15T15:57:21.152706+00:00,2026-06-15 16:57:21,2026-06-15 16:00 CASA,GOLD#,GOLD#,ORDER_FLOW_EXECUTION_AGENT,BUY,4356.69,4174.33481,4630.22278,1.5,100,A,85,True,OVERLAP,FAIL,40.0,FAIL,15.0,FAIL,ORDER_FLOW_BUY_VWAP_RECLAIM_REJECTION,TOP_DOWN_DATA_MISSING,ROUTER_BLOCKED,ACCEPT,PASS,BLOCK,NOT_SENT,SETUP_HUNTER
2026-06-15T15:57:22.092402+00:00,2026-06-15 16:57:22,2026-06-15 16:00 CASA,EURUSD,EURUSD,ORDER_FLOW_EXECUTION_AGENT,BUY,1.15973,1.15817,1.16207,1.5,100,A,80,True,OVERLAP,FAIL,55.0,FAIL,75.0,FAIL,ORDER_FLOW_BUY_LIQUIDITY_SWEEP_REVERSAL,TOP_DOWN_DATA_MISSING,ROUTER_BLOCKED,ACCEPT,PASS,BLOCK,NOT_SENT,SETUP_HUNTER
2026-06-15T15:57:24.935481+00:00,2026-06-15 16:57:24,2026-06-15 16:00 CASA,BTCUSD#,BTCUSD#,NONE,BUY,,,,,0,D,0,False,OVERLAP,,,,,,,NO_STRATEGY_SIGNAL,NO_VALID_SETUP,REJECT,PASS,N/A,NOT_SENT,SETUP_HUNTER
2026-06-15T15:57:26.219926+00:00,2026-06-15 16:57:26,2026-06-15 16:00 CASA,GOLD#,GOLD#,ORDER_FLOW_EXECUTION_AGENT,BUY,4356.97,4174.33453,4630.92321,1.5,100,A,85,True,OVERLAP,FAIL,40.0,FAIL,15.0,FAIL,ORDER_FLOW_BUY_VWAP_RECLAIM_REJECTION,TOP_DOWN_DATA_MISSING,ROUTER_BLOCKED,ACCEPT,PASS,BLOCK,NOT_SENT,SETUP_HUNTER
2026-06-15T15:57:27.085776+00:00,2026-06-15 16:57:27,2026-06-15 16:00 CASA,EURUSD,EURUSD,ORDER_FLOW_EXECUTION_AGENT,BUY,1.15974,1.15817,1.16209,1.5,97,A,80,True,OVERLAP,FAIL,45.0,FAIL,40.0,FAIL,ORDER_FLOW_BUY_LIQUIDITY_SWEEP_REVERSAL,TOP_DOWN_DATA_MISSING,ROUTER_BLOCKED,ACCEPT,PASS,BLOCK,NOT_SENT,SETUP_HUNTER
2026-06-15T15:57:30.075512+00:00,2026-06-15 16:57:30,2026-06-15 16:00 CASA,BTCUSD#,BTCUSD#,NONE,BUY,,,,,0,D,0,False,OVERLAP,,,,,,,NO_STRATEGY_SIGNAL,NO_VALID_SETUP,REJECT,PASS,N/A,NOT_SENT,SETUP_HUNTER
2026-06-15T15:57:31.036183+00:00,2026-06-15 16:57:31,2026-06-15 16:00 CASA,GOLD#,GOLD#,ORDER_FLOW_EXECUTION_AGENT,BUY,4357.38,4174.33412,4631.94882,1.5,100,A,85,True,OVERLAP,FAIL,40.0,FAIL,15.0,FAIL,ORDER_FLOW_BUY_VWAP_RECLAIM_REJECTION,TOP_DOWN_DATA_MISSING,ROUTER_BLOCKED,ACCEPT,PASS,BLOCK,NOT_SENT,SETUP_HUNTER
2026-06-15T15:57:31.723897+00:00,2026-06-15 16:57:31,2026-06-15 16:00 CASA,EURUSD,EURUSD,ORDER_FLOW_EXECUTION_AGENT,BUY,1.15974,1.15817,1.16209,1.5,97,A,80,True,OVERLAP,FAIL,45.0,FAIL,40.0,FAIL,ORDER_FLOW_BUY_LIQUIDITY_SWEEP_REVERSAL,TOP_DOWN_DATA_MISSING,ROUTER_BLOCKED,ACCEPT,PASS,BLOCK,NOT_SENT,SETUP_HUNTER
2026-06-15T15:57:34.957139+00:00,2026-06-15 16:57:34,2026-06-15 16:00 CASA,BTCUSD#,BTCUSD#,NONE,BUY,,,,,0,D,0,False,OVERLAP,,,,,,,NO_STRATEGY_SIGNAL,NO_VALID_SETUP,REJECT,PASS,N/A,NOT_SENT,SETUP_HUNTER
2026-06-15T15:57:36.026689+00:00,2026-06-15 16:57:36,2026-06-15 16:00 CASA,GOLD#,GOLD#,ORDER_FLOW_EXECUTION_AGENT,BUY,4357.64,4174.33386,4632.59921,1.5,100,A,85,True,OVERLAP,FAIL,45.0,FAIL,15.0,FAIL,ORDER_FLOW_BUY_VWAP_RECLAIM_REJECTION,TOP_DOWN_DATA_MISSING,ROUTER_BLOCKED,ACCEPT,PASS,BLOCK,NOT_SENT,SETUP_HUNTER
2026-06-15T15:57:36.623569+00:00,2026-06-15 16:57:36,2026-06-15 16:00 CASA,EURUSD,EURUSD,ORDER_FLOW_EXECUTION_AGENT,BUY,1.15973,1.15817,1.16207,1.5,97,A,80,True,OVERLAP,FAIL,45.0,FAIL,40.0,FAIL,ORDER_FLOW_BUY_LIQUIDITY_SWEEP_REVERSAL,TOP_DOWN_DATA_MISSING,ROUTER_BLOCKED,ACCEPT,PASS,BLOCK,NOT_SENT,SETUP_HUNTER
2026-06-15T15:57:40.155061+00:00,2026-06-15 16:57:40,2026-06-15 16:00 CASA,BTCUSD#,BTCUSD#,NONE,BUY,,,,,0,D,0,False,OVERLAP,,,,,,,NO_STRATEGY_SIGNAL,NO_VALID_SETUP,REJECT,PASS,N/A,NOT_SENT,SETUP_HUNTER
2026-06-15T15:57:41.739909+00:00,2026-06-15 16:57:41,2026-06-15 16:00 CASA,GOLD#,GOLD#,ORDER_FLOW_EXECUTION_AGENT,BUY,4357.66,4174.33384,4632.64924,1.5,100,A,85,True,OVERLAP,FAIL,45.0,FAIL,15.0,FAIL,ORDER_FLOW_BUY_VWAP_RECLAIM_REJECTION,TOP_DOWN_DATA_MISSING,ROUTER_BLOCKED,ACCEPT,PASS,BLOCK,NOT_SENT,SETUP_HUNTER
2026-06-15T15:57:42.389734+00:00,2026-06-15 16:57:42,2026-06-15 16:00 CASA,EURUSD,EURUSD,ORDER_FLOW_EXECUTION_AGENT,BUY,1.15973,1.15817,1.16207,1.5,97,A,80,True,OVERLAP,FAIL,45.0,FAIL,40.0,FAIL,ORDER_FLOW_BUY_LIQUIDITY_SWEEP_REVERSAL,TOP_DOWN_DATA_MISSING,ROUTER_BLOCKED,ACCEPT,PASS,BLOCK,NOT_SENT,SETUP_HUNTER
2026-06-15T15:57:44.823655+00:00,2026-06-15 16:57:44,2026-06-15 16:00 CASA,BTCUSD#,BTCUSD#,NONE,BUY,,,,,0,D,0,False,OVERLAP,,,,,,,NO_STRATEGY_SIGNAL,NO_VALID_SETUP,REJECT,PASS,N/A,NOT_SENT,SETUP_HUNTER
2026-06-15T15:57:45.635812+00:00,2026-06-15 16:57:45,2026-06-15 16:00 CASA,GOLD#,GOLD#,ORDER_FLOW_EXECUTION_AGENT,BUY,4358.23,4174.33327,4634.07509,1.5,100,A,85,True,OVERLAP,FAIL,45.0,FAIL,15.0,FAIL,ORDER_FLOW_BUY_VWAP_RECLAIM_REJECTION,TOP_DOWN_DATA_MISSING,ROUTER_BLOCKED,ACCEPT,PASS,BLOCK,NOT_SENT,SETUP_HUNTER
2026-06-15T15:57:47.178411+00:00,2026-06-15 16:57:47,2026-06-15 16:00 CASA,EURUSD,EURUSD,ORDER_FLOW_EXECUTION_AGENT,BUY,1.15974,1.15817,1.16209,1.5,97,A,80,True,OVERLAP,FAIL,45.0,FAIL,40.0,FAIL,ORDER_FLOW_BUY_LIQUIDITY_SWEEP_REVERSAL,TOP_DOWN_DATA_MISSING,ROUTER_BLOCKED,ACCEPT,PASS,BLOCK,NOT_SENT,SETUP_HUNTER
2026-06-15T15:57:49.792308+00:00,2026-06-15 16:57:49,2026-06-15 16:00 CASA,BTCUSD#,BTCUSD#,ORDER_FLOW_EXECUTION_AGENT,BUY,67247.5,63637.00833,72663.2375,1.5,100,A,85,True,OVERLAP,FAIL,60.0,FAIL,35.0,FAIL,ORDER_FLOW_BUY_VWAP_RECLAIM_REJECTION,TOP_DOWN_DATA_MISSING,ROUTER_BLOCKED,ACCEPT,PASS,BLOCK,NOT_SENT,SETUP_HUNTER
2026-06-15T15:57:50.668967+00:00,2026-06-15 16:57:50,2026-06-15 16:00 CASA,GOLD#,GOLD#,ORDER_FLOW_EXECUTION_AGENT,BUY,4358.21,4174.33329,4634.02507,1.5,100,A,85,True,OVERLAP,FAIL,45.0,FAIL,15.0,FAIL,ORDER_FLOW_BUY_VWAP_RECLAIM_REJECTION,TOP_DOWN_DATA_MISSING,ROUTER_BLOCKED,ACCEPT,PASS,BLOCK,NOT_SENT,SETUP_HUNTER
2026-06-15T15:57:51.190364+00:00,2026-06-15 16:57:51,2026-06-15 16:00 CASA,EURUSD,EURUSD,ORDER_FLOW_EXECUTION_AGENT,BUY,1.15974,1.15817,1.16209,1.5,97,A,80,True,OVERLAP,FAIL,45.0,FAIL,40.0,FAIL,ORDER_FLOW_BUY_LIQUIDITY_SWEEP_REVERSAL,TOP_DOWN_DATA_MISSING,ROUTER_BLOCKED,ACCEPT,PASS,BLOCK,NOT_SENT,SETUP_HUNTER
2026-06-15T15:57:54.792214+00:00,2026-06-15 16:57:54,2026-06-15 16:00 CASA,BTCUSD#,BTCUSD#,NONE,BUY,,,,,0,D,0,False,OVERLAP,,,,,,,NO_STRATEGY_SIGNAL,NO_VALID_SETUP,REJECT,PASS,N/A,NOT_SENT,SETUP_HUNTER
2026-06-15T15:57:55.612723+00:00,2026-06-15 16:57:55,2026-06-15 16:00 CASA,GOLD#,GOLD#,ORDER_FLOW_EXECUTION_AGENT,BUY,4358.5,4174.333,4634.7505,1.5,100,A,85,True,OVERLAP,FAIL,45.0,FAIL,15.0,FAIL,ORDER_FLOW_BUY_VWAP_RECLAIM_REJECTION,TOP_DOWN_DATA_MISSING,ROUTER_BLOCKED,ACCEPT,PASS,BLOCK,NOT_SENT,SETUP_HUNTER
2026-06-15T15:57:56.179000+00:00,2026-06-15 16:57:56,2026-06-15 16:00 CASA,EURUSD,EURUSD,ORDER_FLOW_EXECUTION_AGENT,BUY,1.15978,1.15817,1.16219,1.5,98,A,80,True,OVERLAP,FAIL,50.0,FAIL,40.0,FAIL,ORDER_FLOW_BUY_LIQUIDITY_SWEEP_REVERSAL,TOP_DOWN_DATA_MISSING,ROUTER_BLOCKED,ACCEPT,PASS,BLOCK,NOT_SENT,SETUP_HUNTER
2026-06-15T15:57:59.807505+00:00,2026-06-15 16:57:59,2026-06-15 16:00 CASA,BTCUSD#,BTCUSD#,ORDER_FLOW_EXECUTION_AGENT,BUY,67241.8,63637.01403,72648.97896,1.5,100,A,85,True,OVERLAP,FAIL,60.0,FAIL,35.0,FAIL,ORDER_FLOW_BUY_VWAP_RECLAIM_REJECTION,TOP_DOWN_DATA_MISSING,ROUTER_BLOCKED,ACCEPT,PASS,BLOCK,NOT_SENT,SETUP_HUNTER
2026-06-15T15:58:00.802145+00:00,2026-06-15 16:58:00,2026-06-15 16:00 CASA,GOLD#,GOLD#,ORDER_FLOW_EXECUTION_AGENT,BUY,4358.38,4174.33312,4634.45032,1.5,100,A,85,True,OVERLAP,FAIL,40.0,FAIL,15.0,FAIL,ORDER_FLOW_BUY_VWAP_RECLAIM_REJECTION,TOP_DOWN_DATA_MISSING,ROUTER_BLOCKED,ACCEPT,PASS,BLOCK,NOT_SENT,SETUP_HUNTER
2026-06-15T15:58:01.457731+00:00,2026-06-15 16:58:01,2026-06-15 16:00 CASA,EURUSD,EURUSD,ORDER_FLOW_EXECUTION_AGENT,BUY,1.15975,1.15817,1.16212,1.5,97,A,80,True,OVERLAP,FAIL,45.0,FAIL,40.0,FAIL,ORDER_FLOW_BUY_LIQUIDITY_SWEEP_REVERSAL,TOP_DOWN_DATA_MISSING,ROUTER_BLOCKED,ACCEPT,PASS,BLOCK,NOT_SENT,SETUP_HUNTER
2026-06-15T15:58:04.948698+00:00,2026-06-15 16:58:04,2026-06-15 16:00 CASA,BTCUSD#,BTCUSD#,ORDER_FLOW_EXECUTION_AGENT,BUY,67247.9,63637.00793,72664.2381,1.5,100,A,85,True,OVERLAP,FAIL,60.0,FAIL,35.0,FAIL,ORDER_FLOW_BUY_VWAP_RECLAIM_REJECTION,TOP_DOWN_DATA_MISSING,ROUTER_BLOCKED,ACCEPT,PASS,BLOCK,NOT_SENT,SETUP_HUNTER
2026-06-15T15:58:05.842522+00:00,2026-06-15 16:58:05,2026-06-15 16:00 CASA,GOLD#,GOLD#,ORDER_FLOW_EXECUTION_AGENT,BUY,4358.33,4174.33317,4634.32524,1.5,100,A,85,True,OVERLAP,FAIL,40.0,FAIL,15.0,FAIL,ORDER_FLOW_BUY_VWAP_RECLAIM_REJECTION,TOP_DOWN_DATA_MISSING,ROUTER_BLOCKED,ACCEPT,PASS,BLOCK,NOT_SENT,SETUP_HUNTER
2026-06-15T15:58:06.449906+00:00,2026-06-15 16:58:06,2026-06-15 16:00 CASA,EURUSD,EURUSD,ORDER_FLOW_EXECUTION_AGENT,BUY,1.15975,1.15817,1.16212,1.5,97,A,80,True,OVERLAP,FAIL,45.0,FAIL,40.0,FAIL,ORDER_FLOW_BUY_LIQUIDITY_SWEEP_REVERSAL,TOP_DOWN_DATA_MISSING,ROUTER_BLOCKED,ACCEPT,PASS,BLOCK,NOT_SENT,SETUP_HUNTER
2026-06-15T15:58:10.072082+00:00,2026-06-15 16:58:10,2026-06-15 16:00 CASA,BTCUSD#,BTCUSD#,NONE,BUY,,,,,0,D,0,False,OVERLAP,,,,,,,NO_STRATEGY_SIGNAL,NO_VALID_SETUP,REJECT,PASS,N/A,NOT_SENT,SETUP_HUNTER
2026-06-15T15:58:10.903759+00:00,2026-06-15 16:58:10,2026-06-15 16:00 CASA,GOLD#,GOLD#,ORDER_FLOW_EXECUTION_AGENT,BUY,4358.77,4174.33273,4635.42591,1.5,100,A,85,True,OVERLAP,FAIL,45.0,FAIL,15.0,FAIL,ORDER_FLOW_BUY_VWAP_RECLAIM_REJECTION,TOP_DOWN_DATA_MISSING,ROUTER_BLOCKED,ACCEPT,PASS,BLOCK,NOT_SENT,SETUP_HUNTER
2026-06-15T15:58:11.478126+00:00,2026-06-15 16:58:11,2026-06-15 16:00 CASA,EURUSD,EURUSD,ORDER_FLOW_EXECUTION_AGENT,BUY,1.15974,1.15817,1.16209,1.5,97,A,80,True,OVERLAP,FAIL,45.0,FAIL,40.0,FAIL,ORDER_FLOW_BUY_LIQUIDITY_SWEEP_REVERSAL,TOP_DOWN_DATA_MISSING,ROUTER_BLOCKED,ACCEPT,PASS,BLOCK,NOT_SENT,SETUP_HUNTER
2026-06-15T15:58:15.013459+00:00,2026-06-15 16:58:15,2026-06-15 16:00 CASA,BTCUSD#,BTCUSD#,NONE,BUY,,,,,0,D,0,False,OVERLAP,,,,,,,NO_STRATEGY_SIGNAL,NO_VALID_SETUP,REJECT,PASS,N/A,NOT_SENT,SETUP_HUNTER
2026-06-15T15:58:15.887786+00:00,2026-06-15 16:58:15,2026-06-15 16:00 CASA,GOLD#,GOLD#,ORDER_FLOW_EXECUTION_AGENT,BUY,4358.57,4174.33293,4634.92561,1.5,100,A,85,True,OVERLAP,FAIL,40.0,FAIL,15.0,FAIL,ORDER_FLOW_BUY_VWAP_RECLAIM_REJECTION,TOP_DOWN_DATA_MISSING,ROUTER_BLOCKED,ACCEPT,PASS,BLOCK,NOT_SENT,SETUP_HUNTER
2026-06-15T15:58:16.429523+00:00,2026-06-15 16:58:16,2026-06-15 16:00 CASA,EURUSD,EURUSD,ORDER_FLOW_EXECUTION_AGENT,BUY,1.15976,1.15817,1.16214,1.5,97,A,80,True,OVERLAP,FAIL,45.0,FAIL,40.0,FAIL,ORDER_FLOW_BUY_LIQUIDITY_SWEEP_REVERSAL,TOP_DOWN_DATA_MISSING,ROUTER_BLOCKED,ACCEPT,PASS,BLOCK,NOT_SENT,SETUP_HUNTER
2026-06-15T15:58:19.904694+00:00,2026-06-15 16:58:19,2026-06-15 16:00 CASA,BTCUSD#,BTCUSD#,NONE,BUY,,,,,0,D,0,False,OVERLAP,,,,,,,NO_STRATEGY_SIGNAL,NO_VALID_SETUP,REJECT,PASS,N/A,NOT_SENT,SETUP_HUNTER
2026-06-15T15:58:20.877315+00:00,2026-06-15 16:58:20,2026-06-15 16:00 CASA,GOLD#,GOLD#,ORDER_FLOW_EXECUTION_AGENT,BUY,4358.53,4174.33297,4634.82554,1.5,100,A,85,True,OVERLAP,FAIL,40.0,FAIL,15.0,FAIL,ORDER_FLOW_BUY_VWAP_RECLAIM_REJECTION,TOP_DOWN_DATA_MISSING,ROUTER_BLOCKED,ACCEPT,PASS,BLOCK,NOT_SENT,SETUP_HUNTER
2026-06-15T15:58:21.420793+00:00,2026-06-15 16:58:21,2026-06-15 16:00 CASA,EURUSD,EURUSD,ORDER_FLOW_EXECUTION_AGENT,BUY,1.15975,1.15817,1.16212,1.5,97,A,80,True,OVERLAP,FAIL,45.0,FAIL,40.0,FAIL,ORDER_FLOW_BUY_LIQUIDITY_SWEEP_REVERSAL,TOP_DOWN_DATA_MISSING,ROUTER_BLOCKED,ACCEPT,PASS,BLOCK,NOT_SENT,SETUP_HUNTER
2026-06-15T15:58:24.915099+00:00,2026-06-15 16:58:24,2026-06-15 16:00 CASA,BTCUSD#,BTCUSD#,ORDER_FLOW_EXECUTION_AGENT,BUY,67250.0,63637.00583,72669.49126,1.5,100,A,85,True,OVERLAP,FAIL,60.0,FAIL,35.0,FAIL,ORDER_FLOW_BUY_VWAP_RECLAIM_REJECTION,TOP_DOWN_DATA_MISSING,ROUTER_BLOCKED,ACCEPT,PASS,BLOCK,NOT_SENT,SETUP_HUNTER
2026-06-15T15:58:25.730547+00:00,2026-06-15 16:58:25,2026-06-15 16:00 CASA,GOLD#,GOLD#,ORDER_FLOW_EXECUTION_AGENT,BUY,4358.35,4174.33315,4634.37528,1.5,100,A,85,True,OVERLAP,FAIL,40.0,FAIL,15.0,FAIL,ORDER_FLOW_BUY_VWAP_RECLAIM_REJECTION,TOP_DOWN_DATA_MISSING,ROUTER_BLOCKED,ACCEPT,PASS,BLOCK,NOT_SENT,SETUP_HUNTER
2026-06-15T15:58:26.385017+00:00,2026-06-15 16:58:26,2026-06-15 16:00 CASA,EURUSD,EURUSD,ORDER_FLOW_EXECUTION_AGENT,BUY,1.15974,1.15817,1.16209,1.5,97,A,80,True,OVERLAP,FAIL,45.0,FAIL,40.0,FAIL,ORDER_FLOW_BUY_LIQUIDITY_SWEEP_REVERSAL,TOP_DOWN_DATA_MISSING,ROUTER_BLOCKED,ACCEPT,PASS,BLOCK,NOT_SENT,SETUP_HUNTER
2026-06-15T15:58:29.869318+00:00,2026-06-15 16:58:29,2026-06-15 16:00 CASA,BTCUSD#,BTCUSD#,NONE,BUY,,,,,0,D,0,False,OVERLAP,,,,,,,NO_STRATEGY_SIGNAL,NO_VALID_SETUP,REJECT,PASS,N/A,NOT_SENT,SETUP_HUNTER
2026-06-15T15:58:30.701762+00:00,2026-06-15 16:58:30,2026-06-15 16:00 CASA,GOLD#,GOLD#,ORDER_FLOW_EXECUTION_AGENT,BUY,4358.19,4174.33331,4633.97503,1.5,100,A,85,True,OVERLAP,FAIL,40.0,FAIL,15.0,FAIL,ORDER_FLOW_BUY_VWAP_RECLAIM_REJECTION,TOP_DOWN_DATA_MISSING,ROUTER_BLOCKED,ACCEPT,PASS,BLOCK,NOT_SENT,SETUP_HUNTER
2026-06-15T15:58:31.229659+00:00,2026-06-15 16:58:31,2026-06-15 16:00 CASA,EURUSD,EURUSD,ORDER_FLOW_EXECUTION_AGENT,BUY,1.15974,1.15817,1.16209,1.5,97,A,80,True,OVERLAP,FAIL,45.0,FAIL,40.0,FAIL,ORDER_FLOW_BUY_LIQUIDITY_SWEEP_REVERSAL,TOP_DOWN_DATA_MISSING,ROUTER_BLOCKED,ACCEPT,PASS,BLOCK,NOT_SENT,SETUP_HUNTER
2026-06-15T15:58:34.858263+00:00,2026-06-15 16:58:34,2026-06-15 16:00 CASA,BTCUSD#,BTCUSD#,NONE,BUY,,,,,0,D,0,False,OVERLAP,,,,,,,NO_STRATEGY_SIGNAL,NO_VALID_SETUP,REJECT,PASS,N/A,NOT_SENT,SETUP_HUNTER
2026-06-15T15:58:35.656998+00:00,2026-06-15 16:58:35,2026-06-15 16:00 CASA,GOLD#,GOLD#,ORDER_FLOW_EXECUTION_AGENT,BUY,4358.14,4174.33336,4633.84996,1.5,100,A,85,True,OVERLAP,FAIL,40.0,FAIL,15.0,FAIL,ORDER_FLOW_BUY_VWAP_RECLAIM_REJECTION,TOP_DOWN_DATA_MISSING,ROUTER_BLOCKED,ACCEPT,PASS,BLOCK,NOT_SENT,SETUP_HUNTER
2026-06-15T15:58:36.178928+00:00,2026-06-15 16:58:36,2026-06-15 16:00 CASA,EURUSD,EURUSD,ORDER_FLOW_EXECUTION_AGENT,BUY,1.15975,1.15817,1.16212,1.5,97,A,80,True,OVERLAP,FAIL,45.0,FAIL,40.0,FAIL,ORDER_FLOW_BUY_LIQUIDITY_SWEEP_REVERSAL,TOP_DOWN_DATA_MISSING,ROUTER_BLOCKED,ACCEPT,PASS,BLOCK,NOT_SENT,SETUP_HUNTER
2026-06-15T15:58:39.820477+00:00,2026-06-15 16:58:39,2026-06-15 16:00 CASA,BTCUSD#,BTCUSD#,NONE,BUY,,,,,0,D,0,False,OVERLAP,,,,,,,NO_STRATEGY_SIGNAL,NO_VALID_SETUP,REJECT,PASS,N/A,NOT_SENT,SETUP_HUNTER
2026-06-15T15:58:40.637884+00:00,2026-06-15 16:58:40,2026-06-15 16:00 CASA,GOLD#,GOLD#,ORDER_FLOW_EXECUTION_AGENT,BUY,4358.11,4174.33339,4633.77491,1.5,100,A,85,True,OVERLAP,FAIL,40.0,FAIL,15.0,FAIL,ORDER_FLOW_BUY_VWAP_RECLAIM_REJECTION,TOP_DOWN_DATA_MISSING,ROUTER_BLOCKED,ACCEPT,PASS,BLOCK,NOT_SENT,SETUP_HUNTER
2026-06-15T15:58:41.166763+00:00,2026-06-15 16:58:41,2026-06-15 16:00 CASA,EURUSD,EURUSD,ORDER_FLOW_EXECUTION_AGENT,BUY,1.15974,1.15817,1.16209,1.5,97,A,80,True,OVERLAP,FAIL,45.0,FAIL,40.0,FAIL,ORDER_FLOW_BUY_LIQUIDITY_SWEEP_REVERSAL,TOP_DOWN_DATA_MISSING,ROUTER_BLOCKED,ACCEPT,PASS,BLOCK,NOT_SENT,SETUP_HUNTER
2026-06-15T15:58:44.886566+00:00,2026-06-15 16:58:44,2026-06-15 16:00 CASA,BTCUSD#,BTCUSD#,NONE,BUY,,,,,0,D,0,False,OVERLAP,,,,,,,NO_STRATEGY_SIGNAL,NO_VALID_SETUP,REJECT,PASS,N/A,NOT_SENT,SETUP_HUNTER
2026-06-15T15:58:45.665649+00:00,2026-06-15 16:58:45,2026-06-15 16:00 CASA,GOLD#,GOLD#,ORDER_FLOW_EXECUTION_AGENT,BUY,4358.38,4174.33312,4634.45032,1.5,100,A,85,True,OVERLAP,FAIL,40.0,FAIL,15.0,FAIL,ORDER_FLOW_BUY_VWAP_RECLAIM_REJECTION,TOP_DOWN_DATA_MISSING,ROUTER_BLOCKED,ACCEPT,PASS,BLOCK,NOT_SENT,SETUP_HUNTER
2026-06-15T15:58:46.200508+00:00,2026-06-15 16:58:46,2026-06-15 16:00 CASA,EURUSD,EURUSD,ORDER_FLOW_EXECUTION_AGENT,BUY,1.15974,1.15817,1.16209,1.5,97,A,80,True,OVERLAP,FAIL,45.0,FAIL,40.0,FAIL,ORDER_FLOW_BUY_LIQUIDITY_SWEEP_REVERSAL,TOP_DOWN_DATA_MISSING,ROUTER_BLOCKED,ACCEPT,PASS,BLOCK,NOT_SENT,SETUP_HUNTER
2026-06-15T15:58:49.838728+00:00,2026-06-15 16:58:49,2026-06-15 16:00 CASA,BTCUSD#,BTCUSD#,NONE,BUY,,,,,0,D,0,False,OVERLAP,,,,,,,NO_STRATEGY_SIGNAL,NO_VALID_SETUP,REJECT,PASS,N/A,NOT_SENT,SETUP_HUNTER
2026-06-15T15:58:50.636706+00:00,2026-06-15 16:58:50,2026-06-15 16:00 CASA,GOLD#,GOLD#,ORDER_FLOW_EXECUTION_AGENT,BUY,4358.32,4174.33318,4634.30023,1.5,100,A,85,True,OVERLAP,FAIL,40.0,FAIL,15.0,FAIL,ORDER_FLOW_BUY_VWAP_RECLAIM_REJECTION,TOP_DOWN_DATA_MISSING,ROUTER_BLOCKED,ACCEPT,PASS,BLOCK,NOT_SENT,SETUP_HUNTER
2026-06-15T15:58:51.164513+00:00,2026-06-15 16:58:51,2026-06-15 16:00 CASA,EURUSD,EURUSD,ORDER_FLOW_EXECUTION_AGENT,BUY,1.15974,1.15817,1.16209,1.5,97,A,80,True,OVERLAP,FAIL,45.0,FAIL,40.0,FAIL,ORDER_FLOW_BUY_LIQUIDITY_SWEEP_REVERSAL,TOP_DOWN_DATA_MISSING,ROUTER_BLOCKED,ACCEPT,PASS,BLOCK,NOT_SENT,SETUP_HUNTER
2026-06-15T15:58:55.865038+00:00,2026-06-15 16:58:55,2026-06-15 16:00 CASA,BTCUSD#,BTCUSD#,NONE,BUY,,,,,0,D,0,False,OVERLAP,,,,,,,NO_STRATEGY_SIGNAL,NO_VALID_SETUP,REJECT,PASS,N/A,NOT_SENT,SETUP_HUNTER
2026-06-15T15:58:56.672895+00:00,2026-06-15 16:58:56,2026-06-15 16:00 CASA,GOLD#,GOLD#,ORDER_FLOW_EXECUTION_AGENT,BUY,4358.43,4174.33307,4634.5754,1.5,100,A,85,True,OVERLAP,FAIL,40.0,FAIL,15.0,FAIL,ORDER_FLOW_BUY_VWAP_RECLAIM_REJECTION,TOP_DOWN_DATA_MISSING,ROUTER_BLOCKED,ACCEPT,PASS,BLOCK,NOT_SENT,SETUP_HUNTER
2026-06-15T15:58:57.361671+00:00,2026-06-15 16:58:57,2026-06-15 16:00 CASA,EURUSD,EURUSD,ORDER_FLOW_EXECUTION_AGENT,BUY,1.15975,1.15817,1.16212,1.5,97,A,80,True,OVERLAP,FAIL,45.0,FAIL,40.0,FAIL,ORDER_FLOW_BUY_LIQUIDITY_SWEEP_REVERSAL,TOP_DOWN_DATA_MISSING,ROUTER_BLOCKED,ACCEPT,PASS,BLOCK,NOT_SENT,SETUP_HUNTER
2026-06-15T15:58:59.991488+00:00,2026-06-15 16:58:59,2026-06-15 16:00 CASA,BTCUSD#,BTCUSD#,NONE,BUY,,,,,0,D,0,False,OVERLAP,,,,,,,NO_STRATEGY_SIGNAL,NO_VALID_SETUP,REJECT,PASS,N/A,NOT_SENT,SETUP_HUNTER
2026-06-15T15:59:01.123045+00:00,2026-06-15 16:59:01,2026-06-15 16:00 CASA,GOLD#,GOLD#,ORDER_FLOW_EXECUTION_AGENT,BUY,4358.22,4174.33328,4634.05008,1.5,100,A,85,True,OVERLAP,FAIL,40.0,FAIL,15.0,FAIL,ORDER_FLOW_BUY_VWAP_RECLAIM_REJECTION,TOP_DOWN_DATA_MISSING,ROUTER_BLOCKED,ACCEPT,PASS,BLOCK,NOT_SENT,SETUP_HUNTER
2026-06-15T15:59:01.801561+00:00,2026-06-15 16:59:01,2026-06-15 16:00 CASA,EURUSD,EURUSD,ORDER_FLOW_EXECUTION_AGENT,BUY,1.15973,1.15817,1.16207,1.5,97,A,80,True,OVERLAP,FAIL,45.0,FAIL,40.0,FAIL,ORDER_FLOW_BUY_LIQUIDITY_SWEEP_REVERSAL,TOP_DOWN_DATA_MISSING,ROUTER_BLOCKED,ACCEPT,PASS,BLOCK,NOT_SENT,SETUP_HUNTER
2026-06-15T15:59:05.906028+00:00,2026-06-15 16:59:05,2026-06-15 16:00 CASA,BTCUSD#,BTCUSD#,NONE,BUY,,,,,0,D,0,False,OVERLAP,,,,,,,NO_STRATEGY_SIGNAL,NO_VALID_SETUP,REJECT,PASS,N/A,NOT_SENT,SETUP_HUNTER
2026-06-15T15:59:08.547900+00:00,2026-06-15 16:59:08,2026-06-15 16:00 CASA,GOLD#,GOLD#,ORDER_FLOW_EXECUTION_AGENT,BUY,4357.39,4174.33411,4631.97384,1.5,100,A,85,True,OVERLAP,FAIL,40.0,FAIL,15.0,FAIL,ORDER_FLOW_BUY_VWAP_RECLAIM_REJECTION,TOP_DOWN_DATA_MISSING,ROUTER_BLOCKED,ACCEPT,PASS,BLOCK,NOT_SENT,SETUP_HUNTER
2026-06-15T15:59:09.651063+00:00,2026-06-15 16:59:09,2026-06-15 16:00 CASA,EURUSD,EURUSD,ORDER_FLOW_EXECUTION_AGENT,BUY,1.15974,1.15817,1.16209,1.5,97,A,80,True,OVERLAP,FAIL,45.0,FAIL,40.0,FAIL,ORDER_FLOW_BUY_LIQUIDITY_SWEEP_REVERSAL,TOP_DOWN_DATA_MISSING,ROUTER_BLOCKED,ACCEPT,PASS,BLOCK,NOT_SENT,SETUP_HUNTER
2026-06-15T15:59:12.667730+00:00,2026-06-15 16:59:12,2026-06-15 16:00 CASA,BTCUSD#,BTCUSD#,NONE,BUY,,,,,0,D,0,False,OVERLAP,,,,,,,NO_STRATEGY_SIGNAL,NO_VALID_SETUP,REJECT,PASS,N/A,NOT_SENT,SETUP_HUNTER
2026-06-15T15:59:18.485071+00:00,2026-06-15 16:59:18,2026-06-15 16:00 CASA,GOLD#,GOLD#,ORDER_FLOW_EXECUTION_AGENT,BUY,4357.35,4174.33415,4631.87378,1.5,100,A,85,True,OVERLAP,FAIL,40.0,FAIL,15.0,FAIL,ORDER_FLOW_BUY_VWAP_RECLAIM_REJECTION,TOP_DOWN_DATA_MISSING,ROUTER_BLOCKED,ACCEPT,PASS,BLOCK,NOT_SENT,SETUP_HUNTER
2026-06-15T15:59:21.681139+00:00,2026-06-15 16:59:21,2026-06-15 16:00 CASA,EURUSD,EURUSD,ORDER_FLOW_EXECUTION_AGENT,BUY,1.15974,1.15817,1.16209,1.5,97,A,80,True,OVERLAP,FAIL,45.0,FAIL,40.0,FAIL,ORDER_FLOW_BUY_LIQUIDITY_SWEEP_REVERSAL,TOP_DOWN_DATA_MISSING,ROUTER_BLOCKED,ACCEPT,PASS,BLOCK,NOT_SENT,SETUP_HUNTER
2026-06-15T15:59:26.662111+00:00,2026-06-15 16:59:26,2026-06-15 16:00 CASA,BTCUSD#,BTCUSD#,NONE,BUY,,,,,0,D,0,False,OVERLAP,,,,,,,NO_STRATEGY_SIGNAL,NO_VALID_SETUP,REJECT,PASS,N/A,NOT_SENT,SETUP_HUNTER
2026-06-15T16:00:40.794916+00:00,2026-06-15 17:00:40,2026-06-15 17:00 CASA,BTCUSD#,BTCUSD#,NONE,BUY,,,,,0,D,0,False,OVERLAP,,,,,,,NO_STRATEGY_SIGNAL,NO_VALID_SETUP,REJECT,PASS,N/A,NOT_SENT,SETUP_HUNTER
2026-06-15T16:00:45.887587+00:00,2026-06-15 17:00:45,2026-06-15 17:00 CASA,GOLD#,GOLD#,NONE,BUY,,,,,0,D,0,False,OVERLAP,,,,,,,NO_STRATEGY_SIGNAL,NO_VALID_SETUP,REJECT,PASS,N/A,NOT_SENT,SETUP_HUNTER
2026-06-15T16:00:46.622908+00:00,2026-06-15 17:00:46,2026-06-15 17:00 CASA,EURUSD,EURUSD,ORDER_FLOW_EXECUTION_AGENT,SELL,1.15966,1.16303,1.15461,1.5,100,A,95,True,OVERLAP,FAIL,40.0,FAIL,15.0,FAIL,ORDER_FLOW_SELL_LIQUIDITY_SWEEP_REVERSAL,TOP_DOWN_DATA_MISSING,ROUTER_BLOCKED,ACCEPT,PASS,BLOCK,NOT_SENT,SETUP_HUNTER
2026-06-15T16:00:54.792768+00:00,2026-06-15 17:00:54,2026-06-15 17:00 CASA,BTCUSD#,BTCUSD#,NONE,BUY,,,,,0,D,0,False,OVERLAP,,,,,,,NO_STRATEGY_SIGNAL,NO_VALID_SETUP,REJECT,PASS,N/A,NOT_SENT,SETUP_HUNTER
2026-06-15T16:00:56.840545+00:00,2026-06-15 17:00:56,2026-06-15 17:00 CASA,GOLD#,GOLD#,NONE,SELL,,,,,0,D,0,False,OVERLAP,,,,,,,NO_STRATEGY_SIGNAL,NO_VALID_SETUP,REJECT,PASS,N/A,NOT_SENT,SETUP_HUNTER
2026-06-15T16:00:58.136269+00:00,2026-06-15 17:00:58,2026-06-15 17:00 CASA,EURUSD,EURUSD,ORDER_FLOW_EXECUTION_AGENT,SELL,1.1597,1.16303,1.15471,1.5,100,A,95,True,OVERLAP,FAIL,35.0,FAIL,15.0,FAIL,ORDER_FLOW_SELL_LIQUIDITY_SWEEP_REVERSAL,TOP_DOWN_DATA_MISSING,ROUTER_BLOCKED,ACCEPT,PASS,BLOCK,NOT_SENT,SETUP_HUNTER
2026-06-15T16:01:00.845956+00:00,2026-06-15 17:01:00,2026-06-15 17:00 CASA,BTCUSD#,BTCUSD#,NONE,BUY,,,,,0,D,0,False,OVERLAP,,,,,,,NO_STRATEGY_SIGNAL,NO_VALID_SETUP,REJECT,PASS,N/A,NOT_SENT,SETUP_HUNTER
2026-06-15T16:01:02.295248+00:00,2026-06-15 17:01:02,2026-06-15 17:00 CASA,GOLD#,GOLD#,NONE,BUY,,,,,0,D,0,False,OVERLAP,,,,,,,NO_STRATEGY_SIGNAL,NO_VALID_SETUP,REJECT,PASS,N/A,NOT_SENT,SETUP_HUNTER
2026-06-15T16:01:03.516133+00:00,2026-06-15 17:01:03,2026-06-15 17:00 CASA,EURUSD,EURUSD,ORDER_FLOW_EXECUTION_AGENT,SELL,1.1597,1.16303,1.15471,1.5,100,A,95,True,OVERLAP,FAIL,35.0,FAIL,15.0,FAIL,ORDER_FLOW_SELL_LIQUIDITY_SWEEP_REVERSAL,TOP_DOWN_DATA_MISSING,ROUTER_BLOCKED,ACCEPT,PASS,BLOCK,NOT_SENT,SETUP_HUNTER
2026-06-15T16:01:06.234977+00:00,2026-06-15 17:01:06,2026-06-15 17:00 CASA,BTCUSD#,BTCUSD#,NONE,BUY,,,,,0,D,0,False,OVERLAP,,,,,,,NO_STRATEGY_SIGNAL,NO_VALID_SETUP,REJECT,PASS,N/A,NOT_SENT,SETUP_HUNTER
2026-06-15T16:01:07.688230+00:00,2026-06-15 17:01:07,2026-06-15 17:00 CASA,GOLD#,GOLD#,NONE,SELL,,,,,0,D,0,False,OVERLAP,,,,,,,NO_STRATEGY_SIGNAL,NO_VALID_SETUP,REJECT,PASS,N/A,NOT_SENT,SETUP_HUNTER
2026-06-15T16:01:08.910090+00:00,2026-06-15 17:01:08,2026-06-15 17:00 CASA,EURUSD,EURUSD,ORDER_FLOW_EXECUTION_AGENT,SELL,1.15969,1.16303,1.15468,1.5,100,A,95,True,OVERLAP,FAIL,35.0,FAIL,15.0,FAIL,ORDER_FLOW_SELL_LIQUIDITY_SWEEP_REVERSAL,TOP_DOWN_DATA_MISSING,ROUTER_BLOCKED,ACCEPT,PASS,BLOCK,NOT_SENT,SETUP_HUNTER
2026-06-15T16:01:21.423490+00:00,2026-06-15 17:01:21,2026-06-15 17:00 CASA,BTCUSD#,BTCUSD#,NONE,BUY,,,,,0,D,0,False,OVERLAP,,,,,,,NO_STRATEGY_SIGNAL,NO_VALID_SETUP,REJECT,PASS,N/A,NOT_SENT,SETUP_HUNTER
2026-06-15T16:01:38.552914+00:00,2026-06-15 17:01:38,2026-06-15 17:00 CASA,GOLD#,GOLD#,NONE,BUY,,,,,0,D,0,False,OVERLAP,,,,,,,NO_STRATEGY_SIGNAL,NO_VALID_SETUP,REJECT,PASS,N/A,NOT_SENT,SETUP_HUNTER
2026-06-15T16:01:44.246561+00:00,2026-06-15 17:01:44,2026-06-15 17:00 CASA,EURUSD,EURUSD,ORDER_FLOW_EXECUTION_AGENT,SELL,1.15968,1.16303,1.15466,1.5,100,A,95,True,OVERLAP,FAIL,35.0,FAIL,15.0,FAIL,ORDER_FLOW_SELL_LIQUIDITY_SWEEP_REVERSAL,TOP_DOWN_DATA_MISSING,ROUTER_BLOCKED,ACCEPT,PASS,BLOCK,NOT_SENT,SETUP_HUNTER
2026-06-15T16:01:46.694821+00:00,2026-06-15 17:01:46,2026-06-15 17:00 CASA,BTCUSD#,BTCUSD#,NONE,BUY,,,,,0,D,0,False,OVERLAP,,,,,,,NO_STRATEGY_SIGNAL,NO_VALID_SETUP,REJECT,PASS,N/A,NOT_SENT,SETUP_HUNTER
2026-06-15T16:01:48.228066+00:00,2026-06-15 17:01:48,2026-06-15 17:00 CASA,GOLD#,GOLD#,NONE,BUY,,,,,0,D,0,False,OVERLAP,,,,,,,NO_STRATEGY_SIGNAL,NO_VALID_SETUP,REJECT,PASS,N/A,NOT_SENT,SETUP_HUNTER
2026-06-15T16:01:49.417813+00:00,2026-06-15 17:01:49,2026-06-15 17:00 CASA,EURUSD,EURUSD,ORDER_FLOW_EXECUTION_AGENT,SELL,1.15969,1.16303,1.15468,1.5,100,A,95,True,OVERLAP,FAIL,35.0,FAIL,15.0,FAIL,ORDER_FLOW_SELL_LIQUIDITY_SWEEP_REVERSAL,TOP_DOWN_DATA_MISSING,ROUTER_BLOCKED,ACCEPT,PASS,BLOCK,NOT_SENT,SETUP_HUNTER
2026-06-15T16:01:51.946348+00:00,2026-06-15 17:01:51,2026-06-15 17:00 CASA,BTCUSD#,BTCUSD#,NONE,BUY,,,,,0,D,0,False,OVERLAP,,,,,,,NO_STRATEGY_SIGNAL,NO_VALID_SETUP,REJECT,PASS,N/A,NOT_SENT,SETUP_HUNTER
2026-06-15T16:01:53.236715+00:00,2026-06-15 17:01:53,2026-06-15 17:00 CASA,GOLD#,GOLD#,NONE,BUY,,,,,0,D,0,False,OVERLAP,,,,,,,NO_STRATEGY_SIGNAL,NO_VALID_SETUP,REJECT,PASS,N/A,NOT_SENT,SETUP_HUNTER
2026-06-15T16:01:55.124095+00:00,2026-06-15 17:01:55,2026-06-15 17:00 CASA,EURUSD,EURUSD,ORDER_FLOW_EXECUTION_AGENT,SELL,1.15971,1.16303,1.15473,1.5,100,A,95,True,OVERLAP,FAIL,35.0,FAIL,15.0,FAIL,ORDER_FLOW_SELL_LIQUIDITY_SWEEP_REVERSAL,TOP_DOWN_DATA_MISSING,ROUTER_BLOCKED,ACCEPT,PASS,BLOCK,NOT_SENT,SETUP_HUNTER
2026-06-15T16:01:57.740974+00:00,2026-06-15 17:01:57,2026-06-15 17:00 CASA,BTCUSD#,BTCUSD#,NONE,BUY,,,,,0,D,0,False,OVERLAP,,,,,,,NO_STRATEGY_SIGNAL,NO_VALID_SETUP,REJECT,PASS,N/A,NOT_SENT,SETUP_HUNTER
2026-06-15T16:01:59.467349+00:00,2026-06-15 17:01:59,2026-06-15 17:00 CASA,GOLD#,GOLD#,NONE,BUY,,,,,0,D,0,False,OVERLAP,,,,,,,NO_STRATEGY_SIGNAL,NO_VALID_SETUP,REJECT,PASS,N/A,NOT_SENT,SETUP_HUNTER
2026-06-15T16:02:00.604932+00:00,2026-06-15 17:02:00,2026-06-15 17:00 CASA,EURUSD,EURUSD,ORDER_FLOW_EXECUTION_AGENT,SELL,1.15973,1.16303,1.15478,1.5,100,A,95,True,OVERLAP,FAIL,35.0,FAIL,15.0,FAIL,ORDER_FLOW_SELL_LIQUIDITY_SWEEP_REVERSAL,TOP_DOWN_DATA_MISSING,ROUTER_BLOCKED,ACCEPT,PASS,BLOCK,NOT_SENT,SETUP_HUNTER
2026-06-15T16:02:03.072430+00:00,2026-06-15 17:02:03,2026-06-15 17:00 CASA,BTCUSD#,BTCUSD#,NONE,BUY,,,,,0,D,0,False,OVERLAP,,,,,,,NO_STRATEGY_SIGNAL,NO_VALID_SETUP,REJECT,PASS,N/A,NOT_SENT,SETUP_HUNTER
2026-06-15T16:02:04.334688+00:00,2026-06-15 17:02:04,2026-06-15 17:00 CASA,GOLD#,GOLD#,NONE,BUY,,,,,0,D,0,False,OVERLAP,,,,,,,NO_STRATEGY_SIGNAL,NO_VALID_SETUP,REJECT,PASS,N/A,NOT_SENT,SETUP_HUNTER
2026-06-15T16:02:05.322741+00:00,2026-06-15 17:02:05,2026-06-15 17:00 CASA,EURUSD,EURUSD,ORDER_FLOW_EXECUTION_AGENT,SELL,1.15973,1.16303,1.15478,1.5,100,A,95,True,OVERLAP,FAIL,35.0,FAIL,15.0,FAIL,ORDER_FLOW_SELL_LIQUIDITY_SWEEP_REVERSAL,TOP_DOWN_DATA_MISSING,ROUTER_BLOCKED,ACCEPT,PASS,BLOCK,NOT_SENT,SETUP_HUNTER
2026-06-15T16:02:08.011740+00:00,2026-06-15 17:02:08,2026-06-15 17:00 CASA,BTCUSD#,BTCUSD#,NONE,BUY,,,,,0,D,0,False,OVERLAP,,,,,,,NO_STRATEGY_SIGNAL,NO_VALID_SETUP,REJECT,PASS,N/A,NOT_SENT,SETUP_HUNTER
2026-06-15T16:02:09.138879+00:00,2026-06-15 17:02:09,2026-06-15 17:00 CASA,GOLD#,GOLD#,NONE,BUY,,,,,0,D,0,False,OVERLAP,,,,,,,NO_STRATEGY_SIGNAL,NO_VALID_SETUP,REJECT,PASS,N/A,NOT_SENT,SETUP_HUNTER
2026-06-15T16:02:10.147634+00:00,2026-06-15 17:02:10,2026-06-15 17:00 CASA,EURUSD,EURUSD,ORDER_FLOW_EXECUTION_AGENT,SELL,1.15974,1.16303,1.15481,1.5,100,A,95,True,OVERLAP,FAIL,35.0,FAIL,15.0,FAIL,ORDER_FLOW_SELL_LIQUIDITY_SWEEP_REVERSAL,TOP_DOWN_DATA_MISSING,ROUTER_BLOCKED,ACCEPT,PASS,BLOCK,NOT_SENT,SETUP_HUNTER
2026-06-15T16:02:12.963270+00:00,2026-06-15 17:02:12,2026-06-15 17:00 CASA,BTCUSD#,BTCUSD#,NONE,BUY,,,,,0,D,0,False,OVERLAP,,,,,,,NO_STRATEGY_SIGNAL,NO_VALID_SETUP,REJECT,PASS,N/A,NOT_SENT,SETUP_HUNTER
2026-06-15T16:02:14.119561+00:00,2026-06-15 17:02:14,2026-06-15 17:00 CASA,GOLD#,GOLD#,NONE,BUY,,,,,0,D,0,False,OVERLAP,,,,,,,NO_STRATEGY_SIGNAL,NO_VALID_SETUP,REJECT,PASS,N/A,NOT_SENT,SETUP_HUNTER
2026-06-15T16:02:15.080071+00:00,2026-06-15 17:02:15,2026-06-15 17:00 CASA,EURUSD,EURUSD,ORDER_FLOW_EXECUTION_AGENT,SELL,1.15973,1.16303,1.15478,1.5,100,A,95,True,OVERLAP,FAIL,35.0,FAIL,15.0,FAIL,ORDER_FLOW_SELL_LIQUIDITY_SWEEP_REVERSAL,TOP_DOWN_DATA_MISSING,ROUTER_BLOCKED,ACCEPT,PASS,BLOCK,NOT_SENT,SETUP_HUNTER
2026-06-15T16:02:18.253137+00:00,2026-06-15 17:02:18,2026-06-15 17:00 CASA,BTCUSD#,BTCUSD#,NONE,BUY,,,,,0,D,0,False,OVERLAP,,,,,,,NO_STRATEGY_SIGNAL,NO_VALID_SETUP,REJECT,PASS,N/A,NOT_SENT,SETUP_HUNTER
2026-06-15T16:02:19.506764+00:00,2026-06-15 17:02:19,2026-06-15 17:00 CASA,GOLD#,GOLD#,NONE,BUY,,,,,0,D,0,False,OVERLAP,,,,,,,NO_STRATEGY_SIGNAL,NO_VALID_SETUP,REJECT,PASS,N/A,NOT_SENT,SETUP_HUNTER
2026-06-15T16:02:20.242250+00:00,2026-06-15 17:02:20,2026-06-15 17:00 CASA,EURUSD,EURUSD,ORDER_FLOW_EXECUTION_AGENT,SELL,1.15973,1.16303,1.15478,1.5,100,A,95,True,OVERLAP,FAIL,35.0,FAIL,15.0,FAIL,ORDER_FLOW_SELL_LIQUIDITY_SWEEP_REVERSAL,TOP_DOWN_DATA_MISSING,ROUTER_BLOCKED,ACCEPT,PASS,BLOCK,NOT_SENT,SETUP_HUNTER
2026-06-15T16:02:22.964543+00:00,2026-06-15 17:02:22,2026-06-15 17:00 CASA,BTCUSD#,BTCUSD#,NONE,BUY,,,,,0,D,0,False,OVERLAP,,,,,,,NO_STRATEGY_SIGNAL,NO_VALID_SETUP,REJECT,PASS,N/A,NOT_SENT,SETUP_HUNTER
2026-06-15T16:02:24.083436+00:00,2026-06-15 17:02:24,2026-06-15 17:00 CASA,GOLD#,GOLD#,NONE,BUY,,,,,0,D,0,False,OVERLAP,,,,,,,NO_STRATEGY_SIGNAL,NO_VALID_SETUP,REJECT,PASS,N/A,NOT_SENT,SETUP_HUNTER
2026-06-15T16:02:24.992739+00:00,2026-06-15 17:02:24,2026-06-15 17:00 CASA,EURUSD,EURUSD,ORDER_FLOW_EXECUTION_AGENT,SELL,1.15973,1.16303,1.15478,1.5,100,A,95,True,OVERLAP,FAIL,35.0,FAIL,15.0,FAIL,ORDER_FLOW_SELL_LIQUIDITY_SWEEP_REVERSAL,TOP_DOWN_DATA_MISSING,ROUTER_BLOCKED,ACCEPT,PASS,BLOCK,NOT_SENT,SETUP_HUNTER
2026-06-15T16:02:28.025832+00:00,2026-06-15 17:02:28,2026-06-15 17:00 CASA,BTCUSD#,BTCUSD#,NONE,BUY,,,,,0,D,0,False,OVERLAP,,,,,,,NO_STRATEGY_SIGNAL,NO_VALID_SETUP,REJECT,PASS,N/A,NOT_SENT,SETUP_HUNTER
2026-06-15T16:02:29.145705+00:00,2026-06-15 17:02:29,2026-06-15 17:00 CASA,GOLD#,GOLD#,NONE,SELL,,,,,0,D,0,False,OVERLAP,,,,,,,NO_STRATEGY_SIGNAL,NO_VALID_SETUP,REJECT,PASS,N/A,NOT_SENT,SETUP_HUNTER
2026-06-15T16:02:29.943176+00:00,2026-06-15 17:02:29,2026-06-15 17:00 CASA,EURUSD,EURUSD,ORDER_FLOW_EXECUTION_AGENT,SELL,1.15972,1.16303,1.15476,1.5,100,A,95,True,OVERLAP,FAIL,35.0,FAIL,15.0,FAIL,ORDER_FLOW_SELL_LIQUIDITY_SWEEP_REVERSAL,TOP_DOWN_DATA_MISSING,ROUTER_BLOCKED,ACCEPT,PASS,BLOCK,NOT_SENT,SETUP_HUNTER
2026-06-15T16:02:32.876157+00:00,2026-06-15 17:02:32,2026-06-15 17:00 CASA,BTCUSD#,BTCUSD#,NONE,BUY,,,,,0,D,0,False,OVERLAP,,,,,,,NO_STRATEGY_SIGNAL,NO_VALID_SETUP,REJECT,PASS,N/A,NOT_SENT,SETUP_HUNTER
2026-06-15T16:02:33.980586+00:00,2026-06-15 17:02:33,2026-06-15 17:00 CASA,GOLD#,GOLD#,NONE,BUY,,,,,0,D,0,False,OVERLAP,,,,,,,NO_STRATEGY_SIGNAL,NO_VALID_SETUP,REJECT,PASS,N/A,NOT_SENT,SETUP_HUNTER
2026-06-15T16:02:34.726945+00:00,2026-06-15 17:02:34,2026-06-15 17:00 CASA,EURUSD,EURUSD,ORDER_FLOW_EXECUTION_AGENT,SELL,1.15973,1.16303,1.15478,1.5,100,A,95,True,OVERLAP,FAIL,35.0,FAIL,15.0,FAIL,ORDER_FLOW_SELL_LIQUIDITY_SWEEP_REVERSAL,TOP_DOWN_DATA_MISSING,ROUTER_BLOCKED,ACCEPT,PASS,BLOCK,NOT_SENT,SETUP_HUNTER
2026-06-15T16:02:38.290727+00:00,2026-06-15 17:02:38,2026-06-15 17:00 CASA,BTCUSD#,BTCUSD#,NONE,BUY,,,,,0,D,0,False,OVERLAP,,,,,,,NO_STRATEGY_SIGNAL,NO_VALID_SETUP,REJECT,PASS,N/A,NOT_SENT,SETUP_HUNTER
2026-06-15T16:02:39.488468+00:00,2026-06-15 17:02:39,2026-06-15 17:00 CASA,GOLD#,GOLD#,NONE,BUY,,,,,0,D,0,False,OVERLAP,,,,,,,NO_STRATEGY_SIGNAL,NO_VALID_SETUP,REJECT,PASS,N/A,NOT_SENT,SETUP_HUNTER
2026-06-15T16:02:40.203743+00:00,2026-06-15 17:02:40,2026-06-15 17:00 CASA,EURUSD,EURUSD,ORDER_FLOW_EXECUTION_AGENT,SELL,1.15973,1.16303,1.15478,1.5,100,A,95,True,OVERLAP,FAIL,35.0,FAIL,15.0,FAIL,ORDER_FLOW_SELL_LIQUIDITY_SWEEP_REVERSAL,TOP_DOWN_DATA_MISSING,ROUTER_BLOCKED,ACCEPT,PASS,BLOCK,NOT_SENT,SETUP_HUNTER
2026-06-15T16:02:43.229529+00:00,2026-06-15 17:02:43,2026-06-15 17:00 CASA,BTCUSD#,BTCUSD#,NONE,BUY,,,,,0,D,0,False,OVERLAP,,,,,,,NO_STRATEGY_SIGNAL,NO_VALID_SETUP,REJECT,PASS,N/A,NOT_SENT,SETUP_HUNTER
2026-06-15T16:02:44.742397+00:00,2026-06-15 17:02:44,2026-06-15 17:00 CASA,GOLD#,GOLD#,NONE,BUY,,,,,0,D,0,False,OVERLAP,,,,,,,NO_STRATEGY_SIGNAL,NO_VALID_SETUP,REJECT,PASS,N/A,NOT_SENT,SETUP_HUNTER
2026-06-15T16:02:45.865204+00:00,2026-06-15 17:02:45,2026-06-15 17:00 CASA,EURUSD,EURUSD,ORDER_FLOW_EXECUTION_AGENT,SELL,1.15973,1.16303,1.15478,1.5,100,A,95,True,OVERLAP,FAIL,35.0,FAIL,15.0,FAIL,ORDER_FLOW_SELL_LIQUIDITY_SWEEP_REVERSAL,TOP_DOWN_DATA_MISSING,ROUTER_BLOCKED,ACCEPT,PASS,BLOCK,NOT_SENT,SETUP_HUNTER
2026-06-15T16:02:48.236280+00:00,2026-06-15 17:02:48,2026-06-15 17:00 CASA,BTCUSD#,BTCUSD#,NONE,BUY,,,,,0,D,0,False,OVERLAP,,,,,,,NO_STRATEGY_SIGNAL,NO_VALID_SETUP,REJECT,PASS,N/A,NOT_SENT,SETUP_HUNTER
2026-06-15T16:02:49.467840+00:00,2026-06-15 17:02:49,2026-06-15 17:00 CASA,GOLD#,GOLD#,NONE,BUY,,,,,0,D,0,False,OVERLAP,,,,,,,NO_STRATEGY_SIGNAL,NO_VALID_SETUP,REJECT,PASS,N/A,NOT_SENT,SETUP_HUNTER
2026-06-15T16:02:50.374002+00:00,2026-06-15 17:02:50,2026-06-15 17:00 CASA,EURUSD,EURUSD,ORDER_FLOW_EXECUTION_AGENT,SELL,1.15974,1.16303,1.15481,1.5,100,A,95,True,OVERLAP,FAIL,35.0,FAIL,15.0,FAIL,ORDER_FLOW_SELL_LIQUIDITY_SWEEP_REVERSAL,TOP_DOWN_DATA_MISSING,ROUTER_BLOCKED,ACCEPT,PASS,BLOCK,NOT_SENT,SETUP_HUNTER
2026-06-15T16:02:53.105451+00:00,2026-06-15 17:02:53,2026-06-15 17:00 CASA,BTCUSD#,BTCUSD#,NONE,BUY,,,,,0,D,0,False,OVERLAP,,,,,,,NO_STRATEGY_SIGNAL,NO_VALID_SETUP,REJECT,PASS,N/A,NOT_SENT,SETUP_HUNTER
2026-06-15T16:02:54.987649+00:00,2026-06-15 17:02:54,2026-06-15 17:00 CASA,GOLD#,GOLD#,NONE,BUY,,,,,0,D,0,False,OVERLAP,,,,,,,NO_STRATEGY_SIGNAL,NO_VALID_SETUP,REJECT,PASS,N/A,NOT_SENT,SETUP_HUNTER
2026-06-15T16:02:55.688320+00:00,2026-06-15 17:02:55,2026-06-15 17:00 CASA,EURUSD,EURUSD,ORDER_FLOW_EXECUTION_AGENT,SELL,1.15974,1.16303,1.15481,1.5,100,A,95,True,OVERLAP,FAIL,35.0,FAIL,15.0,FAIL,ORDER_FLOW_SELL_LIQUIDITY_SWEEP_REVERSAL,TOP_DOWN_DATA_MISSING,ROUTER_BLOCKED,ACCEPT,PASS,BLOCK,NOT_SENT,SETUP_HUNTER
2026-06-15T16:02:57.856946+00:00,2026-06-15 17:02:57,2026-06-15 17:00 CASA,BTCUSD#,BTCUSD#,NONE,BUY,,,,,0,D,0,False,OVERLAP,,,,,,,NO_STRATEGY_SIGNAL,NO_VALID_SETUP,REJECT,PASS,N/A,NOT_SENT,SETUP_HUNTER
2026-06-15T16:02:58.854272+00:00,2026-06-15 17:02:58,2026-06-15 17:00 CASA,GOLD#,GOLD#,NONE,BUY,,,,,0,D,0,False,OVERLAP,,,,,,,NO_STRATEGY_SIGNAL,NO_VALID_SETUP,REJECT,PASS,N/A,NOT_SENT,SETUP_HUNTER
2026-06-15T16:02:59.712746+00:00,2026-06-15 17:02:59,2026-06-15 17:00 CASA,EURUSD,EURUSD,ORDER_FLOW_EXECUTION_AGENT,SELL,1.15974,1.16303,1.15481,1.5,100,A,95,True,OVERLAP,FAIL,35.0,FAIL,15.0,FAIL,ORDER_FLOW_SELL_LIQUIDITY_SWEEP_REVERSAL,TOP_DOWN_DATA_MISSING,ROUTER_BLOCKED,ACCEPT,PASS,BLOCK,NOT_SENT,SETUP_HUNTER
2026-06-15T16:03:02.882300+00:00,2026-06-15 17:03:02,2026-06-15 17:00 CASA,BTCUSD#,BTCUSD#,NONE,BUY,,,,,0,D,0,False,OVERLAP,,,,,,,NO_STRATEGY_SIGNAL,NO_VALID_SETUP,REJECT,PASS,N/A,NOT_SENT,SETUP_HUNTER
2026-06-15T16:03:03.840940+00:00,2026-06-15 17:03:03,2026-06-15 17:00 CASA,GOLD#,GOLD#,NONE,BUY,,,,,0,D,0,False,OVERLAP,,,,,,,NO_STRATEGY_SIGNAL,NO_VALID_SETUP,REJECT,PASS,N/A,NOT_SENT,SETUP_HUNTER
2026-06-15T16:03:04.650985+00:00,2026-06-15 17:03:04,2026-06-15 17:00 CASA,EURUSD,EURUSD,ORDER_FLOW_EXECUTION_AGENT,BUY,1.15976,1.15836,1.16186,1.5,100,A,95,True,OVERLAP,FAIL,35.0,FAIL,15.0,FAIL,ORDER_FLOW_BUY_LIQUIDITY_SWEEP_REVERSAL,TOP_DOWN_DATA_MISSING,ROUTER_BLOCKED,ACCEPT,PASS,BLOCK,NOT_SENT,SETUP_HUNTER
2026-06-15T16:03:07.927260+00:00,2026-06-15 17:03:07,2026-06-15 17:00 CASA,BTCUSD#,BTCUSD#,NONE,BUY,,,,,0,D,0,False,OVERLAP,,,,,,,NO_STRATEGY_SIGNAL,NO_VALID_SETUP,REJECT,PASS,N/A,NOT_SENT,SETUP_HUNTER
2026-06-15T16:03:08.882986+00:00,2026-06-15 17:03:08,2026-06-15 17:00 CASA,GOLD#,GOLD#,NONE,BUY,,,,,0,D,0,False,OVERLAP,,,,,,,NO_STRATEGY_SIGNAL,NO_VALID_SETUP,REJECT,PASS,N/A,NOT_SENT,SETUP_HUNTER
2026-06-15T16:03:09.548147+00:00,2026-06-15 17:03:09,2026-06-15 17:00 CASA,EURUSD,EURUSD,ORDER_FLOW_EXECUTION_AGENT,BUY,1.15978,1.15836,1.16191,1.5,100,A,95,True,OVERLAP,FAIL,35.0,FAIL,15.0,FAIL,ORDER_FLOW_BUY_LIQUIDITY_SWEEP_REVERSAL,TOP_DOWN_DATA_MISSING,ROUTER_BLOCKED,ACCEPT,PASS,BLOCK,NOT_SENT,SETUP_HUNTER
2026-06-15T16:03:12.839841+00:00,2026-06-15 17:03:12,2026-06-15 17:00 CASA,BTCUSD#,BTCUSD#,NONE,BUY,,,,,0,D,0,False,OVERLAP,,,,,,,NO_STRATEGY_SIGNAL,NO_VALID_SETUP,REJECT,PASS,N/A,NOT_SENT,SETUP_HUNTER
2026-06-15T16:03:13.755335+00:00,2026-06-15 17:03:13,2026-06-15 17:00 CASA,GOLD#,GOLD#,NONE,BUY,,,,,0,D,0,False,OVERLAP,,,,,,,NO_STRATEGY_SIGNAL,NO_VALID_SETUP,REJECT,PASS,N/A,NOT_SENT,SETUP_HUNTER
2026-06-15T16:03:14.460566+00:00,2026-06-15 17:03:14,2026-06-15 17:00 CASA,EURUSD,EURUSD,ORDER_FLOW_EXECUTION_AGENT,BUY,1.15978,1.15836,1.16191,1.5,100,A,95,True,OVERLAP,FAIL,35.0,FAIL,15.0,FAIL,ORDER_FLOW_BUY_LIQUIDITY_SWEEP_REVERSAL,TOP_DOWN_DATA_MISSING,ROUTER_BLOCKED,ACCEPT,PASS,BLOCK,NOT_SENT,SETUP_HUNTER
2026-06-15T16:03:17.913487+00:00,2026-06-15 17:03:17,2026-06-15 17:00 CASA,BTCUSD#,BTCUSD#,NONE,BUY,,,,,0,D,0,False,OVERLAP,,,,,,,NO_STRATEGY_SIGNAL,NO_VALID_SETUP,REJECT,PASS,N/A,NOT_SENT,SETUP_HUNTER
2026-06-15T16:03:18.839142+00:00,2026-06-15 17:03:18,2026-06-15 17:00 CASA,GOLD#,GOLD#,NONE,BUY,,,,,0,D,0,False,OVERLAP,,,,,,,NO_STRATEGY_SIGNAL,NO_VALID_SETUP,REJECT,PASS,N/A,NOT_SENT,SETUP_HUNTER
2026-06-15T16:03:19.535466+00:00,2026-06-15 17:03:19,2026-06-15 17:00 CASA,EURUSD,EURUSD,ORDER_FLOW_EXECUTION_AGENT,BUY,1.15981,1.15836,1.16198,1.5,100,A,95,True,OVERLAP,FAIL,35.0,FAIL,15.0,FAIL,ORDER_FLOW_BUY_LIQUIDITY_SWEEP_REVERSAL,TOP_DOWN_DATA_MISSING,ROUTER_BLOCKED,ACCEPT,PASS,BLOCK,NOT_SENT,SETUP_HUNTER
2026-06-15T16:03:22.904964+00:00,2026-06-15 17:03:22,2026-06-15 17:00 CASA,BTCUSD#,BTCUSD#,NONE,BUY,,,,,0,D,0,False,OVERLAP,,,,,,,NO_STRATEGY_SIGNAL,NO_VALID_SETUP,REJECT,PASS,N/A,NOT_SENT,SETUP_HUNTER
2026-06-15T16:03:23.857473+00:00,2026-06-15 17:03:23,2026-06-15 17:00 CASA,GOLD#,GOLD#,NONE,BUY,,,,,0,D,0,False,OVERLAP,,,,,,,NO_STRATEGY_SIGNAL,NO_VALID_SETUP,REJECT,PASS,N/A,NOT_SENT,SETUP_HUNTER
2026-06-15T16:03:24.574307+00:00,2026-06-15 17:03:24,2026-06-15 17:00 CASA,EURUSD,EURUSD,ORDER_FLOW_EXECUTION_AGENT,BUY,1.15979,1.15836,1.16193,1.5,100,A,95,True,OVERLAP,FAIL,35.0,FAIL,15.0,FAIL,ORDER_FLOW_BUY_LIQUIDITY_SWEEP_REVERSAL,TOP_DOWN_DATA_MISSING,ROUTER_BLOCKED,ACCEPT,PASS,BLOCK,NOT_SENT,SETUP_HUNTER
2026-06-15T16:03:27.891510+00:00,2026-06-15 17:03:27,2026-06-15 17:00 CASA,BTCUSD#,BTCUSD#,NONE,BUY,,,,,0,D,0,False,OVERLAP,,,,,,,NO_STRATEGY_SIGNAL,NO_VALID_SETUP,REJECT,PASS,N/A,NOT_SENT,SETUP_HUNTER
2026-06-15T16:03:28.853988+00:00,2026-06-15 17:03:28,2026-06-15 17:00 CASA,GOLD#,GOLD#,NONE,BUY,,,,,0,D,0,False,OVERLAP,,,,,,,NO_STRATEGY_SIGNAL,NO_VALID_SETUP,REJECT,PASS,N/A,NOT_SENT,SETUP_HUNTER
2026-06-15T16:03:29.454487+00:00,2026-06-15 17:03:29,2026-06-15 17:00 CASA,EURUSD,EURUSD,ORDER_FLOW_EXECUTION_AGENT,BUY,1.15978,1.15836,1.16191,1.5,100,A,95,True,OVERLAP,FAIL,35.0,FAIL,15.0,FAIL,ORDER_FLOW_BUY_LIQUIDITY_SWEEP_REVERSAL,TOP_DOWN_DATA_MISSING,ROUTER_BLOCKED,ACCEPT,PASS,BLOCK,NOT_SENT,SETUP_HUNTER
2026-06-15T16:03:33.182008+00:00,2026-06-15 17:03:33,2026-06-15 17:00 CASA,BTCUSD#,BTCUSD#,NONE,BUY,,,,,0,D,0,False,OVERLAP,,,,,,,NO_STRATEGY_SIGNAL,NO_VALID_SETUP,REJECT,PASS,N/A,NOT_SENT,SETUP_HUNTER
2026-06-15T16:03:34.107376+00:00,2026-06-15 17:03:34,2026-06-15 17:00 CASA,GOLD#,GOLD#,NONE,BUY,,,,,0,D,0,False,OVERLAP,,,,,,,NO_STRATEGY_SIGNAL,NO_VALID_SETUP,REJECT,PASS,N/A,NOT_SENT,SETUP_HUNTER
2026-06-15T16:03:34.777534+00:00,2026-06-15 17:03:34,2026-06-15 17:00 CASA,EURUSD,EURUSD,ORDER_FLOW_EXECUTION_AGENT,BUY,1.15978,1.15836,1.16191,1.5,100,A,95,True,OVERLAP,FAIL,35.0,FAIL,15.0,FAIL,ORDER_FLOW_BUY_LIQUIDITY_SWEEP_REVERSAL,TOP_DOWN_DATA_MISSING,ROUTER_BLOCKED,ACCEPT,PASS,BLOCK,NOT_SENT,SETUP_HUNTER
2026-06-15T16:03:38.411980+00:00,2026-06-15 17:03:38,2026-06-15 17:00 CASA,BTCUSD#,BTCUSD#,NONE,BUY,,,,,0,D,0,False,OVERLAP,,,,,,,NO_STRATEGY_SIGNAL,NO_VALID_SETUP,REJECT,PASS,N/A,NOT_SENT,SETUP_HUNTER
2026-06-15T16:03:39.885211+00:00,2026-06-15 17:03:39,2026-06-15 17:00 CASA,GOLD#,GOLD#,NONE,BUY,,,,,0,D,0,False,OVERLAP,,,,,,,NO_STRATEGY_SIGNAL,NO_VALID_SETUP,REJECT,PASS,N/A,NOT_SENT,SETUP_HUNTER
2026-06-15T16:03:42.899602+00:00,2026-06-15 17:03:42,2026-06-15 17:00 CASA,EURUSD,EURUSD,ORDER_FLOW_EXECUTION_AGENT,BUY,1.1598,1.15836,1.16196,1.5,100,A,95,True,OVERLAP,FAIL,35.0,FAIL,15.0,FAIL,ORDER_FLOW_BUY_LIQUIDITY_SWEEP_REVERSAL,TOP_DOWN_DATA_MISSING,ROUTER_BLOCKED,ACCEPT,PASS,BLOCK,NOT_SENT,SETUP_HUNTER
2026-06-15T16:03:53.553285+00:00,2026-06-15 17:03:53,2026-06-15 17:00 CASA,BTCUSD#,BTCUSD#,NONE,BUY,,,,,0,D,0,False,OVERLAP,,,,,,,NO_STRATEGY_SIGNAL,NO_VALID_SETUP,REJECT,PASS,N/A,NOT_SENT,SETUP_HUNTER
2026-06-15T16:04:08.138949+00:00,2026-06-15 17:04:08,2026-06-15 17:00 CASA,GOLD#,GOLD#,NONE,BUY,,,,,0,D,0,False,OVERLAP,,,,,,,NO_STRATEGY_SIGNAL,NO_VALID_SETUP,REJECT,PASS,N/A,NOT_SENT,SETUP_HUNTER
2026-06-15T16:04:17.451269+00:00,2026-06-15 17:04:17,2026-06-15 17:00 CASA,EURUSD,EURUSD,ORDER_FLOW_EXECUTION_AGENT,BUY,1.15979,1.15836,1.16193,1.5,100,A,95,True,OVERLAP,FAIL,35.0,FAIL,15.0,FAIL,ORDER_FLOW_BUY_LIQUIDITY_SWEEP_REVERSAL,TOP_DOWN_DATA_MISSING,ROUTER_BLOCKED,ACCEPT,PASS,BLOCK,NOT_SENT,SETUP_HUNTER
2026-06-15T16:04:36.542057+00:00,2026-06-15 17:04:36,2026-06-15 17:00 CASA,BTCUSD#,BTCUSD#,NONE,BUY,,,,,0,D,0,False,OVERLAP,,,,,,,NO_STRATEGY_SIGNAL,NO_VALID_SETUP,REJECT,PASS,N/A,NOT_SENT,SETUP_HUNTER
2026-06-15T16:04:50.618682+00:00,2026-06-15 17:04:50,2026-06-15 17:00 CASA,GOLD#,GOLD#,NONE,BUY,,,,,0,D,0,False,OVERLAP,,,,,,,NO_STRATEGY_SIGNAL,NO_VALID_SETUP,REJECT,PASS,N/A,NOT_SENT,SETUP_HUNTER
2026-06-15T16:05:03.371459+00:00,2026-06-15 17:05:03,2026-06-15 17:00 CASA,EURUSD,EURUSD,ORDER_FLOW_EXECUTION_AGENT,BUY,1.15984,1.15836,1.16206,1.5,100,A,95,True,OVERLAP,FAIL,35.0,FAIL,15.0,FAIL,ORDER_FLOW_BUY_LIQUIDITY_SWEEP_REVERSAL,TOP_DOWN_DATA_MISSING,ROUTER_BLOCKED,ACCEPT,PASS,BLOCK,NOT_SENT,SETUP_HUNTER
2026-06-15T16:05:14.849244+00:00,2026-06-15 17:05:14,2026-06-15 17:00 CASA,BTCUSD#,BTCUSD#,NONE,BUY,,,,,0,D,0,False,OVERLAP,,,,,,,NO_STRATEGY_SIGNAL,NO_VALID_SETUP,REJECT,PASS,N/A,NOT_SENT,SETUP_HUNTER
2026-06-15T16:05:16.542087+00:00,2026-06-15 17:05:16,2026-06-15 17:00 CASA,GOLD#,GOLD#,NONE,BUY,,,,,0,D,0,False,OVERLAP,,,,,,,NO_STRATEGY_SIGNAL,NO_VALID_SETUP,REJECT,PASS,N/A,NOT_SENT,SETUP_HUNTER
2026-06-15T16:05:18.166607+00:00,2026-06-15 17:05:18,2026-06-15 17:00 CASA,EURUSD,EURUSD,ORDER_FLOW_EXECUTION_AGENT,BUY,1.15994,1.15836,1.16231,1.5,100,A,95,True,OVERLAP,FAIL,45.0,FAIL,40.0,FAIL,ORDER_FLOW_BUY_LIQUIDITY_SWEEP_REVERSAL,TOP_DOWN_DATA_MISSING,ROUTER_BLOCKED,ACCEPT,PASS,BLOCK,NOT_SENT,SETUP_HUNTER
2026-06-15T16:05:21.384941+00:00,2026-06-15 17:05:21,2026-06-15 17:00 CASA,BTCUSD#,BTCUSD#,NONE,BUY,,,,,0,D,0,False,OVERLAP,,,,,,,NO_STRATEGY_SIGNAL,NO_VALID_SETUP,REJECT,PASS,N/A,NOT_SENT,SETUP_HUNTER
2026-06-15T16:05:22.685209+00:00,2026-06-15 17:05:22,2026-06-15 17:00 CASA,GOLD#,GOLD#,NONE,BUY,,,,,0,D,0,False,OVERLAP,,,,,,,NO_STRATEGY_SIGNAL,NO_VALID_SETUP,REJECT,PASS,N/A,NOT_SENT,SETUP_HUNTER
2026-06-15T16:05:23.757651+00:00,2026-06-15 17:05:23,2026-06-15 17:00 CASA,EURUSD,EURUSD,ORDER_FLOW_EXECUTION_AGENT,BUY,1.15994,1.15836,1.16231,1.5,100,A,95,True,OVERLAP,FAIL,45.0,FAIL,40.0,FAIL,ORDER_FLOW_BUY_LIQUIDITY_SWEEP_REVERSAL,TOP_DOWN_DATA_MISSING,ROUTER_BLOCKED,ACCEPT,PASS,BLOCK,NOT_SENT,SETUP_HUNTER
2026-06-15T16:05:26.295166+00:00,2026-06-15 17:05:26,2026-06-15 17:00 CASA,BTCUSD#,BTCUSD#,NONE,BUY,,,,,0,D,0,False,OVERLAP,,,,,,,NO_STRATEGY_SIGNAL,NO_VALID_SETUP,REJECT,PASS,N/A,NOT_SENT,SETUP_HUNTER
2026-06-15T16:05:27.491640+00:00,2026-06-15 17:05:27,2026-06-15 17:00 CASA,GOLD#,GOLD#,NONE,BUY,,,,,0,D,0,False,OVERLAP,,,,,,,NO_STRATEGY_SIGNAL,NO_VALID_SETUP,REJECT,PASS,N/A,NOT_SENT,SETUP_HUNTER
2026-06-15T16:05:28.280384+00:00,2026-06-15 17:05:28,2026-06-15 17:00 CASA,EURUSD,EURUSD,ORDER_FLOW_EXECUTION_AGENT,BUY,1.15998,1.15836,1.16241,1.5,100,A,95,True,OVERLAP,FAIL,45.0,FAIL,40.0,FAIL,ORDER_FLOW_BUY_LIQUIDITY_SWEEP_REVERSAL,TOP_DOWN_DATA_MISSING,ROUTER_BLOCKED,ACCEPT,PASS,BLOCK,NOT_SENT,SETUP_HUNTER
2026-06-15T16:05:30.932319+00:00,2026-06-15 17:05:30,2026-06-15 17:00 CASA,BTCUSD#,BTCUSD#,NONE,BUY,,,,,0,D,0,False,OVERLAP,,,,,,,NO_STRATEGY_SIGNAL,NO_VALID_SETUP,REJECT,PASS,N/A,NOT_SENT,SETUP_HUNTER
2026-06-15T16:05:32.929892+00:00,2026-06-15 17:05:32,2026-06-15 17:00 CASA,GOLD#,GOLD#,NONE,BUY,,,,,0,D,0,False,OVERLAP,,,,,,,NO_STRATEGY_SIGNAL,NO_VALID_SETUP,REJECT,PASS,N/A,NOT_SENT,SETUP_HUNTER
2026-06-15T16:05:33.810168+00:00,2026-06-15 17:05:33,2026-06-15 17:00 CASA,EURUSD,EURUSD,ORDER_FLOW_EXECUTION_AGENT,BUY,1.15996,1.15836,1.16236,1.5,100,A,95,True,OVERLAP,FAIL,45.0,FAIL,40.0,FAIL,ORDER_FLOW_BUY_LIQUIDITY_SWEEP_REVERSAL,TOP_DOWN_DATA_MISSING,ROUTER_BLOCKED,ACCEPT,PASS,BLOCK,NOT_SENT,SETUP_HUNTER
2026-06-15T16:05:35.865959+00:00,2026-06-15 17:05:35,2026-06-15 17:00 CASA,BTCUSD#,BTCUSD#,NONE,BUY,,,,,0,D,0,False,OVERLAP,,,,,,,NO_STRATEGY_SIGNAL,NO_VALID_SETUP,REJECT,PASS,N/A,NOT_SENT,SETUP_HUNTER
2026-06-15T16:05:37.249492+00:00,2026-06-15 17:05:37,2026-06-15 17:00 CASA,GOLD#,GOLD#,NONE,BUY,,,,,0,D,0,False,OVERLAP,,,,,,,NO_STRATEGY_SIGNAL,NO_VALID_SETUP,REJECT,PASS,N/A,NOT_SENT,SETUP_HUNTER
2026-06-15T16:05:38.122657+00:00,2026-06-15 17:05:38,2026-06-15 17:00 CASA,EURUSD,EURUSD,ORDER_FLOW_EXECUTION_AGENT,BUY,1.15992,1.15836,1.16226,1.5,100,A,95,True,OVERLAP,FAIL,45.0,FAIL,40.0,FAIL,ORDER_FLOW_BUY_LIQUIDITY_SWEEP_REVERSAL,TOP_DOWN_DATA_MISSING,ROUTER_BLOCKED,ACCEPT,PASS,BLOCK,NOT_SENT,SETUP_HUNTER
2026-06-15T16:05:42.899368+00:00,2026-06-15 17:05:42,2026-06-15 17:00 CASA,BTCUSD#,BTCUSD#,ORDER_FLOW_EXECUTION_AGENT,BUY,67154.0,63637.24017,72429.13975,1.5,99,A,85,True,OVERLAP,FAIL,35.0,FAIL,15.0,FAIL,ORDER_FLOW_BUY_VWAP_RECLAIM_REJECTION,TOP_DOWN_DATA_MISSING,ROUTER_BLOCKED,ACCEPT,PASS,BLOCK,NOT_SENT,SETUP_HUNTER
2026-06-15T16:05:44.334755+00:00,2026-06-15 17:05:44,2026-06-15 17:00 CASA,GOLD#,GOLD#,NONE,BUY,,,,,0,D,0,False,OVERLAP,,,,,,,NO_STRATEGY_SIGNAL,NO_VALID_SETUP,REJECT,PASS,N/A,NOT_SENT,SETUP_HUNTER
2026-06-15T16:05:45.138918+00:00,2026-06-15 17:05:45,2026-06-15 17:00 CASA,EURUSD,EURUSD,ORDER_FLOW_EXECUTION_AGENT,BUY,1.15993,1.15836,1.16228,1.5,100,A,95,True,OVERLAP,FAIL,45.0,FAIL,40.0,FAIL,ORDER_FLOW_BUY_LIQUIDITY_SWEEP_REVERSAL,TOP_DOWN_DATA_MISSING,ROUTER_BLOCKED,ACCEPT,PASS,BLOCK,NOT_SENT,SETUP_HUNTER
2026-06-15T16:05:47.261682+00:00,2026-06-15 17:05:47,2026-06-15 17:00 CASA,BTCUSD#,BTCUSD#,ORDER_FLOW_EXECUTION_AGENT,BUY,67154.0,63637.24017,72429.13975,1.5,99,A,85,True,OVERLAP,FAIL,35.0,FAIL,15.0,FAIL,ORDER_FLOW_BUY_VWAP_RECLAIM_REJECTION,TOP_DOWN_DATA_MISSING,ROUTER_BLOCKED,ACCEPT,PASS,BLOCK,NOT_SENT,SETUP_HUNTER
2026-06-15T16:05:48.541265+00:00,2026-06-15 17:05:48,2026-06-15 17:00 CASA,GOLD#,GOLD#,NONE,BUY,,,,,0,D,0,False,OVERLAP,,,,,,,NO_STRATEGY_SIGNAL,NO_VALID_SETUP,REJECT,PASS,N/A,NOT_SENT,SETUP_HUNTER
2026-06-15T16:05:49.650759+00:00,2026-06-15 17:05:49,2026-06-15 17:00 CASA,EURUSD,EURUSD,ORDER_FLOW_EXECUTION_AGENT,BUY,1.15993,1.15836,1.16228,1.5,100,A,95,True,OVERLAP,FAIL,45.0,FAIL,40.0,FAIL,ORDER_FLOW_BUY_LIQUIDITY_SWEEP_REVERSAL,TOP_DOWN_DATA_MISSING,ROUTER_BLOCKED,ACCEPT,PASS,BLOCK,NOT_SENT,SETUP_HUNTER
2026-06-15T16:05:52.638292+00:00,2026-06-15 17:05:52,2026-06-15 17:00 CASA,BTCUSD#,BTCUSD#,ORDER_FLOW_EXECUTION_AGENT,BUY,67154.0,63637.24017,72429.13975,1.5,99,A,85,True,OVERLAP,FAIL,35.0,FAIL,15.0,FAIL,ORDER_FLOW_BUY_VWAP_RECLAIM_REJECTION,TOP_DOWN_DATA_MISSING,ROUTER_BLOCKED,ACCEPT,PASS,BLOCK,NOT_SENT,SETUP_HUNTER
2026-06-15T16:05:54.112651+00:00,2026-06-15 17:05:54,2026-06-15 17:00 CASA,GOLD#,GOLD#,NONE,BUY,,,,,0,D,0,False,OVERLAP,,,,,,,NO_STRATEGY_SIGNAL,NO_VALID_SETUP,REJECT,PASS,N/A,NOT_SENT,SETUP_HUNTER
2026-06-15T16:05:55.277682+00:00,2026-06-15 17:05:55,2026-06-15 17:00 CASA,EURUSD,EURUSD,ORDER_FLOW_EXECUTION_AGENT,BUY,1.15992,1.15836,1.16226,1.5,100,A,95,True,OVERLAP,FAIL,45.0,FAIL,40.0,FAIL,ORDER_FLOW_BUY_LIQUIDITY_SWEEP_REVERSAL,TOP_DOWN_DATA_MISSING,ROUTER_BLOCKED,ACCEPT,PASS,BLOCK,NOT_SENT,SETUP_HUNTER
2026-06-15T16:05:57.326071+00:00,2026-06-15 17:05:57,2026-06-15 17:00 CASA,BTCUSD#,BTCUSD#,ORDER_FLOW_EXECUTION_AGENT,BUY,67158.8,63637.23537,72441.14695,1.5,99,A,85,True,OVERLAP,FAIL,35.0,FAIL,15.0,FAIL,ORDER_FLOW_BUY_VWAP_RECLAIM_REJECTION,TOP_DOWN_DATA_MISSING,ROUTER_BLOCKED,ACCEPT,PASS,BLOCK,NOT_SENT,SETUP_HUNTER
2026-06-15T16:05:58.934271+00:00,2026-06-15 17:05:58,2026-06-15 17:00 CASA,GOLD#,GOLD#,NONE,BUY,,,,,0,D,0,False,OVERLAP,,,,,,,NO_STRATEGY_SIGNAL,NO_VALID_SETUP,REJECT,PASS,N/A,NOT_SENT,SETUP_HUNTER
2026-06-15T16:05:59.432502+00:00,2026-06-15 17:05:59,2026-06-15 17:00 CASA,EURUSD,EURUSD,ORDER_FLOW_EXECUTION_AGENT,BUY,1.1599,1.15836,1.16221,1.5,100,A,95,True,OVERLAP,FAIL,45.0,FAIL,40.0,FAIL,ORDER_FLOW_BUY_LIQUIDITY_SWEEP_REVERSAL,TOP_DOWN_DATA_MISSING,ROUTER_BLOCKED,ACCEPT,PASS,BLOCK,NOT_SENT,SETUP_HUNTER
2026-06-15T16:06:02.592765+00:00,2026-06-15 17:06:02,2026-06-15 17:00 CASA,BTCUSD#,BTCUSD#,ORDER_FLOW_EXECUTION_AGENT,BUY,67163.8,63637.23037,72453.65445,1.5,99,A,85,True,OVERLAP,FAIL,35.0,FAIL,15.0,FAIL,ORDER_FLOW_BUY_VWAP_RECLAIM_REJECTION,TOP_DOWN_DATA_MISSING,ROUTER_BLOCKED,ACCEPT,PASS,BLOCK,NOT_SENT,SETUP_HUNTER
2026-06-15T16:06:04.248126+00:00,2026-06-15 17:06:04,2026-06-15 17:00 CASA,GOLD#,GOLD#,NONE,BUY,,,,,0,D,0,False,OVERLAP,,,,,,,NO_STRATEGY_SIGNAL,NO_VALID_SETUP,REJECT,PASS,N/A,NOT_SENT,SETUP_HUNTER
2026-06-15T16:06:04.966804+00:00,2026-06-15 17:06:04,2026-06-15 17:00 CASA,EURUSD,EURUSD,ORDER_FLOW_EXECUTION_AGENT,BUY,1.15993,1.15836,1.16228,1.5,100,A,95,True,OVERLAP,FAIL,40.0,FAIL,40.0,FAIL,ORDER_FLOW_BUY_LIQUIDITY_SWEEP_REVERSAL,TOP_DOWN_DATA_MISSING,ROUTER_BLOCKED,ACCEPT,PASS,BLOCK,NOT_SENT,SETUP_HUNTER
2026-06-15T16:06:07.699150+00:00,2026-06-15 17:06:07,2026-06-15 17:00 CASA,BTCUSD#,BTCUSD#,ORDER_FLOW_EXECUTION_AGENT,BUY,67154.7,63637.23947,72430.89079,1.5,99,A,85,True,OVERLAP,FAIL,35.0,FAIL,15.0,FAIL,ORDER_FLOW_BUY_VWAP_RECLAIM_REJECTION,TOP_DOWN_DATA_MISSING,ROUTER_BLOCKED,ACCEPT,PASS,BLOCK,NOT_SENT,SETUP_HUNTER
2026-06-15T16:06:08.899025+00:00,2026-06-15 17:06:08,2026-06-15 17:00 CASA,GOLD#,GOLD#,NONE,BUY,,,,,0,D,0,False,OVERLAP,,,,,,,NO_STRATEGY_SIGNAL,NO_VALID_SETUP,REJECT,PASS,N/A,NOT_SENT,SETUP_HUNTER
2026-06-15T16:06:09.670831+00:00,2026-06-15 17:06:09,2026-06-15 17:00 CASA,EURUSD,EURUSD,ORDER_FLOW_EXECUTION_AGENT,BUY,1.15996,1.15836,1.16236,1.5,100,A,95,True,OVERLAP,FAIL,40.0,FAIL,40.0,FAIL,ORDER_FLOW_BUY_LIQUIDITY_SWEEP_REVERSAL,TOP_DOWN_DATA_MISSING,ROUTER_BLOCKED,ACCEPT,PASS,BLOCK,NOT_SENT,SETUP_HUNTER
2026-06-15T16:06:12.641611+00:00,2026-06-15 17:06:12,2026-06-15 17:00 CASA,BTCUSD#,BTCUSD#,ORDER_FLOW_EXECUTION_AGENT,BUY,67152.5,63637.24167,72425.3875,1.5,99,A,85,True,OVERLAP,FAIL,35.0,FAIL,15.0,FAIL,ORDER_FLOW_BUY_VWAP_RECLAIM_REJECTION,TOP_DOWN_DATA_MISSING,ROUTER_BLOCKED,ACCEPT,PASS,BLOCK,NOT_SENT,SETUP_HUNTER
2026-06-15T16:06:15.793902+00:00,2026-06-15 17:06:15,2026-06-15 17:00 CASA,GOLD#,GOLD#,NONE,BUY,,,,,0,D,0,False,OVERLAP,,,,,,,NO_STRATEGY_SIGNAL,NO_VALID_SETUP,REJECT,PASS,N/A,NOT_SENT,SETUP_HUNTER
2026-06-15T16:06:18.733392+00:00,2026-06-15 17:06:18,2026-06-15 17:00 CASA,EURUSD,EURUSD,ORDER_FLOW_EXECUTION_AGENT,BUY,1.15993,1.15836,1.16228,1.5,100,A,95,True,OVERLAP,FAIL,40.0,FAIL,40.0,FAIL,ORDER_FLOW_BUY_LIQUIDITY_SWEEP_REVERSAL,TOP_DOWN_DATA_MISSING,ROUTER_BLOCKED,ACCEPT,PASS,BLOCK,NOT_SENT,SETUP_HUNTER
2026-06-15T16:06:25.651594+00:00,2026-06-15 17:06:25,2026-06-15 17:00 CASA,BTCUSD#,BTCUSD#,NONE,BUY,,,,,0,D,0,False,OVERLAP,,,,,,,NO_STRATEGY_SIGNAL,NO_VALID_SETUP,REJECT,PASS,N/A,NOT_SENT,SETUP_HUNTER
2026-06-15T16:06:29.496642+00:00,2026-06-15 17:06:29,2026-06-15 17:00 CASA,GOLD#,GOLD#,NONE,SELL,,,,,0,D,0,False,OVERLAP,,,,,,,NO_STRATEGY_SIGNAL,NO_VALID_SETUP,REJECT,PASS,N/A,NOT_SENT,SETUP_HUNTER
2026-06-15T16:06:30.714378+00:00,2026-06-15 17:06:30,2026-06-15 17:00 CASA,EURUSD,EURUSD,ORDER_FLOW_EXECUTION_AGENT,BUY,1.15993,1.15836,1.16228,1.5,100,A,95,True,OVERLAP,FAIL,40.0,FAIL,40.0,FAIL,ORDER_FLOW_BUY_LIQUIDITY_SWEEP_REVERSAL,TOP_DOWN_DATA_MISSING,ROUTER_BLOCKED,ACCEPT,PASS,BLOCK,NOT_SENT,SETUP_HUNTER
2026-06-15T16:06:33.171907+00:00,2026-06-15 17:06:33,2026-06-15 17:00 CASA,BTCUSD#,BTCUSD#,NONE,BUY,,,,,0,D,0,False,OVERLAP,,,,,,,NO_STRATEGY_SIGNAL,NO_VALID_SETUP,REJECT,PASS,N/A,NOT_SENT,SETUP_HUNTER
2026-06-15T16:06:34.573872+00:00,2026-06-15 17:06:34,2026-06-15 17:00 CASA,GOLD#,GOLD#,NONE,SELL,,,,,0,D,0,False,OVERLAP,,,,,,,NO_STRATEGY_SIGNAL,NO_VALID_SETUP,REJECT,PASS,N/A,NOT_SENT,SETUP_HUNTER
2026-06-15T16:06:35.187753+00:00,2026-06-15 17:06:35,2026-06-15 17:00 CASA,EURUSD,EURUSD,ORDER_FLOW_EXECUTION_AGENT,BUY,1.15995,1.15836,1.16233,1.5,100,A,95,True,OVERLAP,FAIL,40.0,FAIL,40.0,FAIL,ORDER_FLOW_BUY_LIQUIDITY_SWEEP_REVERSAL,TOP_DOWN_DATA_MISSING,ROUTER_BLOCKED,ACCEPT,PASS,BLOCK,NOT_SENT,SETUP_HUNTER
2026-06-15T16:06:38.219378+00:00,2026-06-15 17:06:38,2026-06-15 17:00 CASA,BTCUSD#,BTCUSD#,NONE,BUY,,,,,0,D,0,False,OVERLAP,,,,,,,NO_STRATEGY_SIGNAL,NO_VALID_SETUP,REJECT,PASS,N/A,NOT_SENT,SETUP_HUNTER
2026-06-15T16:06:39.498694+00:00,2026-06-15 17:06:39,2026-06-15 17:00 CASA,GOLD#,GOLD#,NONE,SELL,,,,,0,D,0,False,OVERLAP,,,,,,,NO_STRATEGY_SIGNAL,NO_VALID_SETUP,REJECT,PASS,N/A,NOT_SENT,SETUP_HUNTER
2026-06-15T16:06:40.482761+00:00,2026-06-15 17:06:40,2026-06-15 17:00 CASA,EURUSD,EURUSD,ORDER_FLOW_EXECUTION_AGENT,BUY,1.15995,1.15836,1.16233,1.5,100,A,95,True,OVERLAP,FAIL,40.0,FAIL,40.0,FAIL,ORDER_FLOW_BUY_LIQUIDITY_SWEEP_REVERSAL,TOP_DOWN_DATA_MISSING,ROUTER_BLOCKED,ACCEPT,PASS,BLOCK,NOT_SENT,SETUP_HUNTER
2026-06-15T16:06:42.960512+00:00,2026-06-15 17:06:42,2026-06-15 17:00 CASA,BTCUSD#,BTCUSD#,NONE,BUY,,,,,0,D,0,False,OVERLAP,,,,,,,NO_STRATEGY_SIGNAL,NO_VALID_SETUP,REJECT,PASS,N/A,NOT_SENT,SETUP_HUNTER
2026-06-15T16:06:44.360702+00:00,2026-06-15 17:06:44,2026-06-15 17:00 CASA,GOLD#,GOLD#,NONE,SELL,,,,,0,D,0,False,OVERLAP,,,,,,,NO_STRATEGY_SIGNAL,NO_VALID_SETUP,REJECT,PASS,N/A,NOT_SENT,SETUP_HUNTER
2026-06-15T16:06:45.599194+00:00,2026-06-15 17:06:45,2026-06-15 17:00 CASA,EURUSD,EURUSD,ORDER_FLOW_EXECUTION_AGENT,BUY,1.15996,1.15836,1.16236,1.5,100,A,95,True,OVERLAP,FAIL,40.0,FAIL,40.0,FAIL,ORDER_FLOW_BUY_LIQUIDITY_SWEEP_REVERSAL,TOP_DOWN_DATA_MISSING,ROUTER_BLOCKED,ACCEPT,PASS,BLOCK,NOT_SENT,SETUP_HUNTER
2026-06-15T16:06:48.212040+00:00,2026-06-15 17:06:48,2026-06-15 17:00 CASA,BTCUSD#,BTCUSD#,NONE,BUY,,,,,0,D,0,False,OVERLAP,,,,,,,NO_STRATEGY_SIGNAL,NO_VALID_SETUP,REJECT,PASS,N/A,NOT_SENT,SETUP_HUNTER
2026-06-15T16:06:49.732802+00:00,2026-06-15 17:06:49,2026-06-15 17:00 CASA,GOLD#,GOLD#,NONE,SELL,,,,,0,D,0,False,OVERLAP,,,,,,,NO_STRATEGY_SIGNAL,NO_VALID_SETUP,REJECT,PASS,N/A,NOT_SENT,SETUP_HUNTER
2026-06-15T16:06:50.739307+00:00,2026-06-15 17:06:50,2026-06-15 17:00 CASA,EURUSD,EURUSD,ORDER_FLOW_EXECUTION_AGENT,BUY,1.15995,1.15836,1.16233,1.5,100,A,95,True,OVERLAP,FAIL,40.0,FAIL,40.0,FAIL,ORDER_FLOW_BUY_LIQUIDITY_SWEEP_REVERSAL,TOP_DOWN_DATA_MISSING,ROUTER_BLOCKED,ACCEPT,PASS,BLOCK,NOT_SENT,SETUP_HUNTER
2026-06-15T16:06:53.549977+00:00,2026-06-15 17:06:53,2026-06-15 17:00 CASA,BTCUSD#,BTCUSD#,ORDER_FLOW_EXECUTION_AGENT,BUY,67169.2,63637.22497,72467.16254,1.5,99,A,85,True,OVERLAP,FAIL,35.0,FAIL,15.0,FAIL,ORDER_FLOW_BUY_VWAP_RECLAIM_REJECTION,TOP_DOWN_DATA_MISSING,ROUTER_BLOCKED,ACCEPT,PASS,BLOCK,NOT_SENT,SETUP_HUNTER
2026-06-15T16:06:54.529890+00:00,2026-06-15 17:06:54,2026-06-15 17:00 CASA,GOLD#,GOLD#,NONE,SELL,,,,,0,D,0,False,OVERLAP,,,,,,,NO_STRATEGY_SIGNAL,NO_VALID_SETUP,REJECT,PASS,N/A,NOT_SENT,SETUP_HUNTER
2026-06-15T16:06:55.548355+00:00,2026-06-15 17:06:55,2026-06-15 17:00 CASA,EURUSD,EURUSD,ORDER_FLOW_EXECUTION_AGENT,BUY,1.15995,1.15836,1.16233,1.5,100,A,95,True,OVERLAP,FAIL,40.0,FAIL,40.0,FAIL,ORDER_FLOW_BUY_LIQUIDITY_SWEEP_REVERSAL,TOP_DOWN_DATA_MISSING,ROUTER_BLOCKED,ACCEPT,PASS,BLOCK,NOT_SENT,SETUP_HUNTER
2026-06-15T16:06:58.549876+00:00,2026-06-15 17:06:58,2026-06-15 17:00 CASA,BTCUSD#,BTCUSD#,ORDER_FLOW_EXECUTION_AGENT,BUY,67164.8,63637.22937,72456.15595,1.5,99,A,85,True,OVERLAP,FAIL,35.0,FAIL,15.0,FAIL,ORDER_FLOW_BUY_VWAP_RECLAIM_REJECTION,TOP_DOWN_DATA_MISSING,ROUTER_BLOCKED,ACCEPT,PASS,BLOCK,NOT_SENT,SETUP_HUNTER
2026-06-15T16:06:59.505080+00:00,2026-06-15 17:06:59,2026-06-15 17:00 CASA,GOLD#,GOLD#,NONE,SELL,,,,,0,D,0,False,OVERLAP,,,,,,,NO_STRATEGY_SIGNAL,NO_VALID_SETUP,REJECT,PASS,N/A,NOT_SENT,SETUP_HUNTER
2026-06-15T16:07:00.149702+00:00,2026-06-15 17:07:00,2026-06-15 17:00 CASA,EURUSD,EURUSD,ORDER_FLOW_EXECUTION_AGENT,BUY,1.15994,1.15836,1.16231,1.5,100,A,95,True,OVERLAP,FAIL,40.0,FAIL,40.0,FAIL,ORDER_FLOW_BUY_LIQUIDITY_SWEEP_REVERSAL,TOP_DOWN_DATA_MISSING,ROUTER_BLOCKED,ACCEPT,PASS,BLOCK,NOT_SENT,SETUP_HUNTER
2026-06-15T16:07:03.494134+00:00,2026-06-15 17:07:03,2026-06-15 17:00 CASA,BTCUSD#,BTCUSD#,ORDER_FLOW_EXECUTION_AGENT,BUY,67151.2,63637.24297,72422.13554,1.5,99,A,85,True,OVERLAP,FAIL,35.0,FAIL,15.0,FAIL,ORDER_FLOW_BUY_VWAP_RECLAIM_REJECTION,TOP_DOWN_DATA_MISSING,ROUTER_BLOCKED,ACCEPT,PASS,BLOCK,NOT_SENT,SETUP_HUNTER
2026-06-15T16:07:04.352118+00:00,2026-06-15 17:07:04,2026-06-15 17:00 CASA,GOLD#,GOLD#,NONE,SELL,,,,,0,D,0,False,OVERLAP,,,,,,,NO_STRATEGY_SIGNAL,NO_VALID_SETUP,REJECT,PASS,N/A,NOT_SENT,SETUP_HUNTER
2026-06-15T16:07:04.958834+00:00,2026-06-15 17:07:04,2026-06-15 17:00 CASA,EURUSD,EURUSD,ORDER_FLOW_EXECUTION_AGENT,BUY,1.15994,1.15836,1.16231,1.5,100,A,95,True,OVERLAP,FAIL,40.0,FAIL,40.0,FAIL,ORDER_FLOW_BUY_LIQUIDITY_SWEEP_REVERSAL,TOP_DOWN_DATA_MISSING,ROUTER_BLOCKED,ACCEPT,PASS,BLOCK,NOT_SENT,SETUP_HUNTER
2026-06-15T16:07:08.517418+00:00,2026-06-15 17:07:08,2026-06-15 17:00 CASA,BTCUSD#,BTCUSD#,ORDER_FLOW_EXECUTION_AGENT,BUY,67155.3,63637.23887,72432.39169,1.5,99,A,85,True,OVERLAP,FAIL,35.0,FAIL,15.0,FAIL,ORDER_FLOW_BUY_VWAP_RECLAIM_REJECTION,TOP_DOWN_DATA_MISSING,ROUTER_BLOCKED,ACCEPT,PASS,BLOCK,NOT_SENT,SETUP_HUNTER
2026-06-15T16:07:09.439038+00:00,2026-06-15 17:07:09,2026-06-15 17:00 CASA,GOLD#,GOLD#,NONE,SELL,,,,,0,D,0,False,OVERLAP,,,,,,,NO_STRATEGY_SIGNAL,NO_VALID_SETUP,REJECT,PASS,N/A,NOT_SENT,SETUP_HUNTER
2026-06-15T16:07:10.048181+00:00,2026-06-15 17:07:10,2026-06-15 17:00 CASA,EURUSD,EURUSD,ORDER_FLOW_EXECUTION_AGENT,BUY,1.15997,1.15836,1.16238,1.5,100,A,95,True,OVERLAP,FAIL,40.0,FAIL,40.0,FAIL,ORDER_FLOW_BUY_LIQUIDITY_SWEEP_REVERSAL,TOP_DOWN_DATA_MISSING,ROUTER_BLOCKED,ACCEPT,PASS,BLOCK,NOT_SENT,SETUP_HUNTER
2026-06-15T16:07:13.517479+00:00,2026-06-15 17:07:13,2026-06-15 17:00 CASA,BTCUSD#,BTCUSD#,ORDER_FLOW_EXECUTION_AGENT,BUY,67153.3,63637.24087,72427.3887,1.5,99,A,85,True,OVERLAP,FAIL,35.0,FAIL,15.0,FAIL,ORDER_FLOW_BUY_VWAP_RECLAIM_REJECTION,TOP_DOWN_DATA_MISSING,ROUTER_BLOCKED,ACCEPT,PASS,BLOCK,NOT_SENT,SETUP_HUNTER
2026-06-15T16:07:14.463178+00:00,2026-06-15 17:07:14,2026-06-15 17:00 CASA,GOLD#,GOLD#,NONE,SELL,,,,,0,D,0,False,OVERLAP,,,,,,,NO_STRATEGY_SIGNAL,NO_VALID_SETUP,REJECT,PASS,N/A,NOT_SENT,SETUP_HUNTER
2026-06-15T16:07:15.015785+00:00,2026-06-15 17:07:15,2026-06-15 17:00 CASA,EURUSD,EURUSD,ORDER_FLOW_EXECUTION_AGENT,BUY,1.15993,1.15836,1.16228,1.5,100,A,95,True,OVERLAP,FAIL,35.0,FAIL,15.0,FAIL,ORDER_FLOW_BUY_LIQUIDITY_SWEEP_REVERSAL,TOP_DOWN_DATA_MISSING,ROUTER_BLOCKED,ACCEPT,PASS,BLOCK,NOT_SENT,SETUP_HUNTER
2026-06-15T16:07:18.536669+00:00,2026-06-15 17:07:18,2026-06-15 17:00 CASA,BTCUSD#,BTCUSD#,NONE,BUY,,,,,0,D,0,False,OVERLAP,,,,,,,NO_STRATEGY_SIGNAL,NO_VALID_SETUP,REJECT,PASS,N/A,NOT_SENT,SETUP_HUNTER
2026-06-15T16:07:19.433725+00:00,2026-06-15 17:07:19,2026-06-15 17:00 CASA,GOLD#,GOLD#,NONE,SELL,,,,,0,D,0,False,OVERLAP,,,,,,,NO_STRATEGY_SIGNAL,NO_VALID_SETUP,REJECT,PASS,N/A,NOT_SENT,SETUP_HUNTER
2026-06-15T16:07:20.050945+00:00,2026-06-15 17:07:20,2026-06-15 17:00 CASA,EURUSD,EURUSD,ORDER_FLOW_EXECUTION_AGENT,BUY,1.15993,1.15836,1.16228,1.5,100,A,95,True,OVERLAP,FAIL,35.0,FAIL,15.0,FAIL,ORDER_FLOW_BUY_LIQUIDITY_SWEEP_REVERSAL,TOP_DOWN_DATA_MISSING,ROUTER_BLOCKED,ACCEPT,PASS,BLOCK,NOT_SENT,SETUP_HUNTER
2026-06-15T16:07:23.526940+00:00,2026-06-15 17:07:23,2026-06-15 17:00 CASA,BTCUSD#,BTCUSD#,NONE,BUY,,,,,0,D,0,False,OVERLAP,,,,,,,NO_STRATEGY_SIGNAL,NO_VALID_SETUP,REJECT,PASS,N/A,NOT_SENT,SETUP_HUNTER
2026-06-15T16:07:24.603922+00:00,2026-06-15 17:07:24,2026-06-15 17:00 CASA,GOLD#,GOLD#,NONE,SELL,,,,,0,D,0,False,OVERLAP,,,,,,,NO_STRATEGY_SIGNAL,NO_VALID_SETUP,REJECT,PASS,N/A,NOT_SENT,SETUP_HUNTER
2026-06-15T16:07:25.903252+00:00,2026-06-15 17:07:25,2026-06-15 17:00 CASA,EURUSD,EURUSD,ORDER_FLOW_EXECUTION_AGENT,BUY,1.15993,1.15836,1.16228,1.5,100,A,95,True,OVERLAP,FAIL,35.0,FAIL,15.0,FAIL,ORDER_FLOW_BUY_LIQUIDITY_SWEEP_REVERSAL,TOP_DOWN_DATA_MISSING,ROUTER_BLOCKED,ACCEPT,PASS,BLOCK,NOT_SENT,SETUP_HUNTER
2026-06-15T16:07:29.024090+00:00,2026-06-15 17:07:29,2026-06-15 17:00 CASA,BTCUSD#,BTCUSD#,NONE,BUY,,,,,0,D,0,False,OVERLAP,,,,,,,NO_STRATEGY_SIGNAL,NO_VALID_SETUP,REJECT,PASS,N/A,NOT_SENT,SETUP_HUNTER
2026-06-15T16:07:30.796146+00:00,2026-06-15 17:07:30,2026-06-15 17:00 CASA,GOLD#,GOLD#,NONE,SELL,,,,,0,D,0,False,OVERLAP,,,,,,,NO_STRATEGY_SIGNAL,NO_VALID_SETUP,REJECT,PASS,N/A,NOT_SENT,SETUP_HUNTER
2026-06-15T16:07:31.510045+00:00,2026-06-15 17:07:31,2026-06-15 17:00 CASA,EURUSD,EURUSD,ORDER_FLOW_EXECUTION_AGENT,BUY,1.15997,1.15836,1.16238,1.5,100,A,95,True,OVERLAP,FAIL,40.0,FAIL,40.0,FAIL,ORDER_FLOW_BUY_LIQUIDITY_SWEEP_REVERSAL,TOP_DOWN_DATA_MISSING,ROUTER_BLOCKED,ACCEPT,PASS,BLOCK,NOT_SENT,SETUP_HUNTER
2026-06-15T16:07:34.172828+00:00,2026-06-15 17:07:34,2026-06-15 17:00 CASA,BTCUSD#,BTCUSD#,NONE,BUY,,,,,0,D,0,False,OVERLAP,,,,,,,NO_STRATEGY_SIGNAL,NO_VALID_SETUP,REJECT,PASS,N/A,NOT_SENT,SETUP_HUNTER
2026-06-15T16:07:35.415815+00:00,2026-06-15 17:07:35,2026-06-15 17:00 CASA,GOLD#,GOLD#,NONE,SELL,,,,,0,D,0,False,OVERLAP,,,,,,,NO_STRATEGY_SIGNAL,NO_VALID_SETUP,REJECT,PASS,N/A,NOT_SENT,SETUP_HUNTER
2026-06-15T16:07:36.213567+00:00,2026-06-15 17:07:36,2026-06-15 17:00 CASA,EURUSD,EURUSD,ORDER_FLOW_EXECUTION_AGENT,BUY,1.15997,1.15836,1.16238,1.5,100,A,95,True,OVERLAP,FAIL,40.0,FAIL,40.0,FAIL,ORDER_FLOW_BUY_LIQUIDITY_SWEEP_REVERSAL,TOP_DOWN_DATA_MISSING,ROUTER_BLOCKED,ACCEPT,PASS,BLOCK,NOT_SENT,SETUP_HUNTER
2026-06-15T16:07:38.652816+00:00,2026-06-15 17:07:38,2026-06-15 17:00 CASA,BTCUSD#,BTCUSD#,NONE,BUY,,,,,0,D,0,False,OVERLAP,,,,,,,NO_STRATEGY_SIGNAL,NO_VALID_SETUP,REJECT,PASS,N/A,NOT_SENT,SETUP_HUNTER
2026-06-15T16:07:39.838942+00:00,2026-06-15 17:07:39,2026-06-15 17:00 CASA,GOLD#,GOLD#,NONE,SELL,,,,,0,D,0,False,OVERLAP,,,,,,,NO_STRATEGY_SIGNAL,NO_VALID_SETUP,REJECT,PASS,N/A,NOT_SENT,SETUP_HUNTER
2026-06-15T16:07:40.811118+00:00,2026-06-15 17:07:40,2026-06-15 17:00 CASA,EURUSD,EURUSD,ORDER_FLOW_EXECUTION_AGENT,BUY,1.15997,1.15836,1.16238,1.5,100,A,95,True,OVERLAP,FAIL,40.0,FAIL,40.0,FAIL,ORDER_FLOW_BUY_LIQUIDITY_SWEEP_REVERSAL,TOP_DOWN_DATA_MISSING,ROUTER_BLOCKED,ACCEPT,PASS,BLOCK,NOT_SENT,SETUP_HUNTER
2026-06-15T16:07:44.088861+00:00,2026-06-15 17:07:44,2026-06-15 17:00 CASA,BTCUSD#,BTCUSD#,NONE,BUY,,,,,0,D,0,False,OVERLAP,,,,,,,NO_STRATEGY_SIGNAL,NO_VALID_SETUP,REJECT,PASS,N/A,NOT_SENT,SETUP_HUNTER
2026-06-15T16:07:45.240951+00:00,2026-06-15 17:07:45,2026-06-15 17:00 CASA,GOLD#,GOLD#,NONE,SELL,,,,,0,D,0,False,OVERLAP,,,,,,,NO_STRATEGY_SIGNAL,NO_VALID_SETUP,REJECT,PASS,N/A,NOT_SENT,SETUP_HUNTER
2026-06-15T16:07:46.556493+00:00,2026-06-15 17:07:46,2026-06-15 17:00 CASA,EURUSD,EURUSD,ORDER_FLOW_EXECUTION_AGENT,BUY,1.15995,1.15836,1.16233,1.5,100,A,95,True,OVERLAP,FAIL,40.0,FAIL,40.0,FAIL,ORDER_FLOW_BUY_LIQUIDITY_SWEEP_REVERSAL,TOP_DOWN_DATA_MISSING,ROUTER_BLOCKED,ACCEPT,PASS,BLOCK,NOT_SENT,SETUP_HUNTER
2026-06-15T16:07:49.071710+00:00,2026-06-15 17:07:49,2026-06-15 17:00 CASA,BTCUSD#,BTCUSD#,NONE,BUY,,,,,0,D,0,False,OVERLAP,,,,,,,NO_STRATEGY_SIGNAL,NO_VALID_SETUP,REJECT,PASS,N/A,NOT_SENT,SETUP_HUNTER
2026-06-15T16:07:50.273285+00:00,2026-06-15 17:07:50,2026-06-15 17:00 CASA,GOLD#,GOLD#,NONE,SELL,,,,,0,D,0,False,OVERLAP,,,,,,,NO_STRATEGY_SIGNAL,NO_VALID_SETUP,REJECT,PASS,N/A,NOT_SENT,SETUP_HUNTER
2026-06-15T16:07:50.975347+00:00,2026-06-15 17:07:50,2026-06-15 17:00 CASA,EURUSD,EURUSD,ORDER_FLOW_EXECUTION_AGENT,BUY,1.15995,1.15836,1.16233,1.5,100,A,95,True,OVERLAP,FAIL,40.0,FAIL,40.0,FAIL,ORDER_FLOW_BUY_LIQUIDITY_SWEEP_REVERSAL,TOP_DOWN_DATA_MISSING,ROUTER_BLOCKED,ACCEPT,PASS,BLOCK,NOT_SENT,SETUP_HUNTER
2026-06-15T16:07:53.812817+00:00,2026-06-15 17:07:53,2026-06-15 17:00 CASA,BTCUSD#,BTCUSD#,NONE,BUY,,,,,0,D,0,False,OVERLAP,,,,,,,NO_STRATEGY_SIGNAL,NO_VALID_SETUP,REJECT,PASS,N/A,NOT_SENT,SETUP_HUNTER
2026-06-15T16:07:55.263618+00:00,2026-06-15 17:07:55,2026-06-15 17:00 CASA,GOLD#,GOLD#,NONE,SELL,,,,,0,D,0,False,OVERLAP,,,,,,,NO_STRATEGY_SIGNAL,NO_VALID_SETUP,REJECT,PASS,N/A,NOT_SENT,SETUP_HUNTER
2026-06-15T16:07:56.262752+00:00,2026-06-15 17:07:56,2026-06-15 17:00 CASA,EURUSD,EURUSD,ORDER_FLOW_EXECUTION_AGENT,BUY,1.15995,1.15836,1.16233,1.5,100,A,95,True,OVERLAP,FAIL,40.0,FAIL,40.0,FAIL,ORDER_FLOW_BUY_LIQUIDITY_SWEEP_REVERSAL,TOP_DOWN_DATA_MISSING,ROUTER_BLOCKED,ACCEPT,PASS,BLOCK,NOT_SENT,SETUP_HUNTER
2026-06-15T16:07:58.940614+00:00,2026-06-15 17:07:58,2026-06-15 17:00 CASA,BTCUSD#,BTCUSD#,NONE,BUY,,,,,0,D,0,False,OVERLAP,,,,,,,NO_STRATEGY_SIGNAL,NO_VALID_SETUP,REJECT,PASS,N/A,NOT_SENT,SETUP_HUNTER
2026-06-15T16:08:00.500834+00:00,2026-06-15 17:08:00,2026-06-15 17:00 CASA,GOLD#,GOLD#,NONE,SELL,,,,,0,D,0,False,OVERLAP,,,,,,,NO_STRATEGY_SIGNAL,NO_VALID_SETUP,REJECT,PASS,N/A,NOT_SENT,SETUP_HUNTER
2026-06-15T16:08:01.269525+00:00,2026-06-15 17:08:01,2026-06-15 17:00 CASA,EURUSD,EURUSD,ORDER_FLOW_EXECUTION_AGENT,BUY,1.15997,1.15836,1.16238,1.5,100,A,95,True,OVERLAP,FAIL,40.0,FAIL,40.0,FAIL,ORDER_FLOW_BUY_LIQUIDITY_SWEEP_REVERSAL,TOP_DOWN_DATA_MISSING,ROUTER_BLOCKED,ACCEPT,PASS,BLOCK,NOT_SENT,SETUP_HUNTER
2026-06-15T16:08:03.685224+00:00,2026-06-15 17:08:03,2026-06-15 17:00 CASA,BTCUSD#,BTCUSD#,NONE,BUY,,,,,0,D,0,False,OVERLAP,,,,,,,NO_STRATEGY_SIGNAL,NO_VALID_SETUP,REJECT,PASS,N/A,NOT_SENT,SETUP_HUNTER
2026-06-15T16:08:04.788854+00:00,2026-06-15 17:08:04,2026-06-15 17:00 CASA,GOLD#,GOLD#,NONE,SELL,,,,,0,D,0,False,OVERLAP,,,,,,,NO_STRATEGY_SIGNAL,NO_VALID_SETUP,REJECT,PASS,N/A,NOT_SENT,SETUP_HUNTER
2026-06-15T16:08:05.860871+00:00,2026-06-15 17:08:05,2026-06-15 17:00 CASA,EURUSD,EURUSD,ORDER_FLOW_EXECUTION_AGENT,BUY,1.15996,1.15836,1.16236,1.5,100,A,95,True,OVERLAP,FAIL,40.0,FAIL,40.0,FAIL,ORDER_FLOW_BUY_LIQUIDITY_SWEEP_REVERSAL,TOP_DOWN_DATA_MISSING,ROUTER_BLOCKED,ACCEPT,PASS,BLOCK,NOT_SENT,SETUP_HUNTER
2026-06-15T16:08:08.735698+00:00,2026-06-15 17:08:08,2026-06-15 17:00 CASA,BTCUSD#,BTCUSD#,NONE,BUY,,,,,0,D,0,False,OVERLAP,,,,,,,NO_STRATEGY_SIGNAL,NO_VALID_SETUP,REJECT,PASS,N/A,NOT_SENT,SETUP_HUNTER
2026-06-15T16:08:09.828496+00:00,2026-06-15 17:08:09,2026-06-15 17:00 CASA,GOLD#,GOLD#,NONE,SELL,,,,,0,D,0,False,OVERLAP,,,,,,,NO_STRATEGY_SIGNAL,NO_VALID_SETUP,REJECT,PASS,N/A,NOT_SENT,SETUP_HUNTER
2026-06-15T16:08:10.771569+00:00,2026-06-15 17:08:10,2026-06-15 17:00 CASA,EURUSD,EURUSD,ORDER_FLOW_EXECUTION_AGENT,BUY,1.15997,1.15836,1.16238,1.5,100,A,95,True,OVERLAP,FAIL,40.0,FAIL,40.0,FAIL,ORDER_FLOW_BUY_LIQUIDITY_SWEEP_REVERSAL,TOP_DOWN_DATA_MISSING,ROUTER_BLOCKED,ACCEPT,PASS,BLOCK,NOT_SENT,SETUP_HUNTER
2026-06-15T16:08:13.773010+00:00,2026-06-15 17:08:13,2026-06-15 17:00 CASA,BTCUSD#,BTCUSD#,NONE,BUY,,,,,0,D,0,False,OVERLAP,,,,,,,NO_STRATEGY_SIGNAL,NO_VALID_SETUP,REJECT,PASS,N/A,NOT_SENT,SETUP_HUNTER
2026-06-15T16:08:14.847885+00:00,2026-06-15 17:08:14,2026-06-15 17:00 CASA,GOLD#,GOLD#,NONE,SELL,,,,,0,D,0,False,OVERLAP,,,,,,,NO_STRATEGY_SIGNAL,NO_VALID_SETUP,REJECT,PASS,N/A,NOT_SENT,SETUP_HUNTER
2026-06-15T16:08:15.714757+00:00,2026-06-15 17:08:15,2026-06-15 17:00 CASA,EURUSD,EURUSD,ORDER_FLOW_EXECUTION_AGENT,BUY,1.15996,1.15836,1.16236,1.5,100,A,95,True,OVERLAP,FAIL,40.0,FAIL,40.0,FAIL,ORDER_FLOW_BUY_LIQUIDITY_SWEEP_REVERSAL,TOP_DOWN_DATA_MISSING,ROUTER_BLOCKED,ACCEPT,PASS,BLOCK,NOT_SENT,SETUP_HUNTER
2026-06-15T16:08:18.770247+00:00,2026-06-15 17:08:18,2026-06-15 17:00 CASA,BTCUSD#,BTCUSD#,NONE,BUY,,,,,0,D,0,False,OVERLAP,,,,,,,NO_STRATEGY_SIGNAL,NO_VALID_SETUP,REJECT,PASS,N/A,NOT_SENT,SETUP_HUNTER
2026-06-15T16:08:19.889397+00:00,2026-06-15 17:08:19,2026-06-15 17:00 CASA,GOLD#,GOLD#,NONE,SELL,,,,,0,D,0,False,OVERLAP,,,,,,,NO_STRATEGY_SIGNAL,NO_VALID_SETUP,REJECT,PASS,N/A,NOT_SENT,SETUP_HUNTER
2026-06-15T16:08:20.705493+00:00,2026-06-15 17:08:20,2026-06-15 17:00 CASA,EURUSD,EURUSD,ORDER_FLOW_EXECUTION_AGENT,BUY,1.15997,1.15836,1.16238,1.5,100,A,95,True,OVERLAP,FAIL,40.0,FAIL,40.0,FAIL,ORDER_FLOW_BUY_LIQUIDITY_SWEEP_REVERSAL,TOP_DOWN_DATA_MISSING,ROUTER_BLOCKED,ACCEPT,PASS,BLOCK,NOT_SENT,SETUP_HUNTER
2026-06-15T16:08:23.754580+00:00,2026-06-15 17:08:23,2026-06-15 17:00 CASA,BTCUSD#,BTCUSD#,NONE,BUY,,,,,0,D,0,False,OVERLAP,,,,,,,NO_STRATEGY_SIGNAL,NO_VALID_SETUP,REJECT,PASS,N/A,NOT_SENT,SETUP_HUNTER
2026-06-15T16:08:24.887396+00:00,2026-06-15 17:08:24,2026-06-15 17:00 CASA,GOLD#,GOLD#,NONE,SELL,,,,,0,D,0,False,OVERLAP,,,,,,,NO_STRATEGY_SIGNAL,NO_VALID_SETUP,REJECT,PASS,N/A,NOT_SENT,SETUP_HUNTER
2026-06-15T16:08:25.617453+00:00,2026-06-15 17:08:25,2026-06-15 17:00 CASA,EURUSD,EURUSD,ORDER_FLOW_EXECUTION_AGENT,BUY,1.15995,1.15836,1.16233,1.5,100,A,95,True,OVERLAP,FAIL,35.0,FAIL,15.0,FAIL,ORDER_FLOW_BUY_LIQUIDITY_SWEEP_REVERSAL,TOP_DOWN_DATA_MISSING,ROUTER_BLOCKED,ACCEPT,PASS,BLOCK,NOT_SENT,SETUP_HUNTER
2026-06-15T16:08:28.742064+00:00,2026-06-15 17:08:28,2026-06-15 17:00 CASA,BTCUSD#,BTCUSD#,NONE,BUY,,,,,0,D,0,False,OVERLAP,,,,,,,NO_STRATEGY_SIGNAL,NO_VALID_SETUP,REJECT,PASS,N/A,NOT_SENT,SETUP_HUNTER
2026-06-15T16:08:29.906863+00:00,2026-06-15 17:08:29,2026-06-15 17:00 CASA,GOLD#,GOLD#,NONE,SELL,,,,,0,D,0,False,OVERLAP,,,,,,,NO_STRATEGY_SIGNAL,NO_VALID_SETUP,REJECT,PASS,N/A,NOT_SENT,SETUP_HUNTER
2026-06-15T16:08:30.608188+00:00,2026-06-15 17:08:30,2026-06-15 17:00 CASA,EURUSD,EURUSD,ORDER_FLOW_EXECUTION_AGENT,BUY,1.15994,1.15836,1.16231,1.5,100,A,95,True,OVERLAP,FAIL,35.0,FAIL,15.0,FAIL,ORDER_FLOW_BUY_LIQUIDITY_SWEEP_REVERSAL,TOP_DOWN_DATA_MISSING,ROUTER_BLOCKED,ACCEPT,PASS,BLOCK,NOT_SENT,SETUP_HUNTER
2026-06-15T16:08:33.737614+00:00,2026-06-15 17:08:33,2026-06-15 17:00 CASA,BTCUSD#,BTCUSD#,NONE,BUY,,,,,0,D,0,False,OVERLAP,,,,,,,NO_STRATEGY_SIGNAL,NO_VALID_SETUP,REJECT,PASS,N/A,NOT_SENT,SETUP_HUNTER
2026-06-15T16:08:35.118682+00:00,2026-06-15 17:08:35,2026-06-15 17:00 CASA,GOLD#,GOLD#,NONE,SELL,,,,,0,D,0,False,OVERLAP,,,,,,,NO_STRATEGY_SIGNAL,NO_VALID_SETUP,REJECT,PASS,N/A,NOT_SENT,SETUP_HUNTER
2026-06-15T16:08:35.912562+00:00,2026-06-15 17:08:35,2026-06-15 17:00 CASA,EURUSD,EURUSD,ORDER_FLOW_EXECUTION_AGENT,BUY,1.15994,1.15836,1.16231,1.5,100,A,95,True,OVERLAP,FAIL,35.0,FAIL,15.0,FAIL,ORDER_FLOW_BUY_LIQUIDITY_SWEEP_REVERSAL,TOP_DOWN_DATA_MISSING,ROUTER_BLOCKED,ACCEPT,PASS,BLOCK,NOT_SENT,SETUP_HUNTER
2026-06-15T16:08:38.713834+00:00,2026-06-15 17:08:38,2026-06-15 17:00 CASA,BTCUSD#,BTCUSD#,NONE,BUY,,,,,0,D,0,False,OVERLAP,,,,,,,NO_STRATEGY_SIGNAL,NO_VALID_SETUP,REJECT,PASS,N/A,NOT_SENT,SETUP_HUNTER
2026-06-15T16:08:39.832677+00:00,2026-06-15 17:08:39,2026-06-15 17:00 CASA,GOLD#,GOLD#,NONE,SELL,,,,,0,D,0,False,OVERLAP,,,,,,,NO_STRATEGY_SIGNAL,NO_VALID_SETUP,REJECT,PASS,N/A,NOT_SENT,SETUP_HUNTER
2026-06-15T16:08:40.713627+00:00,2026-06-15 17:08:40,2026-06-15 17:00 CASA,EURUSD,EURUSD,ORDER_FLOW_EXECUTION_AGENT,BUY,1.15994,1.15836,1.16231,1.5,100,A,95,True,OVERLAP,FAIL,35.0,FAIL,15.0,FAIL,ORDER_FLOW_BUY_LIQUIDITY_SWEEP_REVERSAL,TOP_DOWN_DATA_MISSING,ROUTER_BLOCKED,ACCEPT,PASS,BLOCK,NOT_SENT,SETUP_HUNTER
2026-06-15T16:08:43.913903+00:00,2026-06-15 17:08:43,2026-06-15 17:00 CASA,BTCUSD#,BTCUSD#,NONE,BUY,,,,,0,D,0,False,OVERLAP,,,,,,,NO_STRATEGY_SIGNAL,NO_VALID_SETUP,REJECT,PASS,N/A,NOT_SENT,SETUP_HUNTER
2026-06-15T16:08:45.126674+00:00,2026-06-15 17:08:45,2026-06-15 17:00 CASA,GOLD#,GOLD#,NONE,SELL,,,,,0,D,0,False,OVERLAP,,,,,,,NO_STRATEGY_SIGNAL,NO_VALID_SETUP,REJECT,PASS,N/A,NOT_SENT,SETUP_HUNTER
2026-06-15T16:08:45.908293+00:00,2026-06-15 17:08:45,2026-06-15 17:00 CASA,EURUSD,EURUSD,ORDER_FLOW_EXECUTION_AGENT,BUY,1.15997,1.15836,1.16238,1.5,100,A,95,True,OVERLAP,FAIL,40.0,FAIL,40.0,FAIL,ORDER_FLOW_BUY_LIQUIDITY_SWEEP_REVERSAL,TOP_DOWN_DATA_MISSING,ROUTER_BLOCKED,ACCEPT,PASS,BLOCK,NOT_SENT,SETUP_HUNTER
2026-06-15T16:08:48.969674+00:00,2026-06-15 17:08:48,2026-06-15 17:00 CASA,BTCUSD#,BTCUSD#,NONE,BUY,,,,,0,D,0,False,OVERLAP,,,,,,,NO_STRATEGY_SIGNAL,NO_VALID_SETUP,REJECT,PASS,N/A,NOT_SENT,SETUP_HUNTER
2026-06-15T16:08:50.184296+00:00,2026-06-15 17:08:50,2026-06-15 17:00 CASA,GOLD#,GOLD#,NONE,SELL,,,,,0,D,0,False,OVERLAP,,,,,,,NO_STRATEGY_SIGNAL,NO_VALID_SETUP,REJECT,PASS,N/A,NOT_SENT,SETUP_HUNTER
2026-06-15T16:08:50.934205+00:00,2026-06-15 17:08:50,2026-06-15 17:00 CASA,EURUSD,EURUSD,ORDER_FLOW_EXECUTION_AGENT,BUY,1.15999,1.15836,1.16243,1.5,100,A,95,True,OVERLAP,FAIL,40.0,FAIL,40.0,FAIL,ORDER_FLOW_BUY_LIQUIDITY_SWEEP_REVERSAL,TOP_DOWN_DATA_MISSING,ROUTER_BLOCKED,ACCEPT,PASS,BLOCK,NOT_SENT,SETUP_HUNTER
2026-06-15T16:08:55.154419+00:00,2026-06-15 17:08:55,2026-06-15 17:00 CASA,BTCUSD#,BTCUSD#,NONE,BUY,,,,,0,D,0,False,OVERLAP,,,,,,,NO_STRATEGY_SIGNAL,NO_VALID_SETUP,REJECT,PASS,N/A,NOT_SENT,SETUP_HUNTER
2026-06-15T16:08:56.231022+00:00,2026-06-15 17:08:56,2026-06-15 17:00 CASA,GOLD#,GOLD#,NONE,SELL,,,,,0,D,0,False,OVERLAP,,,,,,,NO_STRATEGY_SIGNAL,NO_VALID_SETUP,REJECT,PASS,N/A,NOT_SENT,SETUP_HUNTER
2026-06-15T16:08:57.039638+00:00,2026-06-15 17:08:57,2026-06-15 17:00 CASA,EURUSD,EURUSD,ORDER_FLOW_EXECUTION_AGENT,BUY,1.16,1.15836,1.16246,1.5,100,A,95,True,OVERLAP,FAIL,40.0,FAIL,40.0,FAIL,ORDER_FLOW_BUY_LIQUIDITY_SWEEP_REVERSAL,TOP_DOWN_DATA_MISSING,ROUTER_BLOCKED,ACCEPT,PASS,BLOCK,NOT_SENT,SETUP_HUNTER
2026-06-15T16:08:59.429371+00:00,2026-06-15 17:08:59,2026-06-15 17:00 CASA,BTCUSD#,BTCUSD#,NONE,BUY,,,,,0,D,0,False,OVERLAP,,,,,,,NO_STRATEGY_SIGNAL,NO_VALID_SETUP,REJECT,PASS,N/A,NOT_SENT,SETUP_HUNTER
2026-06-15T16:09:00.732104+00:00,2026-06-15 17:09:00,2026-06-15 17:00 CASA,GOLD#,GOLD#,NONE,SELL,,,,,0,D,0,False,OVERLAP,,,,,,,NO_STRATEGY_SIGNAL,NO_VALID_SETUP,REJECT,PASS,N/A,NOT_SENT,SETUP_HUNTER
2026-06-15T16:09:01.620776+00:00,2026-06-15 17:09:01,2026-06-15 17:00 CASA,EURUSD,EURUSD,ORDER_FLOW_EXECUTION_AGENT,BUY,1.16,1.15836,1.16246,1.5,100,A,95,True,OVERLAP,FAIL,40.0,FAIL,40.0,FAIL,ORDER_FLOW_BUY_LIQUIDITY_SWEEP_REVERSAL,TOP_DOWN_DATA_MISSING,ROUTER_BLOCKED,ACCEPT,PASS,BLOCK,NOT_SENT,SETUP_HUNTER
2026-06-15T16:09:04.407762+00:00,2026-06-15 17:09:04,2026-06-15 17:00 CASA,BTCUSD#,BTCUSD#,NONE,BUY,,,,,0,D,0,False,OVERLAP,,,,,,,NO_STRATEGY_SIGNAL,NO_VALID_SETUP,REJECT,PASS,N/A,NOT_SENT,SETUP_HUNTER
2026-06-15T16:09:05.815148+00:00,2026-06-15 17:09:05,2026-06-15 17:00 CASA,GOLD#,GOLD#,NONE,SELL,,,,,0,D,0,False,OVERLAP,,,,,,,NO_STRATEGY_SIGNAL,NO_VALID_SETUP,REJECT,PASS,N/A,NOT_SENT,SETUP_HUNTER
2026-06-15T16:09:06.537856+00:00,2026-06-15 17:09:06,2026-06-15 17:00 CASA,EURUSD,EURUSD,ORDER_FLOW_EXECUTION_AGENT,BUY,1.15999,1.15836,1.16243,1.5,100,A,95,True,OVERLAP,FAIL,40.0,FAIL,40.0,FAIL,ORDER_FLOW_BUY_LIQUIDITY_SWEEP_REVERSAL,TOP_DOWN_DATA_MISSING,ROUTER_BLOCKED,ACCEPT,PASS,BLOCK,NOT_SENT,SETUP_HUNTER
2026-06-15T16:09:09.112046+00:00,2026-06-15 17:09:09,2026-06-15 17:00 CASA,BTCUSD#,BTCUSD#,NONE,BUY,,,,,0,D,0,False,OVERLAP,,,,,,,NO_STRATEGY_SIGNAL,NO_VALID_SETUP,REJECT,PASS,N/A,NOT_SENT,SETUP_HUNTER
2026-06-15T16:09:10.978283+00:00,2026-06-15 17:09:10,2026-06-15 17:00 CASA,GOLD#,GOLD#,NONE,SELL,,,,,0,D,0,False,OVERLAP,,,,,,,NO_STRATEGY_SIGNAL,NO_VALID_SETUP,REJECT,PASS,N/A,NOT_SENT,SETUP_HUNTER
2026-06-15T16:09:11.897839+00:00,2026-06-15 17:09:11,2026-06-15 17:00 CASA,EURUSD,EURUSD,ORDER_FLOW_EXECUTION_AGENT,BUY,1.15997,1.15836,1.16238,1.5,100,A,95,True,OVERLAP,FAIL,35.0,FAIL,15.0,FAIL,ORDER_FLOW_BUY_LIQUIDITY_SWEEP_REVERSAL,TOP_DOWN_DATA_MISSING,ROUTER_BLOCKED,ACCEPT,PASS,BLOCK,NOT_SENT,SETUP_HUNTER
2026-06-15T16:09:14.138196+00:00,2026-06-15 17:09:14,2026-06-15 17:00 CASA,BTCUSD#,BTCUSD#,NONE,BUY,,,,,0,D,0,False,OVERLAP,,,,,,,NO_STRATEGY_SIGNAL,NO_VALID_SETUP,REJECT,PASS,N/A,NOT_SENT,SETUP_HUNTER
2026-06-15T16:09:15.267885+00:00,2026-06-15 17:09:15,2026-06-15 17:00 CASA,GOLD#,GOLD#,NONE,SELL,,,,,0,D,0,False,OVERLAP,,,,,,,NO_STRATEGY_SIGNAL,NO_VALID_SETUP,REJECT,PASS,N/A,NOT_SENT,SETUP_HUNTER
2026-06-15T16:09:16.321684+00:00,2026-06-15 17:09:16,2026-06-15 17:00 CASA,EURUSD,EURUSD,ORDER_FLOW_EXECUTION_AGENT,BUY,1.15997,1.15836,1.16238,1.5,100,A,95,True,OVERLAP,FAIL,35.0,FAIL,15.0,FAIL,ORDER_FLOW_BUY_LIQUIDITY_SWEEP_REVERSAL,TOP_DOWN_DATA_MISSING,ROUTER_BLOCKED,ACCEPT,PASS,BLOCK,NOT_SENT,SETUP_HUNTER
2026-06-15T16:09:19.223246+00:00,2026-06-15 17:09:19,2026-06-15 17:00 CASA,BTCUSD#,BTCUSD#,NONE,BUY,,,,,0,D,0,False,OVERLAP,,,,,,,NO_STRATEGY_SIGNAL,NO_VALID_SETUP,REJECT,PASS,N/A,NOT_SENT,SETUP_HUNTER
2026-06-15T16:09:20.375424+00:00,2026-06-15 17:09:20,2026-06-15 17:00 CASA,GOLD#,GOLD#,NONE,SELL,,,,,0,D,0,False,OVERLAP,,,,,,,NO_STRATEGY_SIGNAL,NO_VALID_SETUP,REJECT,PASS,N/A,NOT_SENT,SETUP_HUNTER
2026-06-15T16:09:21.778181+00:00,2026-06-15 17:09:21,2026-06-15 17:00 CASA,EURUSD,EURUSD,ORDER_FLOW_EXECUTION_AGENT,BUY,1.15996,1.15836,1.16236,1.5,100,A,95,True,OVERLAP,FAIL,35.0,FAIL,15.0,FAIL,ORDER_FLOW_BUY_LIQUIDITY_SWEEP_REVERSAL,TOP_DOWN_DATA_MISSING,ROUTER_BLOCKED,ACCEPT,PASS,BLOCK,NOT_SENT,SETUP_HUNTER
2026-06-15T16:09:24.131112+00:00,2026-06-15 17:09:24,2026-06-15 17:00 CASA,BTCUSD#,BTCUSD#,NONE,BUY,,,,,0,D,0,False,OVERLAP,,,,,,,NO_STRATEGY_SIGNAL,NO_VALID_SETUP,REJECT,PASS,N/A,NOT_SENT,SETUP_HUNTER
2026-06-15T16:09:25.276579+00:00,2026-06-15 17:09:25,2026-06-15 17:00 CASA,GOLD#,GOLD#,NONE,SELL,,,,,0,D,0,False,OVERLAP,,,,,,,NO_STRATEGY_SIGNAL,NO_VALID_SETUP,REJECT,PASS,N/A,NOT_SENT,SETUP_HUNTER
2026-06-15T16:09:26.118654+00:00,2026-06-15 17:09:26,2026-06-15 17:00 CASA,EURUSD,EURUSD,ORDER_FLOW_EXECUTION_AGENT,BUY,1.15996,1.15836,1.16236,1.5,100,A,95,True,OVERLAP,FAIL,35.0,FAIL,15.0,FAIL,ORDER_FLOW_BUY_LIQUIDITY_SWEEP_REVERSAL,TOP_DOWN_DATA_MISSING,ROUTER_BLOCKED,ACCEPT,PASS,BLOCK,NOT_SENT,SETUP_HUNTER
2026-06-15T16:09:29.160049+00:00,2026-06-15 17:09:29,2026-06-15 17:00 CASA,BTCUSD#,BTCUSD#,NONE,BUY,,,,,0,D,0,False,OVERLAP,,,,,,,NO_STRATEGY_SIGNAL,NO_VALID_SETUP,REJECT,PASS,N/A,NOT_SENT,SETUP_HUNTER
2026-06-15T16:09:30.334353+00:00,2026-06-15 17:09:30,2026-06-15 17:00 CASA,GOLD#,GOLD#,NONE,SELL,,,,,0,D,0,False,OVERLAP,,,,,,,NO_STRATEGY_SIGNAL,NO_VALID_SETUP,REJECT,PASS,N/A,NOT_SENT,SETUP_HUNTER
2026-06-15T16:09:31.084470+00:00,2026-06-15 17:09:31,2026-06-15 17:00 CASA,EURUSD,EURUSD,ORDER_FLOW_EXECUTION_AGENT,BUY,1.15999,1.15836,1.16243,1.5,100,A,95,True,OVERLAP,FAIL,40.0,FAIL,40.0,FAIL,ORDER_FLOW_BUY_LIQUIDITY_SWEEP_REVERSAL,TOP_DOWN_DATA_MISSING,ROUTER_BLOCKED,ACCEPT,PASS,BLOCK,NOT_SENT,SETUP_HUNTER
2026-06-15T16:09:34.182916+00:00,2026-06-15 17:09:34,2026-06-15 17:00 CASA,BTCUSD#,BTCUSD#,ORDER_FLOW_EXECUTION_AGENT,BUY,67154.4,63637.23977,72430.14034,1.5,99,A,85,True,OVERLAP,FAIL,35.0,FAIL,15.0,FAIL,ORDER_FLOW_BUY_VWAP_RECLAIM_REJECTION,TOP_DOWN_DATA_MISSING,ROUTER_BLOCKED,ACCEPT,PASS,BLOCK,NOT_SENT,SETUP_HUNTER
2026-06-15T16:09:35.388763+00:00,2026-06-15 17:09:35,2026-06-15 17:00 CASA,GOLD#,GOLD#,NONE,SELL,,,,,0,D,0,False,OVERLAP,,,,,,,NO_STRATEGY_SIGNAL,NO_VALID_SETUP,REJECT,PASS,N/A,NOT_SENT,SETUP_HUNTER
2026-06-15T16:09:36.153299+00:00,2026-06-15 17:09:36,2026-06-15 17:00 CASA,EURUSD,EURUSD,ORDER_FLOW_EXECUTION_AGENT,BUY,1.16003,1.15836,1.16254,1.5,100,A,95,True,OVERLAP,FAIL,45.0,FAIL,40.0,FAIL,ORDER_FLOW_BUY_LIQUIDITY_SWEEP_REVERSAL,TOP_DOWN_DATA_MISSING,ROUTER_BLOCKED,ACCEPT,PASS,BLOCK,NOT_SENT,SETUP_HUNTER
2026-06-15T16:09:39.182201+00:00,2026-06-15 17:09:39,2026-06-15 17:00 CASA,BTCUSD#,BTCUSD#,ORDER_FLOW_EXECUTION_AGENT,BUY,67158.3,63637.23587,72439.8962,1.5,99,A,85,True,OVERLAP,FAIL,35.0,FAIL,15.0,FAIL,ORDER_FLOW_BUY_VWAP_RECLAIM_REJECTION,TOP_DOWN_DATA_MISSING,ROUTER_BLOCKED,ACCEPT,PASS,BLOCK,NOT_SENT,SETUP_HUNTER
2026-06-15T16:09:40.333329+00:00,2026-06-15 17:09:40,2026-06-15 17:00 CASA,GOLD#,GOLD#,NONE,SELL,,,,,0,D,0,False,OVERLAP,,,,,,,NO_STRATEGY_SIGNAL,NO_VALID_SETUP,REJECT,PASS,N/A,NOT_SENT,SETUP_HUNTER
2026-06-15T16:09:41.210278+00:00,2026-06-15 17:09:41,2026-06-15 17:00 CASA,EURUSD,EURUSD,ORDER_FLOW_EXECUTION_AGENT,BUY,1.16004,1.15836,1.16256,1.5,100,A,95,True,OVERLAP,FAIL,45.0,FAIL,40.0,FAIL,ORDER_FLOW_BUY_LIQUIDITY_SWEEP_REVERSAL,TOP_DOWN_DATA_MISSING,ROUTER_BLOCKED,ACCEPT,PASS,BLOCK,NOT_SENT,SETUP_HUNTER
2026-06-15T16:09:44.184877+00:00,2026-06-15 17:09:44,2026-06-15 17:00 CASA,BTCUSD#,BTCUSD#,ORDER_FLOW_EXECUTION_AGENT,BUY,67158.3,63637.23587,72439.8962,1.5,99,A,85,True,OVERLAP,FAIL,35.0,FAIL,15.0,FAIL,ORDER_FLOW_BUY_VWAP_RECLAIM_REJECTION,TOP_DOWN_DATA_MISSING,ROUTER_BLOCKED,ACCEPT,PASS,BLOCK,NOT_SENT,SETUP_HUNTER
2026-06-15T16:09:45.267039+00:00,2026-06-15 17:09:45,2026-06-15 17:00 CASA,GOLD#,GOLD#,NONE,SELL,,,,,0,D,0,False,OVERLAP,,,,,,,NO_STRATEGY_SIGNAL,NO_VALID_SETUP,REJECT,PASS,N/A,NOT_SENT,SETUP_HUNTER
2026-06-15T16:09:46.102447+00:00,2026-06-15 17:09:46,2026-06-15 17:00 CASA,EURUSD,EURUSD,ORDER_FLOW_EXECUTION_AGENT,BUY,1.16005,1.15836,1.16259,1.5,100,A,95,True,OVERLAP,FAIL,45.0,FAIL,40.0,FAIL,ORDER_FLOW_BUY_LIQUIDITY_SWEEP_REVERSAL,TOP_DOWN_DATA_MISSING,ROUTER_BLOCKED,ACCEPT,PASS,BLOCK,NOT_SENT,SETUP_HUNTER
2026-06-15T16:09:49.368053+00:00,2026-06-15 17:09:49,2026-06-15 17:00 CASA,BTCUSD#,BTCUSD#,ORDER_FLOW_EXECUTION_AGENT,BUY,67161.7,63637.23247,72448.40129,1.5,99,A,85,True,OVERLAP,FAIL,35.0,FAIL,15.0,FAIL,ORDER_FLOW_BUY_VWAP_RECLAIM_REJECTION,TOP_DOWN_DATA_MISSING,ROUTER_BLOCKED,ACCEPT,PASS,BLOCK,NOT_SENT,SETUP_HUNTER
2026-06-15T16:09:50.576194+00:00,2026-06-15 17:09:50,2026-06-15 17:00 CASA,GOLD#,GOLD#,NONE,SELL,,,,,0,D,0,False,OVERLAP,,,,,,,NO_STRATEGY_SIGNAL,NO_VALID_SETUP,REJECT,PASS,N/A,NOT_SENT,SETUP_HUNTER
2026-06-15T16:09:51.500007+00:00,2026-06-15 17:09:51,2026-06-15 17:00 CASA,EURUSD,EURUSD,ORDER_FLOW_EXECUTION_AGENT,BUY,1.16004,1.15836,1.16256,1.5,100,A,95,True,OVERLAP,FAIL,45.0,FAIL,40.0,FAIL,ORDER_FLOW_BUY_LIQUIDITY_SWEEP_REVERSAL,TOP_DOWN_DATA_MISSING,ROUTER_BLOCKED,ACCEPT,PASS,BLOCK,NOT_SENT,SETUP_HUNTER
2026-06-15T16:09:54.311941+00:00,2026-06-15 17:09:54,2026-06-15 17:00 CASA,BTCUSD#,BTCUSD#,ORDER_FLOW_EXECUTION_AGENT,BUY,67161.7,63637.23247,72448.40129,1.5,99,A,85,True,OVERLAP,FAIL,35.0,FAIL,15.0,FAIL,ORDER_FLOW_BUY_VWAP_RECLAIM_REJECTION,TOP_DOWN_DATA_MISSING,ROUTER_BLOCKED,ACCEPT,PASS,BLOCK,NOT_SENT,SETUP_HUNTER
2026-06-15T16:09:55.422566+00:00,2026-06-15 17:09:55,2026-06-15 17:00 CASA,GOLD#,GOLD#,NONE,SELL,,,,,0,D,0,False,OVERLAP,,,,,,,NO_STRATEGY_SIGNAL,NO_VALID_SETUP,REJECT,PASS,N/A,NOT_SENT,SETUP_HUNTER
2026-06-15T16:09:56.118409+00:00,2026-06-15 17:09:56,2026-06-15 17:00 CASA,EURUSD,EURUSD,ORDER_FLOW_EXECUTION_AGENT,BUY,1.16004,1.15836,1.16256,1.5,100,A,95,True,OVERLAP,FAIL,45.0,FAIL,40.0,FAIL,ORDER_FLOW_BUY_LIQUIDITY_SWEEP_REVERSAL,TOP_DOWN_DATA_MISSING,ROUTER_BLOCKED,ACCEPT,PASS,BLOCK,NOT_SENT,SETUP_HUNTER
2026-06-15T16:09:59.406314+00:00,2026-06-15 17:09:59,2026-06-15 17:00 CASA,BTCUSD#,BTCUSD#,ORDER_FLOW_EXECUTION_AGENT,BUY,67190.1,63637.20407,72519.4439,1.5,100,A,85,True,OVERLAP,FAIL,40.0,FAIL,15.0,FAIL,ORDER_FLOW_BUY_VWAP_RECLAIM_REJECTION,TOP_DOWN_DATA_MISSING,ROUTER_BLOCKED,ACCEPT,PASS,BLOCK,NOT_SENT,SETUP_HUNTER
2026-06-15T16:10:00.620945+00:00,2026-06-15 17:10:00,2026-06-15 17:00 CASA,GOLD#,GOLD#,NONE,SELL,,,,,0,D,0,False,OVERLAP,,,,,,,NO_STRATEGY_SIGNAL,NO_VALID_SETUP,REJECT,PASS,N/A,NOT_SENT,SETUP_HUNTER
2026-06-15T16:10:01.411679+00:00,2026-06-15 17:10:01,2026-06-15 17:00 CASA,EURUSD,EURUSD,ORDER_FLOW_EXECUTION_AGENT,BUY,1.16004,1.15845,1.16243,1.5,100,A,95,True,OVERLAP,FAIL,35.0,FAIL,15.0,FAIL,ORDER_FLOW_BUY_LIQUIDITY_SWEEP_REVERSAL,TOP_DOWN_DATA_MISSING,ROUTER_BLOCKED,ACCEPT,PASS,BLOCK,NOT_SENT,SETUP_HUNTER
2026-06-15T16:10:04.209307+00:00,2026-06-15 17:10:04,2026-06-15 17:00 CASA,BTCUSD#,BTCUSD#,ORDER_FLOW_EXECUTION_AGENT,BUY,67209.4,63637.18477,72567.72284,1.5,100,A,85,True,OVERLAP,FAIL,40.0,FAIL,15.0,FAIL,ORDER_FLOW_BUY_VWAP_RECLAIM_REJECTION,TOP_DOWN_DATA_MISSING,ROUTER_BLOCKED,ACCEPT,PASS,BLOCK,NOT_SENT,SETUP_HUNTER
2026-06-15T16:10:05.543787+00:00,2026-06-15 17:10:05,2026-06-15 17:00 CASA,GOLD#,GOLD#,NONE,SELL,,,,,0,D,0,False,OVERLAP,,,,,,,NO_STRATEGY_SIGNAL,NO_VALID_SETUP,REJECT,PASS,N/A,NOT_SENT,SETUP_HUNTER
2026-06-15T16:10:06.301399+00:00,2026-06-15 17:10:06,2026-06-15 17:00 CASA,EURUSD,EURUSD,ORDER_FLOW_EXECUTION_AGENT,BUY,1.16004,1.15845,1.16243,1.5,100,A,95,True,OVERLAP,FAIL,35.0,FAIL,15.0,FAIL,ORDER_FLOW_BUY_LIQUIDITY_SWEEP_REVERSAL,TOP_DOWN_DATA_MISSING,ROUTER_BLOCKED,ACCEPT,PASS,BLOCK,NOT_SENT,SETUP_HUNTER
2026-06-15T16:10:09.176642+00:00,2026-06-15 17:10:09,2026-06-15 17:00 CASA,BTCUSD#,BTCUSD#,ORDER_FLOW_EXECUTION_AGENT,BUY,67208.1,63637.18607,72564.4709,1.5,100,A,85,True,OVERLAP,FAIL,40.0,FAIL,15.0,FAIL,ORDER_FLOW_BUY_VWAP_RECLAIM_REJECTION,TOP_DOWN_DATA_MISSING,ROUTER_BLOCKED,ACCEPT,PASS,BLOCK,NOT_SENT,SETUP_HUNTER
2026-06-15T16:10:10.522476+00:00,2026-06-15 17:10:10,2026-06-15 17:00 CASA,GOLD#,GOLD#,NONE,SELL,,,,,0,D,0,False,OVERLAP,,,,,,,NO_STRATEGY_SIGNAL,NO_VALID_SETUP,REJECT,PASS,N/A,NOT_SENT,SETUP_HUNTER
2026-06-15T16:10:11.249374+00:00,2026-06-15 17:10:11,2026-06-15 17:00 CASA,EURUSD,EURUSD,ORDER_FLOW_EXECUTION_AGENT,BUY,1.16004,1.15845,1.16243,1.5,100,A,95,True,OVERLAP,FAIL,35.0,FAIL,15.0,FAIL,ORDER_FLOW_BUY_LIQUIDITY_SWEEP_REVERSAL,TOP_DOWN_DATA_MISSING,ROUTER_BLOCKED,ACCEPT,PASS,BLOCK,NOT_SENT,SETUP_HUNTER
2026-06-15T16:10:14.124026+00:00,2026-06-15 17:10:14,2026-06-15 17:00 CASA,BTCUSD#,BTCUSD#,ORDER_FLOW_EXECUTION_AGENT,BUY,67205.9,63637.18827,72558.96759,1.5,99,A,85,True,OVERLAP,FAIL,35.0,FAIL,15.0,FAIL,ORDER_FLOW_BUY_VWAP_RECLAIM_REJECTION,TOP_DOWN_DATA_MISSING,ROUTER_BLOCKED,ACCEPT,PASS,BLOCK,NOT_SENT,SETUP_HUNTER
2026-06-15T16:10:15.625764+00:00,2026-06-15 17:10:15,2026-06-15 17:00 CASA,GOLD#,GOLD#,NONE,SELL,,,,,0,D,0,False,OVERLAP,,,,,,,NO_STRATEGY_SIGNAL,NO_VALID_SETUP,REJECT,PASS,N/A,NOT_SENT,SETUP_HUNTER
2026-06-15T16:10:16.355191+00:00,2026-06-15 17:10:16,2026-06-15 17:00 CASA,EURUSD,EURUSD,ORDER_FLOW_EXECUTION_AGENT,SELL,1.16003,1.16294,1.15566,1.5,94,A,80,True,OVERLAP,FAIL,35.0,FAIL,15.0,FAIL,ORDER_FLOW_SELL_LIQUIDITY_SWEEP_REVERSAL,TOP_DOWN_DATA_MISSING,ROUTER_BLOCKED,ACCEPT,PASS,BLOCK,NOT_SENT,SETUP_HUNTER
2026-06-15T16:10:19.163998+00:00,2026-06-15 17:10:19,2026-06-15 17:00 CASA,BTCUSD#,BTCUSD#,ORDER_FLOW_EXECUTION_AGENT,BUY,67226.4,63637.16777,72610.24834,1.5,100,A,85,True,OVERLAP,FAIL,40.0,FAIL,15.0,FAIL,ORDER_FLOW_BUY_VWAP_RECLAIM_REJECTION,TOP_DOWN_DATA_MISSING,ROUTER_BLOCKED,ACCEPT,PASS,BLOCK,NOT_SENT,SETUP_HUNTER
2026-06-15T16:10:20.313735+00:00,2026-06-15 17:10:20,2026-06-15 17:00 CASA,GOLD#,GOLD#,NONE,SELL,,,,,0,D,0,False,OVERLAP,,,,,,,NO_STRATEGY_SIGNAL,NO_VALID_SETUP,REJECT,PASS,N/A,NOT_SENT,SETUP_HUNTER
2026-06-15T16:10:21.282519+00:00,2026-06-15 17:10:21,2026-06-15 17:00 CASA,EURUSD,EURUSD,ORDER_FLOW_EXECUTION_AGENT,SELL,1.16002,1.16294,1.15564,1.5,94,A,80,True,OVERLAP,FAIL,35.0,FAIL,15.0,FAIL,ORDER_FLOW_SELL_LIQUIDITY_SWEEP_REVERSAL,TOP_DOWN_DATA_MISSING,ROUTER_BLOCKED,ACCEPT,PASS,BLOCK,NOT_SENT,SETUP_HUNTER
2026-06-15T16:10:24.211437+00:00,2026-06-15 17:10:24,2026-06-15 17:00 CASA,BTCUSD#,BTCUSD#,ORDER_FLOW_EXECUTION_AGENT,BUY,67228.2,63637.16597,72614.75104,1.5,100,A,85,True,OVERLAP,FAIL,40.0,FAIL,15.0,FAIL,ORDER_FLOW_BUY_VWAP_RECLAIM_REJECTION,TOP_DOWN_DATA_MISSING,ROUTER_BLOCKED,ACCEPT,PASS,BLOCK,NOT_SENT,SETUP_HUNTER
2026-06-15T16:10:25.380978+00:00,2026-06-15 17:10:25,2026-06-15 17:00 CASA,GOLD#,GOLD#,NONE,SELL,,,,,0,D,0,False,OVERLAP,,,,,,,NO_STRATEGY_SIGNAL,NO_VALID_SETUP,REJECT,PASS,N/A,NOT_SENT,SETUP_HUNTER
2026-06-15T16:10:26.435796+00:00,2026-06-15 17:10:26,2026-06-15 17:00 CASA,EURUSD,EURUSD,ORDER_FLOW_EXECUTION_AGENT,SELL,1.16002,1.16294,1.15564,1.5,94,A,80,True,OVERLAP,FAIL,35.0,FAIL,15.0,FAIL,ORDER_FLOW_SELL_LIQUIDITY_SWEEP_REVERSAL,TOP_DOWN_DATA_MISSING,ROUTER_BLOCKED,ACCEPT,PASS,BLOCK,NOT_SENT,SETUP_HUNTER
2026-06-15T16:10:29.238934+00:00,2026-06-15 17:10:29,2026-06-15 17:00 CASA,BTCUSD#,BTCUSD#,ORDER_FLOW_EXECUTION_AGENT,BUY,67238.4,63637.15577,72640.26634,1.5,100,A,85,True,OVERLAP,FAIL,40.0,FAIL,15.0,FAIL,ORDER_FLOW_BUY_VWAP_RECLAIM_REJECTION,TOP_DOWN_DATA_MISSING,ROUTER_BLOCKED,ACCEPT,PASS,BLOCK,NOT_SENT,SETUP_HUNTER
2026-06-15T16:10:30.389689+00:00,2026-06-15 17:10:30,2026-06-15 17:00 CASA,GOLD#,GOLD#,NONE,SELL,,,,,0,D,0,False,OVERLAP,,,,,,,NO_STRATEGY_SIGNAL,NO_VALID_SETUP,REJECT,PASS,N/A,NOT_SENT,SETUP_HUNTER
2026-06-15T16:10:31.160142+00:00,2026-06-15 17:10:31,2026-06-15 17:00 CASA,EURUSD,EURUSD,ORDER_FLOW_EXECUTION_AGENT,BUY,1.16004,1.15845,1.16243,1.5,100,A,95,True,OVERLAP,FAIL,35.0,FAIL,15.0,FAIL,ORDER_FLOW_BUY_LIQUIDITY_SWEEP_REVERSAL,TOP_DOWN_DATA_MISSING,ROUTER_BLOCKED,ACCEPT,PASS,BLOCK,NOT_SENT,SETUP_HUNTER
2026-06-15T16:10:34.114775+00:00,2026-06-15 17:10:34,2026-06-15 17:00 CASA,BTCUSD#,BTCUSD#,ORDER_FLOW_EXECUTION_AGENT,BUY,67265.5,63637.12867,72708.057,1.5,100,A,85,True,OVERLAP,FAIL,40.0,FAIL,15.0,FAIL,ORDER_FLOW_BUY_VWAP_RECLAIM_REJECTION,TOP_DOWN_DATA_MISSING,ROUTER_BLOCKED,ACCEPT,PASS,BLOCK,NOT_SENT,SETUP_HUNTER
2026-06-15T16:10:35.359396+00:00,2026-06-15 17:10:35,2026-06-15 17:00 CASA,GOLD#,GOLD#,NONE,SELL,,,,,0,D,0,False,OVERLAP,,,,,,,NO_STRATEGY_SIGNAL,NO_VALID_SETUP,REJECT,PASS,N/A,NOT_SENT,SETUP_HUNTER
2026-06-15T16:10:36.152438+00:00,2026-06-15 17:10:36,2026-06-15 17:00 CASA,EURUSD,EURUSD,ORDER_FLOW_EXECUTION_AGENT,BUY,1.16004,1.15845,1.16243,1.5,100,A,95,True,OVERLAP,FAIL,35.0,FAIL,15.0,FAIL,ORDER_FLOW_BUY_LIQUIDITY_SWEEP_REVERSAL,TOP_DOWN_DATA_MISSING,ROUTER_BLOCKED,ACCEPT,PASS,BLOCK,NOT_SENT,SETUP_HUNTER
2026-06-15T16:10:39.198792+00:00,2026-06-15 17:10:39,2026-06-15 17:00 CASA,BTCUSD#,BTCUSD#,ORDER_FLOW_EXECUTION_AGENT,BUY,67225.2,63637.16897,72607.24655,1.5,100,A,85,True,OVERLAP,FAIL,40.0,FAIL,15.0,FAIL,ORDER_FLOW_BUY_VWAP_RECLAIM_REJECTION,TOP_DOWN_DATA_MISSING,ROUTER_BLOCKED,ACCEPT,PASS,BLOCK,NOT_SENT,SETUP_HUNTER
2026-06-15T16:10:40.484570+00:00,2026-06-15 17:10:40,2026-06-15 17:00 CASA,GOLD#,GOLD#,NONE,SELL,,,,,0,D,0,False,OVERLAP,,,,,,,NO_STRATEGY_SIGNAL,NO_VALID_SETUP,REJECT,PASS,N/A,NOT_SENT,SETUP_HUNTER
2026-06-15T16:10:41.299526+00:00,2026-06-15 17:10:41,2026-06-15 17:00 CASA,EURUSD,EURUSD,ORDER_FLOW_EXECUTION_AGENT,SELL,1.16003,1.16294,1.15566,1.5,94,A,80,True,OVERLAP,FAIL,35.0,FAIL,15.0,FAIL,ORDER_FLOW_SELL_LIQUIDITY_SWEEP_REVERSAL,TOP_DOWN_DATA_MISSING,ROUTER_BLOCKED,ACCEPT,PASS,BLOCK,NOT_SENT,SETUP_HUNTER
2026-06-15T16:10:58.043523+00:00,2026-06-15 17:10:58,2026-06-15 17:00 CASA,BTCUSD#,BTCUSD#,ORDER_FLOW_EXECUTION_AGENT,BUY,67238.0,63637.15617,72639.26574,1.5,100,A,85,True,OVERLAP,FAIL,40.0,FAIL,15.0,FAIL,ORDER_FLOW_BUY_VWAP_RECLAIM_REJECTION,TOP_DOWN_DATA_MISSING,ROUTER_BLOCKED,ACCEPT,PASS,BLOCK,NOT_SENT,SETUP_HUNTER
2026-06-15T16:10:59.214707+00:00,2026-06-15 17:10:59,2026-06-15 17:00 CASA,GOLD#,GOLD#,NONE,SELL,,,,,0,D,0,False,OVERLAP,,,,,,,NO_STRATEGY_SIGNAL,NO_VALID_SETUP,REJECT,PASS,N/A,NOT_SENT,SETUP_HUNTER
2026-06-15T16:11:00.370262+00:00,2026-06-15 17:11:00,2026-06-15 17:00 CASA,EURUSD,EURUSD,ORDER_FLOW_EXECUTION_AGENT,SELL,1.16003,1.16294,1.15566,1.5,94,A,80,True,OVERLAP,FAIL,35.0,FAIL,15.0,FAIL,ORDER_FLOW_SELL_LIQUIDITY_SWEEP_REVERSAL,TOP_DOWN_DATA_MISSING,ROUTER_BLOCKED,ACCEPT,PASS,BLOCK,NOT_SENT,SETUP_HUNTER
2026-06-15T16:11:02.852420+00:00,2026-06-15 17:11:02,2026-06-15 17:00 CASA,BTCUSD#,BTCUSD#,ORDER_FLOW_EXECUTION_AGENT,BUY,67211.5,63637.18267,72572.976,1.5,99,A,85,True,OVERLAP,FAIL,35.0,FAIL,15.0,FAIL,ORDER_FLOW_BUY_VWAP_RECLAIM_REJECTION,TOP_DOWN_DATA_MISSING,ROUTER_BLOCKED,ACCEPT,PASS,BLOCK,NOT_SENT,SETUP_HUNTER
2026-06-15T16:11:04.485820+00:00,2026-06-15 17:11:04,2026-06-15 17:00 CASA,GOLD#,GOLD#,NONE,SELL,,,,,0,D,0,False,OVERLAP,,,,,,,NO_STRATEGY_SIGNAL,NO_VALID_SETUP,REJECT,PASS,N/A,NOT_SENT,SETUP_HUNTER
2026-06-15T16:11:05.573177+00:00,2026-06-15 17:11:05,2026-06-15 17:00 CASA,EURUSD,EURUSD,ORDER_FLOW_EXECUTION_AGENT,BUY,1.16004,1.15845,1.16243,1.5,100,A,95,True,OVERLAP,FAIL,35.0,FAIL,15.0,FAIL,ORDER_FLOW_BUY_LIQUIDITY_SWEEP_REVERSAL,TOP_DOWN_DATA_MISSING,ROUTER_BLOCKED,ACCEPT,PASS,BLOCK,NOT_SENT,SETUP_HUNTER
2026-06-15T16:11:07.769742+00:00,2026-06-15 17:11:07,2026-06-15 17:00 CASA,BTCUSD#,BTCUSD#,ORDER_FLOW_EXECUTION_AGENT,BUY,67206.8,63637.18737,72561.21895,1.5,99,A,85,True,OVERLAP,FAIL,35.0,FAIL,15.0,FAIL,ORDER_FLOW_BUY_VWAP_RECLAIM_REJECTION,TOP_DOWN_DATA_MISSING,ROUTER_BLOCKED,ACCEPT,PASS,BLOCK,NOT_SENT,SETUP_HUNTER
2026-06-15T16:11:08.956442+00:00,2026-06-15 17:11:08,2026-06-15 17:00 CASA,GOLD#,GOLD#,NONE,SELL,,,,,0,D,0,False,OVERLAP,,,,,,,NO_STRATEGY_SIGNAL,NO_VALID_SETUP,REJECT,PASS,N/A,NOT_SENT,SETUP_HUNTER
2026-06-15T16:11:09.757523+00:00,2026-06-15 17:11:09,2026-06-15 17:00 CASA,EURUSD,EURUSD,ORDER_FLOW_EXECUTION_AGENT,BUY,1.16004,1.15845,1.16243,1.5,100,A,95,True,OVERLAP,FAIL,35.0,FAIL,15.0,FAIL,ORDER_FLOW_BUY_LIQUIDITY_SWEEP_REVERSAL,TOP_DOWN_DATA_MISSING,ROUTER_BLOCKED,ACCEPT,PASS,BLOCK,NOT_SENT,SETUP_HUNTER
2026-06-15T16:11:12.756943+00:00,2026-06-15 17:11:12,2026-06-15 17:00 CASA,BTCUSD#,BTCUSD#,ORDER_FLOW_EXECUTION_AGENT,BUY,67220.4,63637.17377,72595.23934,1.5,99,A,85,True,OVERLAP,FAIL,35.0,FAIL,15.0,FAIL,ORDER_FLOW_BUY_VWAP_RECLAIM_REJECTION,TOP_DOWN_DATA_MISSING,ROUTER_BLOCKED,ACCEPT,PASS,BLOCK,NOT_SENT,SETUP_HUNTER
2026-06-15T16:11:14.048686+00:00,2026-06-15 17:11:14,2026-06-15 17:00 CASA,GOLD#,GOLD#,NONE,SELL,,,,,0,D,0,False,OVERLAP,,,,,,,NO_STRATEGY_SIGNAL,NO_VALID_SETUP,REJECT,PASS,N/A,NOT_SENT,SETUP_HUNTER
2026-06-15T16:11:14.849191+00:00,2026-06-15 17:11:14,2026-06-15 17:00 CASA,EURUSD,EURUSD,ORDER_FLOW_EXECUTION_AGENT,BUY,1.16007,1.15845,1.1625,1.5,100,A,95,True,OVERLAP,FAIL,45.0,FAIL,40.0,FAIL,ORDER_FLOW_BUY_LIQUIDITY_SWEEP_REVERSAL,TOP_DOWN_DATA_MISSING,ROUTER_BLOCKED,ACCEPT,PASS,BLOCK,NOT_SENT,SETUP_HUNTER
2026-06-15T16:11:17.736565+00:00,2026-06-15 17:11:17,2026-06-15 17:00 CASA,BTCUSD#,BTCUSD#,ORDER_FLOW_EXECUTION_AGENT,BUY,67210.4,63637.18377,72570.22434,1.5,99,A,85,True,OVERLAP,FAIL,35.0,FAIL,15.0,FAIL,ORDER_FLOW_BUY_VWAP_RECLAIM_REJECTION,TOP_DOWN_DATA_MISSING,ROUTER_BLOCKED,ACCEPT,PASS,BLOCK,NOT_SENT,SETUP_HUNTER
2026-06-15T16:11:18.933407+00:00,2026-06-15 17:11:18,2026-06-15 17:00 CASA,GOLD#,GOLD#,NONE,SELL,,,,,0,D,0,False,OVERLAP,,,,,,,NO_STRATEGY_SIGNAL,NO_VALID_SETUP,REJECT,PASS,N/A,NOT_SENT,SETUP_HUNTER
2026-06-15T16:11:19.735282+00:00,2026-06-15 17:11:19,2026-06-15 17:00 CASA,EURUSD,EURUSD,ORDER_FLOW_EXECUTION_AGENT,BUY,1.16005,1.15845,1.16245,1.5,100,A,95,True,OVERLAP,FAIL,35.0,FAIL,15.0,FAIL,ORDER_FLOW_BUY_LIQUIDITY_SWEEP_REVERSAL,TOP_DOWN_DATA_MISSING,ROUTER_BLOCKED,ACCEPT,PASS,BLOCK,NOT_SENT,SETUP_HUNTER
2026-06-15T16:11:22.835086+00:00,2026-06-15 17:11:22,2026-06-15 17:00 CASA,BTCUSD#,BTCUSD#,ORDER_FLOW_EXECUTION_AGENT,BUY,67216.5,63637.17767,72585.4835,1.5,99,A,85,True,OVERLAP,FAIL,35.0,FAIL,15.0,FAIL,ORDER_FLOW_BUY_VWAP_RECLAIM_REJECTION,TOP_DOWN_DATA_MISSING,ROUTER_BLOCKED,ACCEPT,PASS,BLOCK,NOT_SENT,SETUP_HUNTER
2026-06-15T16:11:24.153812+00:00,2026-06-15 17:11:24,2026-06-15 17:00 CASA,GOLD#,GOLD#,NONE,SELL,,,,,0,D,0,False,OVERLAP,,,,,,,NO_STRATEGY_SIGNAL,NO_VALID_SETUP,REJECT,PASS,N/A,NOT_SENT,SETUP_HUNTER
2026-06-15T16:11:24.956242+00:00,2026-06-15 17:11:24,2026-06-15 17:00 CASA,EURUSD,EURUSD,ORDER_FLOW_EXECUTION_AGENT,BUY,1.1601,1.15845,1.16258,1.5,100,A,95,True,OVERLAP,FAIL,45.0,FAIL,40.0,FAIL,ORDER_FLOW_BUY_LIQUIDITY_SWEEP_REVERSAL,TOP_DOWN_DATA_MISSING,ROUTER_BLOCKED,ACCEPT,PASS,BLOCK,NOT_SENT,SETUP_HUNTER
2026-06-15T16:11:27.822507+00:00,2026-06-15 17:11:27,2026-06-15 17:00 CASA,BTCUSD#,BTCUSD#,ORDER_FLOW_EXECUTION_AGENT,BUY,67216.5,63637.17767,72585.4835,1.5,99,A,85,True,OVERLAP,FAIL,35.0,FAIL,15.0,FAIL,ORDER_FLOW_BUY_VWAP_RECLAIM_REJECTION,TOP_DOWN_DATA_MISSING,ROUTER_BLOCKED,ACCEPT,PASS,BLOCK,NOT_SENT,SETUP_HUNTER
2026-06-15T16:11:29.078603+00:00,2026-06-15 17:11:29,2026-06-15 17:00 CASA,GOLD#,GOLD#,NONE,SELL,,,,,0,D,0,False,OVERLAP,,,,,,,NO_STRATEGY_SIGNAL,NO_VALID_SETUP,REJECT,PASS,N/A,NOT_SENT,SETUP_HUNTER
2026-06-15T16:11:29.805413+00:00,2026-06-15 17:11:29,2026-06-15 17:00 CASA,EURUSD,EURUSD,ORDER_FLOW_EXECUTION_AGENT,BUY,1.1601,1.15845,1.16258,1.5,100,A,95,True,OVERLAP,FAIL,45.0,FAIL,40.0,FAIL,ORDER_FLOW_BUY_LIQUIDITY_SWEEP_REVERSAL,TOP_DOWN_DATA_MISSING,ROUTER_BLOCKED,ACCEPT,PASS,BLOCK,NOT_SENT,SETUP_HUNTER
2026-06-15T16:11:32.862739+00:00,2026-06-15 17:11:32,2026-06-15 17:00 CASA,BTCUSD#,BTCUSD#,ORDER_FLOW_EXECUTION_AGENT,BUY,67222.6,63637.17157,72600.74265,1.5,99,A,85,True,OVERLAP,FAIL,35.0,FAIL,15.0,FAIL,ORDER_FLOW_BUY_VWAP_RECLAIM_REJECTION,TOP_DOWN_DATA_MISSING,ROUTER_BLOCKED,ACCEPT,PASS,BLOCK,NOT_SENT,SETUP_HUNTER
2026-06-15T16:11:34.114629+00:00,2026-06-15 17:11:34,2026-06-15 17:00 CASA,GOLD#,GOLD#,NONE,SELL,,,,,0,D,0,False,OVERLAP,,,,,,,NO_STRATEGY_SIGNAL,NO_VALID_SETUP,REJECT,PASS,N/A,NOT_SENT,SETUP_HUNTER
2026-06-15T16:11:34.901467+00:00,2026-06-15 17:11:34,2026-06-15 17:00 CASA,EURUSD,EURUSD,ORDER_FLOW_EXECUTION_AGENT,BUY,1.16009,1.15845,1.16255,1.5,100,A,95,True,OVERLAP,FAIL,45.0,FAIL,40.0,FAIL,ORDER_FLOW_BUY_LIQUIDITY_SWEEP_REVERSAL,TOP_DOWN_DATA_MISSING,ROUTER_BLOCKED,ACCEPT,PASS,BLOCK,NOT_SENT,SETUP_HUNTER
2026-06-15T16:11:38.012596+00:00,2026-06-15 17:11:38,2026-06-15 17:00 CASA,BTCUSD#,BTCUSD#,ORDER_FLOW_EXECUTION_AGENT,BUY,67222.6,63637.17157,72600.74265,1.5,99,A,85,True,OVERLAP,FAIL,35.0,FAIL,15.0,FAIL,ORDER_FLOW_BUY_VWAP_RECLAIM_REJECTION,TOP_DOWN_DATA_MISSING,ROUTER_BLOCKED,ACCEPT,PASS,BLOCK,NOT_SENT,SETUP_HUNTER
2026-06-15T16:11:39.194486+00:00,2026-06-15 17:11:39,2026-06-15 17:00 CASA,GOLD#,GOLD#,NONE,SELL,,,,,0,D,0,False,OVERLAP,,,,,,,NO_STRATEGY_SIGNAL,NO_VALID_SETUP,REJECT,PASS,N/A,NOT_SENT,SETUP_HUNTER
2026-06-15T16:11:39.966258+00:00,2026-06-15 17:11:39,2026-06-15 17:00 CASA,EURUSD,EURUSD,ORDER_FLOW_EXECUTION_AGENT,BUY,1.16009,1.15845,1.16255,1.5,100,A,95,True,OVERLAP,FAIL,45.0,FAIL,40.0,FAIL,ORDER_FLOW_BUY_LIQUIDITY_SWEEP_REVERSAL,TOP_DOWN_DATA_MISSING,ROUTER_BLOCKED,ACCEPT,PASS,BLOCK,NOT_SENT,SETUP_HUNTER
2026-06-15T16:11:43.061794+00:00,2026-06-15 17:11:43,2026-06-15 17:00 CASA,BTCUSD#,BTCUSD#,ORDER_FLOW_EXECUTION_AGENT,BUY,67210.4,63637.18377,72570.22434,1.5,99,A,85,True,OVERLAP,FAIL,35.0,FAIL,15.0,FAIL,ORDER_FLOW_BUY_VWAP_RECLAIM_REJECTION,TOP_DOWN_DATA_MISSING,ROUTER_BLOCKED,ACCEPT,PASS,BLOCK,NOT_SENT,SETUP_HUNTER
2026-06-15T16:11:44.193044+00:00,2026-06-15 17:11:44,2026-06-15 17:00 CASA,GOLD#,GOLD#,NONE,SELL,,,,,0,D,0,False,OVERLAP,,,,,,,NO_STRATEGY_SIGNAL,NO_VALID_SETUP,REJECT,PASS,N/A,NOT_SENT,SETUP_HUNTER
2026-06-15T16:11:44.967129+00:00,2026-06-15 17:11:44,2026-06-15 17:00 CASA,EURUSD,EURUSD,ORDER_FLOW_EXECUTION_AGENT,BUY,1.16009,1.15845,1.16255,1.5,100,A,95,True,OVERLAP,FAIL,45.0,FAIL,40.0,FAIL,ORDER_FLOW_BUY_LIQUIDITY_SWEEP_REVERSAL,TOP_DOWN_DATA_MISSING,ROUTER_BLOCKED,ACCEPT,PASS,BLOCK,NOT_SENT,SETUP_HUNTER
2026-06-15T16:11:47.730124+00:00,2026-06-15 17:11:47,2026-06-15 17:00 CASA,BTCUSD#,BTCUSD#,ORDER_FLOW_EXECUTION_AGENT,BUY,67202.7,63637.19147,72550.96279,1.5,99,A,85,True,OVERLAP,FAIL,35.0,FAIL,15.0,FAIL,ORDER_FLOW_BUY_VWAP_RECLAIM_REJECTION,TOP_DOWN_DATA_MISSING,ROUTER_BLOCKED,ACCEPT,PASS,BLOCK,NOT_SENT,SETUP_HUNTER
2026-06-15T16:11:49.380687+00:00,2026-06-15 17:11:49,2026-06-15 17:00 CASA,GOLD#,GOLD#,NONE,SELL,,,,,0,D,0,False,OVERLAP,,,,,,,NO_STRATEGY_SIGNAL,NO_VALID_SETUP,REJECT,PASS,N/A,NOT_SENT,SETUP_HUNTER
2026-06-15T16:11:50.189581+00:00,2026-06-15 17:11:50,2026-06-15 17:00 CASA,EURUSD,EURUSD,ORDER_FLOW_EXECUTION_AGENT,BUY,1.16009,1.15845,1.16255,1.5,100,A,95,True,OVERLAP,FAIL,45.0,FAIL,40.0,FAIL,ORDER_FLOW_BUY_LIQUIDITY_SWEEP_REVERSAL,TOP_DOWN_DATA_MISSING,ROUTER_BLOCKED,ACCEPT,PASS,BLOCK,NOT_SENT,SETUP_HUNTER
2026-06-15T16:11:52.745425+00:00,2026-06-15 17:11:52,2026-06-15 17:00 CASA,BTCUSD#,BTCUSD#,ORDER_FLOW_EXECUTION_AGENT,BUY,67202.7,63637.19147,72550.96279,1.5,99,A,85,True,OVERLAP,FAIL,35.0,FAIL,15.0,FAIL,ORDER_FLOW_BUY_VWAP_RECLAIM_REJECTION,TOP_DOWN_DATA_MISSING,ROUTER_BLOCKED,ACCEPT,PASS,BLOCK,NOT_SENT,SETUP_HUNTER
2026-06-15T16:11:54.168696+00:00,2026-06-15 17:11:54,2026-06-15 17:00 CASA,GOLD#,GOLD#,NONE,SELL,,,,,0,D,0,False,OVERLAP,,,,,,,NO_STRATEGY_SIGNAL,NO_VALID_SETUP,REJECT,PASS,N/A,NOT_SENT,SETUP_HUNTER
2026-06-15T16:11:54.966750+00:00,2026-06-15 17:11:54,2026-06-15 17:00 CASA,EURUSD,EURUSD,ORDER_FLOW_EXECUTION_AGENT,BUY,1.16009,1.15845,1.16255,1.5,100,A,95,True,OVERLAP,FAIL,45.0,FAIL,40.0,FAIL,ORDER_FLOW_BUY_LIQUIDITY_SWEEP_REVERSAL,TOP_DOWN_DATA_MISSING,ROUTER_BLOCKED,ACCEPT,PASS,BLOCK,NOT_SENT,SETUP_HUNTER
2026-06-15T16:11:57.770473+00:00,2026-06-15 17:11:57,2026-06-15 17:00 CASA,BTCUSD#,BTCUSD#,ORDER_FLOW_EXECUTION_AGENT,BUY,67202.7,63637.19147,72550.96279,1.5,99,A,85,True,OVERLAP,FAIL,35.0,FAIL,15.0,FAIL,ORDER_FLOW_BUY_VWAP_RECLAIM_REJECTION,TOP_DOWN_DATA_MISSING,ROUTER_BLOCKED,ACCEPT,PASS,BLOCK,NOT_SENT,SETUP_HUNTER
2026-06-15T16:11:58.993768+00:00,2026-06-15 17:11:58,2026-06-15 17:00 CASA,GOLD#,GOLD#,NONE,SELL,,,,,0,D,0,False,OVERLAP,,,,,,,NO_STRATEGY_SIGNAL,NO_VALID_SETUP,REJECT,PASS,N/A,NOT_SENT,SETUP_HUNTER
2026-06-15T16:12:00.285411+00:00,2026-06-15 17:12:00,2026-06-15 17:00 CASA,EURUSD,EURUSD,ORDER_FLOW_EXECUTION_AGENT,BUY,1.16008,1.15845,1.16253,1.5,100,A,95,True,OVERLAP,FAIL,40.0,FAIL,40.0,FAIL,ORDER_FLOW_BUY_LIQUIDITY_SWEEP_REVERSAL,TOP_DOWN_DATA_MISSING,ROUTER_BLOCKED,ACCEPT,PASS,BLOCK,NOT_SENT,SETUP_HUNTER
2026-06-15T16:12:02.733464+00:00,2026-06-15 17:12:02,2026-06-15 17:00 CASA,BTCUSD#,BTCUSD#,NONE,BUY,,,,,0,D,0,False,OVERLAP,,,,,,,NO_STRATEGY_SIGNAL,NO_VALID_SETUP,REJECT,PASS,N/A,NOT_SENT,SETUP_HUNTER
2026-06-15T16:12:03.847538+00:00,2026-06-15 17:12:03,2026-06-15 17:00 CASA,GOLD#,GOLD#,NONE,SELL,,,,,0,D,0,False,OVERLAP,,,,,,,NO_STRATEGY_SIGNAL,NO_VALID_SETUP,REJECT,PASS,N/A,NOT_SENT,SETUP_HUNTER
2026-06-15T16:12:04.555267+00:00,2026-06-15 17:12:04,2026-06-15 17:00 CASA,EURUSD,EURUSD,ORDER_FLOW_EXECUTION_AGENT,BUY,1.16008,1.15845,1.16253,1.5,100,A,95,True,OVERLAP,FAIL,40.0,FAIL,40.0,FAIL,ORDER_FLOW_BUY_LIQUIDITY_SWEEP_REVERSAL,TOP_DOWN_DATA_MISSING,ROUTER_BLOCKED,ACCEPT,PASS,BLOCK,NOT_SENT,SETUP_HUNTER
2026-06-15T16:12:07.722291+00:00,2026-06-15 17:12:07,2026-06-15 17:00 CASA,BTCUSD#,BTCUSD#,ORDER_FLOW_EXECUTION_AGENT,BUY,67203.3,63637.19087,72552.4637,1.5,99,A,85,True,OVERLAP,FAIL,35.0,FAIL,15.0,FAIL,ORDER_FLOW_BUY_VWAP_RECLAIM_REJECTION,TOP_DOWN_DATA_MISSING,ROUTER_BLOCKED,ACCEPT,PASS,BLOCK,NOT_SENT,SETUP_HUNTER
2026-06-15T16:12:08.863051+00:00,2026-06-15 17:12:08,2026-06-15 17:00 CASA,GOLD#,GOLD#,NONE,SELL,,,,,0,D,0,False,OVERLAP,,,,,,,NO_STRATEGY_SIGNAL,NO_VALID_SETUP,REJECT,PASS,N/A,NOT_SENT,SETUP_HUNTER
2026-06-15T16:12:09.719216+00:00,2026-06-15 17:12:09,2026-06-15 17:00 CASA,EURUSD,EURUSD,ORDER_FLOW_EXECUTION_AGENT,BUY,1.16009,1.15845,1.16255,1.5,100,A,95,True,OVERLAP,FAIL,40.0,FAIL,40.0,FAIL,ORDER_FLOW_BUY_LIQUIDITY_SWEEP_REVERSAL,TOP_DOWN_DATA_MISSING,ROUTER_BLOCKED,ACCEPT,PASS,BLOCK,NOT_SENT,SETUP_HUNTER
2026-06-15T16:12:12.880015+00:00,2026-06-15 17:12:12,2026-06-15 17:00 CASA,BTCUSD#,BTCUSD#,NONE,BUY,,,,,0,D,0,False,OVERLAP,,,,,,,NO_STRATEGY_SIGNAL,NO_VALID_SETUP,REJECT,PASS,N/A,NOT_SENT,SETUP_HUNTER
2026-06-15T16:12:14.118418+00:00,2026-06-15 17:12:14,2026-06-15 17:00 CASA,GOLD#,GOLD#,NONE,SELL,,,,,0,D,0,False,OVERLAP,,,,,,,NO_STRATEGY_SIGNAL,NO_VALID_SETUP,REJECT,PASS,N/A,NOT_SENT,SETUP_HUNTER
2026-06-15T16:12:14.979643+00:00,2026-06-15 17:12:14,2026-06-15 17:00 CASA,EURUSD,EURUSD,ORDER_FLOW_EXECUTION_AGENT,BUY,1.16006,1.15845,1.16248,1.5,100,A,95,True,OVERLAP,FAIL,35.0,FAIL,15.0,FAIL,ORDER_FLOW_BUY_LIQUIDITY_SWEEP_REVERSAL,TOP_DOWN_DATA_MISSING,ROUTER_BLOCKED,ACCEPT,PASS,BLOCK,NOT_SENT,SETUP_HUNTER
2026-06-15T16:12:17.773929+00:00,2026-06-15 17:12:17,2026-06-15 17:00 CASA,BTCUSD#,BTCUSD#,NONE,BUY,,,,,0,D,0,False,OVERLAP,,,,,,,NO_STRATEGY_SIGNAL,NO_VALID_SETUP,REJECT,PASS,N/A,NOT_SENT,SETUP_HUNTER
2026-06-15T16:12:18.994067+00:00,2026-06-15 17:12:18,2026-06-15 17:00 CASA,GOLD#,GOLD#,NONE,SELL,,,,,0,D,0,False,OVERLAP,,,,,,,NO_STRATEGY_SIGNAL,NO_VALID_SETUP,REJECT,PASS,N/A,NOT_SENT,SETUP_HUNTER
2026-06-15T16:12:19.838899+00:00,2026-06-15 17:12:19,2026-06-15 17:00 CASA,EURUSD,EURUSD,ORDER_FLOW_EXECUTION_AGENT,BUY,1.16008,1.15845,1.16253,1.5,100,A,95,True,OVERLAP,FAIL,40.0,FAIL,40.0,FAIL,ORDER_FLOW_BUY_LIQUIDITY_SWEEP_REVERSAL,TOP_DOWN_DATA_MISSING,ROUTER_BLOCKED,ACCEPT,PASS,BLOCK,NOT_SENT,SETUP_HUNTER
2026-06-15T16:12:22.692904+00:00,2026-06-15 17:12:22,2026-06-15 17:00 CASA,BTCUSD#,BTCUSD#,ORDER_FLOW_EXECUTION_AGENT,BUY,67208.3,63637.18587,72564.9712,1.5,99,A,85,True,OVERLAP,FAIL,35.0,FAIL,15.0,FAIL,ORDER_FLOW_BUY_VWAP_RECLAIM_REJECTION,TOP_DOWN_DATA_MISSING,ROUTER_BLOCKED,ACCEPT,PASS,BLOCK,NOT_SENT,SETUP_HUNTER
2026-06-15T16:12:23.988786+00:00,2026-06-15 17:12:23,2026-06-15 17:00 CASA,GOLD#,GOLD#,NONE,SELL,,,,,0,D,0,False,OVERLAP,,,,,,,NO_STRATEGY_SIGNAL,NO_VALID_SETUP,REJECT,PASS,N/A,NOT_SENT,SETUP_HUNTER
2026-06-15T16:12:24.791176+00:00,2026-06-15 17:12:24,2026-06-15 17:00 CASA,EURUSD,EURUSD,ORDER_FLOW_EXECUTION_AGENT,BUY,1.16009,1.15845,1.16255,1.5,100,A,95,True,OVERLAP,FAIL,40.0,FAIL,40.0,FAIL,ORDER_FLOW_BUY_LIQUIDITY_SWEEP_REVERSAL,TOP_DOWN_DATA_MISSING,ROUTER_BLOCKED,ACCEPT,PASS,BLOCK,NOT_SENT,SETUP_HUNTER
2026-06-15T16:12:27.823912+00:00,2026-06-15 17:12:27,2026-06-15 17:00 CASA,BTCUSD#,BTCUSD#,ORDER_FLOW_EXECUTION_AGENT,BUY,67222.7,63637.17147,72600.99279,1.5,99,A,85,True,OVERLAP,FAIL,35.0,FAIL,15.0,FAIL,ORDER_FLOW_BUY_VWAP_RECLAIM_REJECTION,TOP_DOWN_DATA_MISSING,ROUTER_BLOCKED,ACCEPT,PASS,BLOCK,NOT_SENT,SETUP_HUNTER
2026-06-15T16:12:29.164304+00:00,2026-06-15 17:12:29,2026-06-15 17:00 CASA,GOLD#,GOLD#,NONE,SELL,,,,,0,D,0,False,OVERLAP,,,,,,,NO_STRATEGY_SIGNAL,NO_VALID_SETUP,REJECT,PASS,N/A,NOT_SENT,SETUP_HUNTER
2026-06-15T16:12:29.954558+00:00,2026-06-15 17:12:29,2026-06-15 17:00 CASA,EURUSD,EURUSD,ORDER_FLOW_EXECUTION_AGENT,BUY,1.16009,1.15845,1.16255,1.5,100,A,95,True,OVERLAP,FAIL,40.0,FAIL,40.0,FAIL,ORDER_FLOW_BUY_LIQUIDITY_SWEEP_REVERSAL,TOP_DOWN_DATA_MISSING,ROUTER_BLOCKED,ACCEPT,PASS,BLOCK,NOT_SENT,SETUP_HUNTER
2026-06-15T16:12:32.780344+00:00,2026-06-15 17:12:32,2026-06-15 17:00 CASA,BTCUSD#,BTCUSD#,ORDER_FLOW_EXECUTION_AGENT,BUY,67217.4,63637.17677,72587.73484,1.5,99,A,85,True,OVERLAP,FAIL,35.0,FAIL,15.0,FAIL,ORDER_FLOW_BUY_VWAP_RECLAIM_REJECTION,TOP_DOWN_DATA_MISSING,ROUTER_BLOCKED,ACCEPT,PASS,BLOCK,NOT_SENT,SETUP_HUNTER
2026-06-15T16:12:34.092717+00:00,2026-06-15 17:12:34,2026-06-15 17:00 CASA,GOLD#,GOLD#,NONE,SELL,,,,,0,D,0,False,OVERLAP,,,,,,,NO_STRATEGY_SIGNAL,NO_VALID_SETUP,REJECT,PASS,N/A,NOT_SENT,SETUP_HUNTER
2026-06-15T16:12:34.885809+00:00,2026-06-15 17:12:34,2026-06-15 17:00 CASA,EURUSD,EURUSD,ORDER_FLOW_EXECUTION_AGENT,BUY,1.1601,1.15845,1.16258,1.5,100,A,95,True,OVERLAP,FAIL,40.0,FAIL,40.0,FAIL,ORDER_FLOW_BUY_LIQUIDITY_SWEEP_REVERSAL,TOP_DOWN_DATA_MISSING,ROUTER_BLOCKED,ACCEPT,PASS,BLOCK,NOT_SENT,SETUP_HUNTER
2026-06-15T16:12:37.963018+00:00,2026-06-15 17:12:37,2026-06-15 17:00 CASA,BTCUSD#,BTCUSD#,ORDER_FLOW_EXECUTION_AGENT,BUY,67217.4,63637.17677,72587.73484,1.5,99,A,85,True,OVERLAP,FAIL,35.0,FAIL,15.0,FAIL,ORDER_FLOW_BUY_VWAP_RECLAIM_REJECTION,TOP_DOWN_DATA_MISSING,ROUTER_BLOCKED,ACCEPT,PASS,BLOCK,NOT_SENT,SETUP_HUNTER
2026-06-15T16:12:39.215836+00:00,2026-06-15 17:12:39,2026-06-15 17:00 CASA,GOLD#,GOLD#,NONE,SELL,,,,,0,D,0,False,OVERLAP,,,,,,,NO_STRATEGY_SIGNAL,NO_VALID_SETUP,REJECT,PASS,N/A,NOT_SENT,SETUP_HUNTER
2026-06-15T16:12:40.006557+00:00,2026-06-15 17:12:40,2026-06-15 17:00 CASA,EURUSD,EURUSD,ORDER_FLOW_EXECUTION_AGENT,BUY,1.16009,1.15845,1.16255,1.5,100,A,95,True,OVERLAP,FAIL,40.0,FAIL,40.0,FAIL,ORDER_FLOW_BUY_LIQUIDITY_SWEEP_REVERSAL,TOP_DOWN_DATA_MISSING,ROUTER_BLOCKED,ACCEPT,PASS,BLOCK,NOT_SENT,SETUP_HUNTER
2026-06-15T16:12:42.963389+00:00,2026-06-15 17:12:42,2026-06-15 17:00 CASA,BTCUSD#,BTCUSD#,ORDER_FLOW_EXECUTION_AGENT,BUY,67223.2,63637.17097,72602.24354,1.5,99,A,85,True,OVERLAP,FAIL,35.0,FAIL,15.0,FAIL,ORDER_FLOW_BUY_VWAP_RECLAIM_REJECTION,TOP_DOWN_DATA_MISSING,ROUTER_BLOCKED,ACCEPT,PASS,BLOCK,NOT_SENT,SETUP_HUNTER
2026-06-15T16:12:44.154412+00:00,2026-06-15 17:12:44,2026-06-15 17:00 CASA,GOLD#,GOLD#,NONE,SELL,,,,,0,D,0,False,OVERLAP,,,,,,,NO_STRATEGY_SIGNAL,NO_VALID_SETUP,REJECT,PASS,N/A,NOT_SENT,SETUP_HUNTER
2026-06-15T16:12:45.088530+00:00,2026-06-15 17:12:45,2026-06-15 17:00 CASA,EURUSD,EURUSD,ORDER_FLOW_EXECUTION_AGENT,BUY,1.16009,1.15845,1.16255,1.5,100,A,95,True,OVERLAP,FAIL,40.0,FAIL,40.0,FAIL,ORDER_FLOW_BUY_LIQUIDITY_SWEEP_REVERSAL,TOP_DOWN_DATA_MISSING,ROUTER_BLOCKED,ACCEPT,PASS,BLOCK,NOT_SENT,SETUP_HUNTER
2026-06-15T16:12:47.783581+00:00,2026-06-15 17:12:47,2026-06-15 17:00 CASA,BTCUSD#,BTCUSD#,ORDER_FLOW_EXECUTION_AGENT,BUY,67217.4,63637.17677,72587.73484,1.5,99,A,85,True,OVERLAP,FAIL,35.0,FAIL,15.0,FAIL,ORDER_FLOW_BUY_VWAP_RECLAIM_REJECTION,TOP_DOWN_DATA_MISSING,ROUTER_BLOCKED,ACCEPT,PASS,BLOCK,NOT_SENT,SETUP_HUNTER
2026-06-15T16:12:49.165321+00:00,2026-06-15 17:12:49,2026-06-15 17:00 CASA,GOLD#,GOLD#,NONE,SELL,,,,,0,D,0,False,OVERLAP,,,,,,,NO_STRATEGY_SIGNAL,NO_VALID_SETUP,REJECT,PASS,N/A,NOT_SENT,SETUP_HUNTER
2026-06-15T16:12:50.001869+00:00,2026-06-15 17:12:50,2026-06-15 17:00 CASA,EURUSD,EURUSD,ORDER_FLOW_EXECUTION_AGENT,BUY,1.16006,1.15845,1.16248,1.5,100,A,95,True,OVERLAP,FAIL,35.0,FAIL,15.0,FAIL,ORDER_FLOW_BUY_LIQUIDITY_SWEEP_REVERSAL,TOP_DOWN_DATA_MISSING,ROUTER_BLOCKED,ACCEPT,PASS,BLOCK,NOT_SENT,SETUP_HUNTER
2026-06-15T16:12:52.757197+00:00,2026-06-15 17:12:52,2026-06-15 17:00 CASA,BTCUSD#,BTCUSD#,ORDER_FLOW_EXECUTION_AGENT,BUY,67217.3,63637.17687,72587.4847,1.5,99,A,85,True,OVERLAP,FAIL,35.0,FAIL,15.0,FAIL,ORDER_FLOW_BUY_VWAP_RECLAIM_REJECTION,TOP_DOWN_DATA_MISSING,ROUTER_BLOCKED,ACCEPT,PASS,BLOCK,NOT_SENT,SETUP_HUNTER
2026-06-15T16:12:54.122846+00:00,2026-06-15 17:12:54,2026-06-15 17:00 CASA,GOLD#,GOLD#,NONE,SELL,,,,,0,D,0,False,OVERLAP,,,,,,,NO_STRATEGY_SIGNAL,NO_VALID_SETUP,REJECT,PASS,N/A,NOT_SENT,SETUP_HUNTER
2026-06-15T16:12:54.867366+00:00,2026-06-15 17:12:54,2026-06-15 17:00 CASA,EURUSD,EURUSD,ORDER_FLOW_EXECUTION_AGENT,BUY,1.16006,1.15845,1.16248,1.5,100,A,95,True,OVERLAP,FAIL,35.0,FAIL,15.0,FAIL,ORDER_FLOW_BUY_LIQUIDITY_SWEEP_REVERSAL,TOP_DOWN_DATA_MISSING,ROUTER_BLOCKED,ACCEPT,PASS,BLOCK,NOT_SENT,SETUP_HUNTER
2026-06-15T16:12:57.668732+00:00,2026-06-15 17:12:57,2026-06-15 17:00 CASA,BTCUSD#,BTCUSD#,ORDER_FLOW_EXECUTION_AGENT,BUY,67223.2,63637.17097,72602.24354,1.5,99,A,85,True,OVERLAP,FAIL,35.0,FAIL,15.0,FAIL,ORDER_FLOW_BUY_VWAP_RECLAIM_REJECTION,TOP_DOWN_DATA_MISSING,ROUTER_BLOCKED,ACCEPT,PASS,BLOCK,NOT_SENT,SETUP_HUNTER
2026-06-15T16:12:59.359157+00:00,2026-06-15 17:12:59,2026-06-15 17:00 CASA,GOLD#,GOLD#,NONE,SELL,,,,,0,D,0,False,OVERLAP,,,,,,,NO_STRATEGY_SIGNAL,NO_VALID_SETUP,REJECT,PASS,N/A,NOT_SENT,SETUP_HUNTER
2026-06-15T16:13:00.316908+00:00,2026-06-15 17:13:00,2026-06-15 17:00 CASA,EURUSD,EURUSD,ORDER_FLOW_EXECUTION_AGENT,BUY,1.16006,1.15845,1.16248,1.5,100,A,95,True,OVERLAP,FAIL,35.0,FAIL,15.0,FAIL,ORDER_FLOW_BUY_LIQUIDITY_SWEEP_REVERSAL,TOP_DOWN_DATA_MISSING,ROUTER_BLOCKED,ACCEPT,PASS,BLOCK,NOT_SENT,SETUP_HUNTER
2026-06-15T16:13:02.889425+00:00,2026-06-15 17:13:02,2026-06-15 17:00 CASA,BTCUSD#,BTCUSD#,ORDER_FLOW_EXECUTION_AGENT,BUY,67223.2,63637.17097,72602.24354,1.5,99,A,85,True,OVERLAP,FAIL,35.0,FAIL,15.0,FAIL,ORDER_FLOW_BUY_VWAP_RECLAIM_REJECTION,TOP_DOWN_DATA_MISSING,ROUTER_BLOCKED,ACCEPT,PASS,BLOCK,NOT_SENT,SETUP_HUNTER
2026-06-15T16:13:04.039282+00:00,2026-06-15 17:13:04,2026-06-15 17:00 CASA,GOLD#,GOLD#,NONE,SELL,,,,,0,D,0,False,OVERLAP,,,,,,,NO_STRATEGY_SIGNAL,NO_VALID_SETUP,REJECT,PASS,N/A,NOT_SENT,SETUP_HUNTER
2026-06-15T16:13:05.107452+00:00,2026-06-15 17:13:05,2026-06-15 17:00 CASA,EURUSD,EURUSD,ORDER_FLOW_EXECUTION_AGENT,BUY,1.16006,1.15845,1.16248,1.5,100,A,95,True,OVERLAP,FAIL,35.0,FAIL,15.0,FAIL,ORDER_FLOW_BUY_LIQUIDITY_SWEEP_REVERSAL,TOP_DOWN_DATA_MISSING,ROUTER_BLOCKED,ACCEPT,PASS,BLOCK,NOT_SENT,SETUP_HUNTER
2026-06-15T16:13:07.774022+00:00,2026-06-15 17:13:07,2026-06-15 17:00 CASA,BTCUSD#,BTCUSD#,ORDER_FLOW_EXECUTION_AGENT,BUY,67223.2,63637.17097,72602.24354,1.5,99,A,85,True,OVERLAP,FAIL,35.0,FAIL,15.0,FAIL,ORDER_FLOW_BUY_VWAP_RECLAIM_REJECTION,TOP_DOWN_DATA_MISSING,ROUTER_BLOCKED,ACCEPT,PASS,BLOCK,NOT_SENT,SETUP_HUNTER
2026-06-15T16:13:08.987230+00:00,2026-06-15 17:13:08,2026-06-15 17:00 CASA,GOLD#,GOLD#,NONE,SELL,,,,,0,D,0,False,OVERLAP,,,,,,,NO_STRATEGY_SIGNAL,NO_VALID_SETUP,REJECT,PASS,N/A,NOT_SENT,SETUP_HUNTER
2026-06-15T16:13:09.806357+00:00,2026-06-15 17:13:09,2026-06-15 17:00 CASA,EURUSD,EURUSD,ORDER_FLOW_EXECUTION_AGENT,BUY,1.16004,1.15845,1.16243,1.5,100,A,95,True,OVERLAP,FAIL,35.0,FAIL,15.0,FAIL,ORDER_FLOW_BUY_LIQUIDITY_SWEEP_REVERSAL,TOP_DOWN_DATA_MISSING,ROUTER_BLOCKED,ACCEPT,PASS,BLOCK,NOT_SENT,SETUP_HUNTER
2026-06-15T16:13:12.842393+00:00,2026-06-15 17:13:12,2026-06-15 17:00 CASA,BTCUSD#,BTCUSD#,ORDER_FLOW_EXECUTION_AGENT,BUY,67243.2,63637.15097,72652.27354,1.5,99,A,85,True,OVERLAP,FAIL,35.0,FAIL,15.0,FAIL,ORDER_FLOW_BUY_VWAP_RECLAIM_REJECTION,TOP_DOWN_DATA_MISSING,ROUTER_BLOCKED,ACCEPT,PASS,BLOCK,NOT_SENT,SETUP_HUNTER
2026-06-15T16:13:13.964591+00:00,2026-06-15 17:13:13,2026-06-15 17:00 CASA,GOLD#,GOLD#,NONE,SELL,,,,,0,D,0,False,OVERLAP,,,,,,,NO_STRATEGY_SIGNAL,NO_VALID_SETUP,REJECT,PASS,N/A,NOT_SENT,SETUP_HUNTER
2026-06-15T16:13:14.772353+00:00,2026-06-15 17:13:14,2026-06-15 17:00 CASA,EURUSD,EURUSD,ORDER_FLOW_EXECUTION_AGENT,BUY,1.16004,1.15845,1.16243,1.5,100,A,95,True,OVERLAP,FAIL,35.0,FAIL,15.0,FAIL,ORDER_FLOW_BUY_LIQUIDITY_SWEEP_REVERSAL,TOP_DOWN_DATA_MISSING,ROUTER_BLOCKED,ACCEPT,PASS,BLOCK,NOT_SENT,SETUP_HUNTER
2026-06-15T16:13:17.766866+00:00,2026-06-15 17:13:17,2026-06-15 17:00 CASA,BTCUSD#,BTCUSD#,ORDER_FLOW_EXECUTION_AGENT,BUY,67243.2,63637.15097,72652.27354,1.5,99,A,85,True,OVERLAP,FAIL,35.0,FAIL,15.0,FAIL,ORDER_FLOW_BUY_VWAP_RECLAIM_REJECTION,TOP_DOWN_DATA_MISSING,ROUTER_BLOCKED,ACCEPT,PASS,BLOCK,NOT_SENT,SETUP_HUNTER
2026-06-15T16:13:18.953423+00:00,2026-06-15 17:13:18,2026-06-15 17:00 CASA,GOLD#,GOLD#,NONE,SELL,,,,,0,D,0,False,OVERLAP,,,,,,,NO_STRATEGY_SIGNAL,NO_VALID_SETUP,REJECT,PASS,N/A,NOT_SENT,SETUP_HUNTER
2026-06-15T16:13:19.743686+00:00,2026-06-15 17:13:19,2026-06-15 17:00 CASA,EURUSD,EURUSD,ORDER_FLOW_EXECUTION_AGENT,BUY,1.16004,1.15845,1.16243,1.5,100,A,95,True,OVERLAP,FAIL,35.0,FAIL,15.0,FAIL,ORDER_FLOW_BUY_LIQUIDITY_SWEEP_REVERSAL,TOP_DOWN_DATA_MISSING,ROUTER_BLOCKED,ACCEPT,PASS,BLOCK,NOT_SENT,SETUP_HUNTER
2026-06-15T16:13:22.810651+00:00,2026-06-15 17:13:22,2026-06-15 17:00 CASA,BTCUSD#,BTCUSD#,ORDER_FLOW_EXECUTION_AGENT,BUY,67247.4,63637.14677,72662.77984,1.5,99,A,85,True,OVERLAP,FAIL,35.0,FAIL,15.0,FAIL,ORDER_FLOW_BUY_VWAP_RECLAIM_REJECTION,TOP_DOWN_DATA_MISSING,ROUTER_BLOCKED,ACCEPT,PASS,BLOCK,NOT_SENT,SETUP_HUNTER
2026-06-15T16:13:24.007550+00:00,2026-06-15 17:13:24,2026-06-15 17:00 CASA,GOLD#,GOLD#,NONE,SELL,,,,,0,D,0,False,OVERLAP,,,,,,,NO_STRATEGY_SIGNAL,NO_VALID_SETUP,REJECT,PASS,N/A,NOT_SENT,SETUP_HUNTER
2026-06-15T16:13:24.856846+00:00,2026-06-15 17:13:24,2026-06-15 17:00 CASA,EURUSD,EURUSD,ORDER_FLOW_EXECUTION_AGENT,BUY,1.16004,1.15845,1.16243,1.5,100,A,95,True,OVERLAP,FAIL,35.0,FAIL,15.0,FAIL,ORDER_FLOW_BUY_LIQUIDITY_SWEEP_REVERSAL,TOP_DOWN_DATA_MISSING,ROUTER_BLOCKED,ACCEPT,PASS,BLOCK,NOT_SENT,SETUP_HUNTER
2026-06-15T16:13:27.840239+00:00,2026-06-15 17:13:27,2026-06-15 17:00 CASA,BTCUSD#,BTCUSD#,ORDER_FLOW_EXECUTION_AGENT,BUY,67237.1,63637.15707,72637.0144,1.5,99,A,85,True,OVERLAP,FAIL,35.0,FAIL,15.0,FAIL,ORDER_FLOW_BUY_VWAP_RECLAIM_REJECTION,TOP_DOWN_DATA_MISSING,ROUTER_BLOCKED,ACCEPT,PASS,BLOCK,NOT_SENT,SETUP_HUNTER
2026-06-15T16:13:29.135741+00:00,2026-06-15 17:13:29,2026-06-15 17:00 CASA,GOLD#,GOLD#,NONE,SELL,,,,,0,D,0,False,OVERLAP,,,,,,,NO_STRATEGY_SIGNAL,NO_VALID_SETUP,REJECT,PASS,N/A,NOT_SENT,SETUP_HUNTER
2026-06-15T16:13:29.937839+00:00,2026-06-15 17:13:29,2026-06-15 17:00 CASA,EURUSD,EURUSD,ORDER_FLOW_EXECUTION_AGENT,BUY,1.16004,1.15845,1.16243,1.5,100,A,95,True,OVERLAP,FAIL,35.0,FAIL,15.0,FAIL,ORDER_FLOW_BUY_LIQUIDITY_SWEEP_REVERSAL,TOP_DOWN_DATA_MISSING,ROUTER_BLOCKED,ACCEPT,PASS,BLOCK,NOT_SENT,SETUP_HUNTER
2026-06-15T16:13:32.876077+00:00,2026-06-15 17:13:32,2026-06-15 17:00 CASA,BTCUSD#,BTCUSD#,ORDER_FLOW_EXECUTION_AGENT,BUY,67250.9,63637.14327,72671.53509,1.5,99,A,85,True,OVERLAP,FAIL,35.0,FAIL,15.0,FAIL,ORDER_FLOW_BUY_VWAP_RECLAIM_REJECTION,TOP_DOWN_DATA_MISSING,ROUTER_BLOCKED,ACCEPT,PASS,BLOCK,NOT_SENT,SETUP_HUNTER
2026-06-15T16:13:34.086786+00:00,2026-06-15 17:13:34,2026-06-15 17:00 CASA,GOLD#,GOLD#,NONE,SELL,,,,,0,D,0,False,OVERLAP,,,,,,,NO_STRATEGY_SIGNAL,NO_VALID_SETUP,REJECT,PASS,N/A,NOT_SENT,SETUP_HUNTER
2026-06-15T16:13:34.893791+00:00,2026-06-15 17:13:34,2026-06-15 17:00 CASA,EURUSD,EURUSD,ORDER_FLOW_EXECUTION_AGENT,BUY,1.16004,1.15845,1.16243,1.5,100,A,95,True,OVERLAP,FAIL,35.0,FAIL,15.0,FAIL,ORDER_FLOW_BUY_LIQUIDITY_SWEEP_REVERSAL,TOP_DOWN_DATA_MISSING,ROUTER_BLOCKED,ACCEPT,PASS,BLOCK,NOT_SENT,SETUP_HUNTER
2026-06-15T16:13:37.872535+00:00,2026-06-15 17:13:37,2026-06-15 17:00 CASA,BTCUSD#,BTCUSD#,ORDER_FLOW_EXECUTION_AGENT,BUY,67268.0,63637.12617,72714.31074,1.5,99,A,85,True,OVERLAP,FAIL,35.0,FAIL,15.0,FAIL,ORDER_FLOW_BUY_VWAP_RECLAIM_REJECTION,TOP_DOWN_DATA_MISSING,ROUTER_BLOCKED,ACCEPT,PASS,BLOCK,NOT_SENT,SETUP_HUNTER
2026-06-15T16:13:39.028168+00:00,2026-06-15 17:13:39,2026-06-15 17:00 CASA,GOLD#,GOLD#,NONE,SELL,,,,,0,D,0,False,OVERLAP,,,,,,,NO_STRATEGY_SIGNAL,NO_VALID_SETUP,REJECT,PASS,N/A,NOT_SENT,SETUP_HUNTER
2026-06-15T16:13:39.798083+00:00,2026-06-15 17:13:39,2026-06-15 17:00 CASA,EURUSD,EURUSD,ORDER_FLOW_EXECUTION_AGENT,BUY,1.16005,1.15845,1.16245,1.5,100,A,95,True,OVERLAP,FAIL,35.0,FAIL,15.0,FAIL,ORDER_FLOW_BUY_LIQUIDITY_SWEEP_REVERSAL,TOP_DOWN_DATA_MISSING,ROUTER_BLOCKED,ACCEPT,PASS,BLOCK,NOT_SENT,SETUP_HUNTER
2026-06-15T16:13:43.068145+00:00,2026-06-15 17:13:43,2026-06-15 17:00 CASA,BTCUSD#,BTCUSD#,ORDER_FLOW_EXECUTION_AGENT,BUY,67268.0,63637.12617,72714.31074,1.5,99,A,85,True,OVERLAP,FAIL,35.0,FAIL,15.0,FAIL,ORDER_FLOW_BUY_VWAP_RECLAIM_REJECTION,TOP_DOWN_DATA_MISSING,ROUTER_BLOCKED,ACCEPT,PASS,BLOCK,NOT_SENT,SETUP_HUNTER
2026-06-15T16:13:44.177238+00:00,2026-06-15 17:13:44,2026-06-15 17:00 CASA,GOLD#,GOLD#,NONE,SELL,,,,,0,D,0,False,OVERLAP,,,,,,,NO_STRATEGY_SIGNAL,NO_VALID_SETUP,REJECT,PASS,N/A,NOT_SENT,SETUP_HUNTER
2026-06-15T16:13:44.893522+00:00,2026-06-15 17:13:44,2026-06-15 17:00 CASA,EURUSD,EURUSD,ORDER_FLOW_EXECUTION_AGENT,BUY,1.16005,1.15845,1.16245,1.5,100,A,95,True,OVERLAP,FAIL,35.0,FAIL,15.0,FAIL,ORDER_FLOW_BUY_LIQUIDITY_SWEEP_REVERSAL,TOP_DOWN_DATA_MISSING,ROUTER_BLOCKED,ACCEPT,PASS,BLOCK,NOT_SENT,SETUP_HUNTER
2026-06-15T16:13:48.153162+00:00,2026-06-15 17:13:48,2026-06-15 17:00 CASA,BTCUSD#,BTCUSD#,ORDER_FLOW_EXECUTION_AGENT,BUY,67258.3,63637.13587,72690.0462,1.5,99,A,85,True,OVERLAP,FAIL,35.0,FAIL,15.0,FAIL,ORDER_FLOW_BUY_VWAP_RECLAIM_REJECTION,TOP_DOWN_DATA_MISSING,ROUTER_BLOCKED,ACCEPT,PASS,BLOCK,NOT_SENT,SETUP_HUNTER
2026-06-15T16:13:49.292970+00:00,2026-06-15 17:13:49,2026-06-15 17:00 CASA,GOLD#,GOLD#,NONE,SELL,,,,,0,D,0,False,OVERLAP,,,,,,,NO_STRATEGY_SIGNAL,NO_VALID_SETUP,REJECT,PASS,N/A,NOT_SENT,SETUP_HUNTER
2026-06-15T16:13:50.075976+00:00,2026-06-15 17:13:50,2026-06-15 17:00 CASA,EURUSD,EURUSD,ORDER_FLOW_EXECUTION_AGENT,BUY,1.16005,1.15845,1.16245,1.5,100,A,95,True,OVERLAP,FAIL,35.0,FAIL,15.0,FAIL,ORDER_FLOW_BUY_LIQUIDITY_SWEEP_REVERSAL,TOP_DOWN_DATA_MISSING,ROUTER_BLOCKED,ACCEPT,PASS,BLOCK,NOT_SENT,SETUP_HUNTER
2026-06-15T16:13:52.848122+00:00,2026-06-15 17:13:52,2026-06-15 17:00 CASA,BTCUSD#,BTCUSD#,ORDER_FLOW_EXECUTION_AGENT,BUY,67258.3,63637.13587,72690.0462,1.5,99,A,85,True,OVERLAP,FAIL,35.0,FAIL,15.0,FAIL,ORDER_FLOW_BUY_VWAP_RECLAIM_REJECTION,TOP_DOWN_DATA_MISSING,ROUTER_BLOCKED,ACCEPT,PASS,BLOCK,NOT_SENT,SETUP_HUNTER
2026-06-15T16:13:54.304858+00:00,2026-06-15 17:13:54,2026-06-15 17:00 CASA,GOLD#,GOLD#,NONE,SELL,,,,,0,D,0,False,OVERLAP,,,,,,,NO_STRATEGY_SIGNAL,NO_VALID_SETUP,REJECT,PASS,N/A,NOT_SENT,SETUP_HUNTER
2026-06-15T16:13:55.319899+00:00,2026-06-15 17:13:55,2026-06-15 17:00 CASA,EURUSD,EURUSD,ORDER_FLOW_EXECUTION_AGENT,BUY,1.16009,1.15845,1.16255,1.5,100,A,95,True,OVERLAP,FAIL,35.0,FAIL,15.0,FAIL,ORDER_FLOW_BUY_LIQUIDITY_SWEEP_REVERSAL,TOP_DOWN_DATA_MISSING,ROUTER_BLOCKED,ACCEPT,PASS,BLOCK,NOT_SENT,SETUP_HUNTER
2026-06-15T16:13:57.909487+00:00,2026-06-15 17:13:57,2026-06-15 17:00 CASA,BTCUSD#,BTCUSD#,ORDER_FLOW_EXECUTION_AGENT,BUY,67254.7,63637.13947,72681.04079,1.5,99,A,85,True,OVERLAP,FAIL,35.0,FAIL,15.0,FAIL,ORDER_FLOW_BUY_VWAP_RECLAIM_REJECTION,TOP_DOWN_DATA_MISSING,ROUTER_BLOCKED,ACCEPT,PASS,BLOCK,NOT_SENT,SETUP_HUNTER
2026-06-15T16:13:59.916981+00:00,2026-06-15 17:13:59,2026-06-15 17:00 CASA,GOLD#,GOLD#,NONE,SELL,,,,,0,D,0,False,OVERLAP,,,,,,,NO_STRATEGY_SIGNAL,NO_VALID_SETUP,REJECT,PASS,N/A,NOT_SENT,SETUP_HUNTER
2026-06-15T16:14:00.522422+00:00,2026-06-15 17:14:00,2026-06-15 17:00 CASA,EURUSD,EURUSD,ORDER_FLOW_EXECUTION_AGENT,BUY,1.1601,1.15845,1.16258,1.5,100,A,95,True,OVERLAP,FAIL,35.0,FAIL,15.0,FAIL,ORDER_FLOW_BUY_LIQUIDITY_SWEEP_REVERSAL,TOP_DOWN_DATA_MISSING,ROUTER_BLOCKED,ACCEPT,PASS,BLOCK,NOT_SENT,SETUP_HUNTER
2026-06-15T16:14:02.611837+00:00,2026-06-15 17:14:02,2026-06-15 17:00 CASA,BTCUSD#,BTCUSD#,ORDER_FLOW_EXECUTION_AGENT,BUY,67258.1,63637.13607,72689.5459,1.5,99,A,85,True,OVERLAP,FAIL,35.0,FAIL,15.0,FAIL,ORDER_FLOW_BUY_VWAP_RECLAIM_REJECTION,TOP_DOWN_DATA_MISSING,ROUTER_BLOCKED,ACCEPT,PASS,BLOCK,NOT_SENT,SETUP_HUNTER
2026-06-15T16:14:03.587515+00:00,2026-06-15 17:14:03,2026-06-15 17:00 CASA,GOLD#,GOLD#,NONE,SELL,,,,,0,D,0,False,OVERLAP,,,,,,,NO_STRATEGY_SIGNAL,NO_VALID_SETUP,REJECT,PASS,N/A,NOT_SENT,SETUP_HUNTER
2026-06-15T16:14:04.195983+00:00,2026-06-15 17:14:04,2026-06-15 17:00 CASA,EURUSD,EURUSD,ORDER_FLOW_EXECUTION_AGENT,BUY,1.1601,1.15845,1.16258,1.5,100,A,95,True,OVERLAP,FAIL,35.0,FAIL,15.0,FAIL,ORDER_FLOW_BUY_LIQUIDITY_SWEEP_REVERSAL,TOP_DOWN_DATA_MISSING,ROUTER_BLOCKED,ACCEPT,PASS,BLOCK,NOT_SENT,SETUP_HUNTER
2026-06-15T16:14:07.585810+00:00,2026-06-15 17:14:07,2026-06-15 17:00 CASA,BTCUSD#,BTCUSD#,ORDER_FLOW_EXECUTION_AGENT,BUY,67272.5,63637.12167,72725.56749,1.5,99,A,85,True,OVERLAP,FAIL,35.0,FAIL,15.0,FAIL,ORDER_FLOW_BUY_VWAP_RECLAIM_REJECTION,TOP_DOWN_DATA_MISSING,ROUTER_BLOCKED,ACCEPT,PASS,BLOCK,NOT_SENT,SETUP_HUNTER
2026-06-15T16:14:08.449619+00:00,2026-06-15 17:14:08,2026-06-15 17:00 CASA,GOLD#,GOLD#,NONE,SELL,,,,,0,D,0,False,OVERLAP,,,,,,,NO_STRATEGY_SIGNAL,NO_VALID_SETUP,REJECT,PASS,N/A,NOT_SENT,SETUP_HUNTER
2026-06-15T16:14:09.104616+00:00,2026-06-15 17:14:09,2026-06-15 17:00 CASA,EURUSD,EURUSD,ORDER_FLOW_EXECUTION_AGENT,BUY,1.16012,1.15845,1.16263,1.5,100,A,95,True,OVERLAP,FAIL,35.0,FAIL,15.0,FAIL,ORDER_FLOW_BUY_LIQUIDITY_SWEEP_REVERSAL,TOP_DOWN_DATA_MISSING,ROUTER_BLOCKED,ACCEPT,PASS,BLOCK,NOT_SENT,SETUP_HUNTER
2026-06-15T16:14:12.557597+00:00,2026-06-15 17:14:12,2026-06-15 17:00 CASA,BTCUSD#,BTCUSD#,ORDER_FLOW_EXECUTION_AGENT,BUY,67278.1,63637.11607,72739.5759,1.5,99,A,85,True,OVERLAP,FAIL,35.0,FAIL,15.0,FAIL,ORDER_FLOW_BUY_VWAP_RECLAIM_REJECTION,TOP_DOWN_DATA_MISSING,ROUTER_BLOCKED,ACCEPT,PASS,BLOCK,NOT_SENT,SETUP_HUNTER
2026-06-15T16:14:13.808716+00:00,2026-06-15 17:14:13,2026-06-15 17:00 CASA,GOLD#,GOLD#,NONE,SELL,,,,,0,D,0,False,OVERLAP,,,,,,,NO_STRATEGY_SIGNAL,NO_VALID_SETUP,REJECT,PASS,N/A,NOT_SENT,SETUP_HUNTER
2026-06-15T16:14:14.601810+00:00,2026-06-15 17:14:14,2026-06-15 17:00 CASA,EURUSD,EURUSD,ORDER_FLOW_EXECUTION_AGENT,BUY,1.16012,1.15845,1.16263,1.5,100,A,95,True,OVERLAP,FAIL,35.0,FAIL,15.0,FAIL,ORDER_FLOW_BUY_LIQUIDITY_SWEEP_REVERSAL,TOP_DOWN_DATA_MISSING,ROUTER_BLOCKED,ACCEPT,PASS,BLOCK,NOT_SENT,SETUP_HUNTER
2026-06-15T16:14:17.842483+00:00,2026-06-15 17:14:17,2026-06-15 17:00 CASA,BTCUSD#,BTCUSD#,ORDER_FLOW_EXECUTION_AGENT,BUY,67278.1,63637.11607,72739.5759,1.5,99,A,85,True,OVERLAP,FAIL,35.0,FAIL,15.0,FAIL,ORDER_FLOW_BUY_VWAP_RECLAIM_REJECTION,TOP_DOWN_DATA_MISSING,ROUTER_BLOCKED,ACCEPT,PASS,BLOCK,NOT_SENT,SETUP_HUNTER
2026-06-15T16:14:19.065413+00:00,2026-06-15 17:14:19,2026-06-15 17:00 CASA,GOLD#,GOLD#,NONE,SELL,,,,,0,D,0,False,OVERLAP,,,,,,,NO_STRATEGY_SIGNAL,NO_VALID_SETUP,REJECT,PASS,N/A,NOT_SENT,SETUP_HUNTER
2026-06-15T16:14:19.967091+00:00,2026-06-15 17:14:19,2026-06-15 17:00 CASA,EURUSD,EURUSD,ORDER_FLOW_EXECUTION_AGENT,BUY,1.16013,1.15845,1.16265,1.5,100,A,95,True,OVERLAP,FAIL,35.0,FAIL,15.0,FAIL,ORDER_FLOW_BUY_LIQUIDITY_SWEEP_REVERSAL,TOP_DOWN_DATA_MISSING,ROUTER_BLOCKED,ACCEPT,PASS,BLOCK,NOT_SENT,SETUP_HUNTER
2026-06-15T16:14:22.965775+00:00,2026-06-15 17:14:22,2026-06-15 17:00 CASA,BTCUSD#,BTCUSD#,ORDER_FLOW_EXECUTION_AGENT,BUY,67265.1,63637.12907,72707.0564,1.5,99,A,85,True,OVERLAP,FAIL,35.0,FAIL,15.0,FAIL,ORDER_FLOW_BUY_VWAP_RECLAIM_REJECTION,TOP_DOWN_DATA_MISSING,ROUTER_BLOCKED,ACCEPT,PASS,BLOCK,NOT_SENT,SETUP_HUNTER
2026-06-15T16:14:24.254586+00:00,2026-06-15 17:14:24,2026-06-15 17:00 CASA,GOLD#,GOLD#,NONE,SELL,,,,,0,D,0,False,OVERLAP,,,,,,,NO_STRATEGY_SIGNAL,NO_VALID_SETUP,REJECT,PASS,N/A,NOT_SENT,SETUP_HUNTER
2026-06-15T16:14:25.200792+00:00,2026-06-15 17:14:25,2026-06-15 17:00 CASA,EURUSD,EURUSD,ORDER_FLOW_EXECUTION_AGENT,BUY,1.16015,1.15845,1.1627,1.5,100,A,95,True,OVERLAP,FAIL,35.0,FAIL,15.0,FAIL,ORDER_FLOW_BUY_LIQUIDITY_SWEEP_REVERSAL,TOP_DOWN_DATA_MISSING,ROUTER_BLOCKED,ACCEPT,PASS,BLOCK,NOT_SENT,SETUP_HUNTER
2026-06-15T16:14:27.960896+00:00,2026-06-15 17:14:27,2026-06-15 17:00 CASA,BTCUSD#,BTCUSD#,ORDER_FLOW_EXECUTION_AGENT,BUY,67265.1,63637.12907,72707.0564,1.5,99,A,85,True,OVERLAP,FAIL,35.0,FAIL,15.0,FAIL,ORDER_FLOW_BUY_VWAP_RECLAIM_REJECTION,TOP_DOWN_DATA_MISSING,ROUTER_BLOCKED,ACCEPT,PASS,BLOCK,NOT_SENT,SETUP_HUNTER
2026-06-15T16:14:29.311698+00:00,2026-06-15 17:14:29,2026-06-15 17:00 CASA,GOLD#,GOLD#,NONE,SELL,,,,,0,D,0,False,OVERLAP,,,,,,,NO_STRATEGY_SIGNAL,NO_VALID_SETUP,REJECT,PASS,N/A,NOT_SENT,SETUP_HUNTER
2026-06-15T16:14:30.347505+00:00,2026-06-15 17:14:30,2026-06-15 17:00 CASA,EURUSD,EURUSD,ORDER_FLOW_EXECUTION_AGENT,BUY,1.16015,1.15845,1.1627,1.5,100,A,95,True,OVERLAP,FAIL,35.0,FAIL,15.0,FAIL,ORDER_FLOW_BUY_LIQUIDITY_SWEEP_REVERSAL,TOP_DOWN_DATA_MISSING,ROUTER_BLOCKED,ACCEPT,PASS,BLOCK,NOT_SENT,SETUP_HUNTER
2026-06-15T16:14:33.187060+00:00,2026-06-15 17:14:33,2026-06-15 17:00 CASA,BTCUSD#,BTCUSD#,ORDER_FLOW_EXECUTION_AGENT,BUY,67265.1,63637.12907,72707.0564,1.5,99,A,85,True,OVERLAP,FAIL,35.0,FAIL,15.0,FAIL,ORDER_FLOW_BUY_VWAP_RECLAIM_REJECTION,TOP_DOWN_DATA_MISSING,ROUTER_BLOCKED,ACCEPT,PASS,BLOCK,NOT_SENT,SETUP_HUNTER
2026-06-15T16:14:34.522993+00:00,2026-06-15 17:14:34,2026-06-15 17:00 CASA,GOLD#,GOLD#,NONE,SELL,,,,,0,D,0,False,OVERLAP,,,,,,,NO_STRATEGY_SIGNAL,NO_VALID_SETUP,REJECT,PASS,N/A,NOT_SENT,SETUP_HUNTER
2026-06-15T16:14:35.371366+00:00,2026-06-15 17:14:35,2026-06-15 17:00 CASA,EURUSD,EURUSD,ORDER_FLOW_EXECUTION_AGENT,BUY,1.16015,1.15845,1.1627,1.5,100,A,95,True,OVERLAP,FAIL,35.0,FAIL,15.0,FAIL,ORDER_FLOW_BUY_LIQUIDITY_SWEEP_REVERSAL,TOP_DOWN_DATA_MISSING,ROUTER_BLOCKED,ACCEPT,PASS,BLOCK,NOT_SENT,SETUP_HUNTER
2026-06-15T16:14:39.447244+00:00,2026-06-15 17:14:39,2026-06-15 17:00 CASA,BTCUSD#,BTCUSD#,ORDER_FLOW_EXECUTION_AGENT,BUY,67265.0,63637.12917,72706.80624,1.5,99,A,85,True,OVERLAP,FAIL,35.0,FAIL,15.0,FAIL,ORDER_FLOW_BUY_VWAP_RECLAIM_REJECTION,TOP_DOWN_DATA_MISSING,ROUTER_BLOCKED,ACCEPT,PASS,BLOCK,NOT_SENT,SETUP_HUNTER
2026-06-15T16:14:41.779045+00:00,2026-06-15 17:14:41,2026-06-15 17:00 CASA,GOLD#,GOLD#,NONE,SELL,,,,,0,D,0,False,OVERLAP,,,,,,,NO_STRATEGY_SIGNAL,NO_VALID_SETUP,REJECT,PASS,N/A,NOT_SENT,SETUP_HUNTER
2026-06-15T16:14:43.169187+00:00,2026-06-15 17:14:43,2026-06-15 17:00 CASA,EURUSD,EURUSD,ORDER_FLOW_EXECUTION_AGENT,BUY,1.16015,1.15845,1.1627,1.5,100,A,95,True,OVERLAP,FAIL,35.0,FAIL,15.0,FAIL,ORDER_FLOW_BUY_LIQUIDITY_SWEEP_REVERSAL,TOP_DOWN_DATA_MISSING,ROUTER_BLOCKED,ACCEPT,PASS,BLOCK,NOT_SENT,SETUP_HUNTER
2026-06-15T16:14:46.877918+00:00,2026-06-15 17:14:46,2026-06-15 17:00 CASA,BTCUSD#,BTCUSD#,ORDER_FLOW_EXECUTION_AGENT,BUY,67267.1,63637.12707,72712.0594,1.5,99,A,85,True,OVERLAP,FAIL,35.0,FAIL,15.0,FAIL,ORDER_FLOW_BUY_VWAP_RECLAIM_REJECTION,TOP_DOWN_DATA_MISSING,ROUTER_BLOCKED,ACCEPT,PASS,BLOCK,NOT_SENT,SETUP_HUNTER
2026-06-15T16:14:49.407716+00:00,2026-06-15 17:14:49,2026-06-15 17:00 CASA,GOLD#,GOLD#,NONE,SELL,,,,,0,D,0,False,OVERLAP,,,,,,,NO_STRATEGY_SIGNAL,NO_VALID_SETUP,REJECT,PASS,N/A,NOT_SENT,SETUP_HUNTER
2026-06-15T16:14:51.669663+00:00,2026-06-15 17:14:51,2026-06-15 17:00 CASA,EURUSD,EURUSD,ORDER_FLOW_EXECUTION_AGENT,BUY,1.16014,1.15845,1.16268,1.5,100,A,95,True,OVERLAP,FAIL,35.0,FAIL,15.0,FAIL,ORDER_FLOW_BUY_LIQUIDITY_SWEEP_REVERSAL,TOP_DOWN_DATA_MISSING,ROUTER_BLOCKED,ACCEPT,PASS,BLOCK,NOT_SENT,SETUP_HUNTER
2026-06-15T16:14:55.557614+00:00,2026-06-15 17:14:55,2026-06-15 17:00 CASA,BTCUSD#,BTCUSD#,ORDER_FLOW_EXECUTION_AGENT,BUY,67265.0,63637.12917,72706.80624,1.5,99,A,85,True,OVERLAP,FAIL,35.0,FAIL,15.0,FAIL,ORDER_FLOW_BUY_VWAP_RECLAIM_REJECTION,TOP_DOWN_DATA_MISSING,ROUTER_BLOCKED,ACCEPT,PASS,BLOCK,NOT_SENT,SETUP_HUNTER
2026-06-15T16:14:58.682957+00:00,2026-06-15 17:14:58,2026-06-15 17:00 CASA,GOLD#,GOLD#,NONE,SELL,,,,,0,D,0,False,OVERLAP,,,,,,,NO_STRATEGY_SIGNAL,NO_VALID_SETUP,REJECT,PASS,N/A,NOT_SENT,SETUP_HUNTER
2026-06-15T16:15:01.053785+00:00,2026-06-15 17:15:01,2026-06-15 17:00 CASA,EURUSD,EURUSD,ORDER_FLOW_EXECUTION_AGENT,BUY,1.16019,1.15845,1.1628,1.5,100,A,95,True,OVERLAP,FAIL,35.0,FAIL,15.0,FAIL,ORDER_FLOW_BUY_LIQUIDITY_SWEEP_REVERSAL,TOP_DOWN_DATA_MISSING,ROUTER_BLOCKED,ACCEPT,PASS,BLOCK,NOT_SENT,SETUP_HUNTER
2026-06-15T16:45:32.430534+00:00,2026-06-15 17:45:32,2026-06-15 17:00 CASA,GOLD#,GOLD#,GOLD_LIQUIDITY_HUNTER_PRO,SELL,2300.0,2301.0,2298.0,2.0,,,,,UNKNOWN,,,,,FAIL,WAIT_FOR_CONFIRMATION,SYMBOL_NOT_ALLOWED,ROUTER_BLOCKED,REJECT,N/A,BLOCK,NOT_SENT,DEMO_SKIP
2026-06-15T16:45:41.632985+00:00,2026-06-15 17:45:41,2026-06-15 17:00 CASA,GOLD#,GOLD#,POSITION_SYNC,,,,,,,,,,N/A,,,,,,,MT5_POSITION_MISSING_CLOSED,EXECUTED_IN_MT5,REJECT,N/A,PASS,OPENED,POSITION_SYNC
2026-06-15T16:47:01.352844+00:00,2026-06-15 17:47:01,2026-06-15 17:00 CASA,GOLD#,GOLD#,GOLD_LIQUIDITY_HUNTER_PRO,SELL,2300.0,2301.0,2298.0,2.0,,,,,UNKNOWN,,,,,FAIL,WAIT_FOR_CONFIRMATION,SYMBOL_NOT_ALLOWED,ROUTER_BLOCKED,REJECT,N/A,BLOCK,NOT_SENT,DEMO_SKIP
2026-06-15T16:47:14.517092+00:00,2026-06-15 17:47:14,2026-06-15 17:00 CASA,GOLD#,GOLD#,POSITION_SYNC,,,,,,,,,,N/A,,,,,,,MT5_POSITION_MISSING_CLOSED,EXECUTED_IN_MT5,REJECT,N/A,PASS,OPENED,POSITION_SYNC
2026-06-15T16:49:13.950236+00:00,2026-06-15 17:49:13,2026-06-15 17:00 CASA,GOLD#,GOLD#,GOLD_LIQUIDITY_HUNTER_PRO,SELL,2300.0,2301.0,2298.0,2.0,,,,,UNKNOWN,,,,,FAIL,WAIT_FOR_CONFIRMATION,SYMBOL_NOT_ALLOWED,ROUTER_BLOCKED,REJECT,N/A,BLOCK,NOT_SENT,DEMO_SKIP
2026-06-15T16:49:22.929423+00:00,2026-06-15 17:49:22,2026-06-15 17:00 CASA,GOLD#,GOLD#,POSITION_SYNC,,,,,,,,,,N/A,,,,,,,MT5_POSITION_MISSING_CLOSED,EXECUTED_IN_MT5,REJECT,N/A,PASS,OPENED,POSITION_SYNC
2026-06-15T16:56:29.594985+00:00,2026-06-15 17:56:29,2026-06-15 17:00 CASA,BTCUSD#,BTCUSD#,NONE,BUY,,,,,0,D,0,False,OVERLAP,,,,,,,NO_STRATEGY_SIGNAL,NO_VALID_SETUP,REJECT,PASS,N/A,NOT_SENT,SETUP_HUNTER
2026-06-15T16:56:30.897879+00:00,2026-06-15 17:56:30,2026-06-15 17:00 CASA,GOLD#,GOLD#,ORDER_FLOW_EXECUTION_AGENT,SELL,4337.11,4341.19819,4330.97771,1.5,100,A,85,True,OVERLAP,FAIL,30.0,FAIL,55.0,FAIL,ORDER_FLOW_SELL_LIQUIDITY_SWEEP_REVERSAL,TOP_DOWN_DATA_MISSING,ROUTER_BLOCKED,ACCEPT,PASS,BLOCK,NOT_SENT,SETUP_HUNTER
2026-06-15T16:56:31.822475+00:00,2026-06-15 17:56:31,2026-06-15 17:00 CASA,EURUSD,EURUSD,ORDER_FLOW_EXECUTION_AGENT,BUY,1.1602,1.15855,1.16268,1.5,96,A,80,True,OVERLAP,FAIL,35.0,FAIL,40.0,FAIL,ORDER_FLOW_BUY_LIQUIDITY_SWEEP_REVERSAL,TOP_DOWN_DATA_MISSING,ROUTER_BLOCKED,ACCEPT,PASS,BLOCK,NOT_SENT,SETUP_HUNTER
2026-06-15T16:56:34.493652+00:00,2026-06-15 17:56:34,2026-06-15 17:00 CASA,BTCUSD#,BTCUSD#,NONE,BUY,,,,,0,D,0,False,OVERLAP,,,,,,,NO_STRATEGY_SIGNAL,NO_VALID_SETUP,REJECT,PASS,N/A,NOT_SENT,SETUP_HUNTER
2026-06-15T16:56:35.610477+00:00,2026-06-15 17:56:35,2026-06-15 17:00 CASA,GOLD#,GOLD#,ORDER_FLOW_EXECUTION_AGENT,BUY,4338.12,4197.25096,4549.42356,1.5,100,A,85,True,OVERLAP,FAIL,30.0,FAIL,40.0,FAIL,ORDER_FLOW_BUY_VWAP_RECLAIM_REJECTION,TOP_DOWN_DATA_MISSING,ROUTER_BLOCKED,ACCEPT,PASS,BLOCK,NOT_SENT,SETUP_HUNTER
2026-06-15T16:56:36.429387+00:00,2026-06-15 17:56:36,2026-06-15 17:00 CASA,EURUSD,EURUSD,ORDER_FLOW_EXECUTION_AGENT,BUY,1.16021,1.15855,1.1627,1.5,96,A,80,True,OVERLAP,FAIL,35.0,FAIL,40.0,FAIL,ORDER_FLOW_BUY_LIQUIDITY_SWEEP_REVERSAL,TOP_DOWN_DATA_MISSING,ROUTER_BLOCKED,ACCEPT,PASS,BLOCK,NOT_SENT,SETUP_HUNTER
2026-06-15T16:56:39.294023+00:00,2026-06-15 17:56:39,2026-06-15 17:00 CASA,BTCUSD#,BTCUSD#,NONE,BUY,,,,,0,D,0,False,OVERLAP,,,,,,,NO_STRATEGY_SIGNAL,NO_VALID_SETUP,REJECT,PASS,N/A,NOT_SENT,SETUP_HUNTER
2026-06-15T16:56:40.089315+00:00,2026-06-15 17:56:40,2026-06-15 17:00 CASA,GOLD#,GOLD#,ORDER_FLOW_EXECUTION_AGENT,BUY,4338.45,4197.25063,4550.24906,1.5,100,A,85,True,OVERLAP,FAIL,30.0,FAIL,40.0,FAIL,ORDER_FLOW_BUY_VWAP_RECLAIM_REJECTION,TOP_DOWN_DATA_MISSING,ROUTER_BLOCKED,ACCEPT,PASS,BLOCK,NOT_SENT,SETUP_HUNTER
2026-06-15T16:56:40.889634+00:00,2026-06-15 17:56:40,2026-06-15 17:00 CASA,EURUSD,EURUSD,ORDER_FLOW_EXECUTION_AGENT,BUY,1.16021,1.15855,1.1627,1.5,96,A,80,True,OVERLAP,FAIL,35.0,FAIL,40.0,FAIL,ORDER_FLOW_BUY_LIQUIDITY_SWEEP_REVERSAL,TOP_DOWN_DATA_MISSING,ROUTER_BLOCKED,ACCEPT,PASS,BLOCK,NOT_SENT,SETUP_HUNTER
2026-06-15T16:56:44.306279+00:00,2026-06-15 17:56:44,2026-06-15 17:00 CASA,BTCUSD#,BTCUSD#,NONE,BUY,,,,,0,D,0,False,OVERLAP,,,,,,,NO_STRATEGY_SIGNAL,NO_VALID_SETUP,REJECT,PASS,N/A,NOT_SENT,SETUP_HUNTER
2026-06-15T16:56:45.196698+00:00,2026-06-15 17:56:45,2026-06-15 17:00 CASA,GOLD#,GOLD#,ORDER_FLOW_EXECUTION_AGENT,BUY,4338.43,4197.25065,4550.19903,1.5,100,A,85,True,OVERLAP,FAIL,30.0,FAIL,40.0,FAIL,ORDER_FLOW_BUY_VWAP_RECLAIM_REJECTION,TOP_DOWN_DATA_MISSING,ROUTER_BLOCKED,ACCEPT,PASS,BLOCK,NOT_SENT,SETUP_HUNTER
2026-06-15T16:56:46.164504+00:00,2026-06-15 17:56:46,2026-06-15 17:00 CASA,EURUSD,EURUSD,ORDER_FLOW_EXECUTION_AGENT,BUY,1.16021,1.15855,1.1627,1.5,96,A,80,True,OVERLAP,FAIL,35.0,FAIL,40.0,FAIL,ORDER_FLOW_BUY_LIQUIDITY_SWEEP_REVERSAL,TOP_DOWN_DATA_MISSING,ROUTER_BLOCKED,ACCEPT,PASS,BLOCK,NOT_SENT,SETUP_HUNTER
2026-06-15T16:56:49.371406+00:00,2026-06-15 17:56:49,2026-06-15 17:00 CASA,BTCUSD#,BTCUSD#,NONE,BUY,,,,,0,D,0,False,OVERLAP,,,,,,,NO_STRATEGY_SIGNAL,NO_VALID_SETUP,REJECT,PASS,N/A,NOT_SENT,SETUP_HUNTER
2026-06-15T16:56:50.371248+00:00,2026-06-15 17:56:50,2026-06-15 17:00 CASA,GOLD#,GOLD#,ORDER_FLOW_EXECUTION_AGENT,BUY,4338.48,4197.2506,4550.3241,1.5,100,A,85,True,OVERLAP,FAIL,30.0,FAIL,40.0,FAIL,ORDER_FLOW_BUY_VWAP_RECLAIM_REJECTION,TOP_DOWN_DATA_MISSING,ROUTER_BLOCKED,ACCEPT,PASS,BLOCK,NOT_SENT,SETUP_HUNTER
2026-06-15T16:56:50.994169+00:00,2026-06-15 17:56:50,2026-06-15 17:00 CASA,EURUSD,EURUSD,ORDER_FLOW_EXECUTION_AGENT,BUY,1.1602,1.15855,1.16268,1.5,96,A,80,True,OVERLAP,FAIL,35.0,FAIL,40.0,FAIL,ORDER_FLOW_BUY_LIQUIDITY_SWEEP_REVERSAL,TOP_DOWN_DATA_MISSING,ROUTER_BLOCKED,ACCEPT,PASS,BLOCK,NOT_SENT,SETUP_HUNTER
2026-06-15T16:56:54.814295+00:00,2026-06-15 17:56:54,2026-06-15 17:00 CASA,BTCUSD#,BTCUSD#,NONE,BUY,,,,,0,D,0,False,OVERLAP,,,,,,,NO_STRATEGY_SIGNAL,NO_VALID_SETUP,REJECT,PASS,N/A,NOT_SENT,SETUP_HUNTER
2026-06-15T16:56:56.870882+00:00,2026-06-15 17:56:56,2026-06-15 17:00 CASA,GOLD#,GOLD#,ORDER_FLOW_EXECUTION_AGENT,BUY,4338.92,4197.25016,4551.42476,1.5,100,A,85,True,OVERLAP,FAIL,40.0,FAIL,40.0,FAIL,ORDER_FLOW_BUY_VWAP_RECLAIM_REJECTION,TOP_DOWN_DATA_MISSING,ROUTER_BLOCKED,ACCEPT,PASS,BLOCK,NOT_SENT,SETUP_HUNTER
2026-06-15T16:56:58.055111+00:00,2026-06-15 17:56:58,2026-06-15 17:00 CASA,EURUSD,EURUSD,ORDER_FLOW_EXECUTION_AGENT,BUY,1.1602,1.15855,1.16268,1.5,96,A,80,True,OVERLAP,FAIL,35.0,FAIL,40.0,FAIL,ORDER_FLOW_BUY_LIQUIDITY_SWEEP_REVERSAL,TOP_DOWN_DATA_MISSING,ROUTER_BLOCKED,ACCEPT,PASS,BLOCK,NOT_SENT,SETUP_HUNTER
2026-06-15T16:57:00.201478+00:00,2026-06-15 17:57:00,2026-06-15 17:00 CASA,BTCUSD#,BTCUSD#,NONE,BUY,,,,,0,D,0,False,OVERLAP,,,,,,,NO_STRATEGY_SIGNAL,NO_VALID_SETUP,REJECT,PASS,N/A,NOT_SENT,SETUP_HUNTER
2026-06-15T16:57:01.158837+00:00,2026-06-15 17:57:01,2026-06-15 17:00 CASA,GOLD#,GOLD#,ORDER_FLOW_EXECUTION_AGENT,BUY,4339.06,4197.25002,4551.77497,1.5,100,A,85,True,OVERLAP,FAIL,40.0,FAIL,40.0,FAIL,ORDER_FLOW_BUY_VWAP_RECLAIM_REJECTION,TOP_DOWN_DATA_MISSING,ROUTER_BLOCKED,ACCEPT,PASS,BLOCK,NOT_SENT,SETUP_HUNTER
2026-06-15T16:57:01.775581+00:00,2026-06-15 17:57:01,2026-06-15 17:00 CASA,EURUSD,EURUSD,ORDER_FLOW_EXECUTION_AGENT,BUY,1.16021,1.15855,1.1627,1.5,96,A,80,True,OVERLAP,FAIL,35.0,FAIL,40.0,FAIL,ORDER_FLOW_BUY_LIQUIDITY_SWEEP_REVERSAL,TOP_DOWN_DATA_MISSING,ROUTER_BLOCKED,ACCEPT,PASS,BLOCK,NOT_SENT,SETUP_HUNTER
2026-06-15T16:57:04.872435+00:00,2026-06-15 17:57:04,2026-06-15 17:00 CASA,BTCUSD#,BTCUSD#,NONE,BUY,,,,,0,D,0,False,OVERLAP,,,,,,,NO_STRATEGY_SIGNAL,NO_VALID_SETUP,REJECT,PASS,N/A,NOT_SENT,SETUP_HUNTER
2026-06-15T16:57:05.742691+00:00,2026-06-15 17:57:05,2026-06-15 17:00 CASA,GOLD#,GOLD#,ORDER_FLOW_EXECUTION_AGENT,BUY,4338.74,4197.25034,4550.97449,1.5,100,A,85,True,OVERLAP,FAIL,40.0,FAIL,40.0,FAIL,ORDER_FLOW_BUY_VWAP_RECLAIM_REJECTION,TOP_DOWN_DATA_MISSING,ROUTER_BLOCKED,ACCEPT,PASS,BLOCK,NOT_SENT,SETUP_HUNTER
2026-06-15T16:57:06.354885+00:00,2026-06-15 17:57:06,2026-06-15 17:00 CASA,EURUSD,EURUSD,ORDER_FLOW_EXECUTION_AGENT,BUY,1.1602,1.15855,1.16268,1.5,96,A,80,True,OVERLAP,FAIL,35.0,FAIL,40.0,FAIL,ORDER_FLOW_BUY_LIQUIDITY_SWEEP_REVERSAL,TOP_DOWN_DATA_MISSING,ROUTER_BLOCKED,ACCEPT,PASS,BLOCK,NOT_SENT,SETUP_HUNTER
2026-06-15T16:57:09.951605+00:00,2026-06-15 17:57:09,2026-06-15 17:00 CASA,BTCUSD#,BTCUSD#,NONE,BUY,,,,,0,D,0,False,OVERLAP,,,,,,,NO_STRATEGY_SIGNAL,NO_VALID_SETUP,REJECT,PASS,N/A,NOT_SENT,SETUP_HUNTER
2026-06-15T16:57:11.383093+00:00,2026-06-15 17:57:11,2026-06-15 17:00 CASA,GOLD#,GOLD#,ORDER_FLOW_EXECUTION_AGENT,BUY,4339.35,4197.24973,4552.50041,1.5,100,A,85,True,OVERLAP,FAIL,40.0,FAIL,40.0,FAIL,ORDER_FLOW_BUY_VWAP_RECLAIM_REJECTION,TOP_DOWN_DATA_MISSING,ROUTER_BLOCKED,ACCEPT,PASS,BLOCK,NOT_SENT,SETUP_HUNTER
2026-06-15T16:57:12.073560+00:00,2026-06-15 17:57:12,2026-06-15 17:00 CASA,EURUSD,EURUSD,ORDER_FLOW_EXECUTION_AGENT,BUY,1.1602,1.15855,1.16268,1.5,96,A,80,True,OVERLAP,FAIL,35.0,FAIL,40.0,FAIL,ORDER_FLOW_BUY_LIQUIDITY_SWEEP_REVERSAL,TOP_DOWN_DATA_MISSING,ROUTER_BLOCKED,ACCEPT,PASS,BLOCK,NOT_SENT,SETUP_HUNTER
2026-06-15T16:57:15.053173+00:00,2026-06-15 17:57:15,2026-06-15 17:00 CASA,BTCUSD#,BTCUSD#,NONE,BUY,,,,,0,D,0,False,OVERLAP,,,,,,,NO_STRATEGY_SIGNAL,NO_VALID_SETUP,REJECT,PASS,N/A,NOT_SENT,SETUP_HUNTER
2026-06-15T16:57:15.870397+00:00,2026-06-15 17:57:15,2026-06-15 17:00 CASA,GOLD#,GOLD#,ORDER_FLOW_EXECUTION_AGENT,BUY,4339.4,4197.24968,4552.62548,1.5,100,A,85,True,OVERLAP,FAIL,40.0,FAIL,40.0,FAIL,ORDER_FLOW_BUY_VWAP_RECLAIM_REJECTION,TOP_DOWN_DATA_MISSING,ROUTER_BLOCKED,ACCEPT,PASS,BLOCK,NOT_SENT,SETUP_HUNTER
2026-06-15T16:57:16.482401+00:00,2026-06-15 17:57:16,2026-06-15 17:00 CASA,EURUSD,EURUSD,ORDER_FLOW_EXECUTION_AGENT,BUY,1.1602,1.15855,1.16268,1.5,96,A,80,True,OVERLAP,FAIL,35.0,FAIL,40.0,FAIL,ORDER_FLOW_BUY_LIQUIDITY_SWEEP_REVERSAL,TOP_DOWN_DATA_MISSING,ROUTER_BLOCKED,ACCEPT,PASS,BLOCK,NOT_SENT,SETUP_HUNTER
2026-06-15T16:57:19.931815+00:00,2026-06-15 17:57:19,2026-06-15 17:00 CASA,BTCUSD#,BTCUSD#,NONE,BUY,,,,,0,D,0,False,OVERLAP,,,,,,,NO_STRATEGY_SIGNAL,NO_VALID_SETUP,REJECT,PASS,N/A,NOT_SENT,SETUP_HUNTER
2026-06-15T16:57:21.542403+00:00,2026-06-15 17:57:21,2026-06-15 17:00 CASA,GOLD#,GOLD#,ORDER_FLOW_EXECUTION_AGENT,BUY,4339.65,4197.24943,4553.25085,1.5,100,A,85,True,OVERLAP,FAIL,40.0,FAIL,40.0,FAIL,ORDER_FLOW_BUY_VWAP_RECLAIM_REJECTION,TOP_DOWN_DATA_MISSING,ROUTER_BLOCKED,ACCEPT,PASS,BLOCK,NOT_SENT,SETUP_HUNTER
2026-06-15T16:57:22.183987+00:00,2026-06-15 17:57:22,2026-06-15 17:00 CASA,EURUSD,EURUSD,ORDER_FLOW_EXECUTION_AGENT,BUY,1.1602,1.15855,1.16268,1.5,96,A,80,True,OVERLAP,FAIL,35.0,FAIL,40.0,FAIL,ORDER_FLOW_BUY_LIQUIDITY_SWEEP_REVERSAL,TOP_DOWN_DATA_MISSING,ROUTER_BLOCKED,ACCEPT,PASS,BLOCK,NOT_SENT,SETUP_HUNTER
2026-06-15T16:57:24.963568+00:00,2026-06-15 17:57:24,2026-06-15 17:00 CASA,BTCUSD#,BTCUSD#,NONE,BUY,,,,,0,D,0,False,OVERLAP,,,,,,,NO_STRATEGY_SIGNAL,NO_VALID_SETUP,REJECT,PASS,N/A,NOT_SENT,SETUP_HUNTER
2026-06-15T16:57:26.275428+00:00,2026-06-15 17:57:26,2026-06-15 17:00 CASA,GOLD#,GOLD#,ORDER_FLOW_EXECUTION_AGENT,BUY,4339.37,4197.24971,4552.55043,1.5,100,A,85,True,OVERLAP,FAIL,40.0,FAIL,40.0,FAIL,ORDER_FLOW_BUY_VWAP_RECLAIM_REJECTION,TOP_DOWN_DATA_MISSING,ROUTER_BLOCKED,ACCEPT,PASS,BLOCK,NOT_SENT,SETUP_HUNTER
2026-06-15T16:57:27.279769+00:00,2026-06-15 17:57:27,2026-06-15 17:00 CASA,EURUSD,EURUSD,ORDER_FLOW_EXECUTION_AGENT,BUY,1.16021,1.15855,1.1627,1.5,96,A,80,True,OVERLAP,FAIL,35.0,FAIL,40.0,FAIL,ORDER_FLOW_BUY_LIQUIDITY_SWEEP_REVERSAL,TOP_DOWN_DATA_MISSING,ROUTER_BLOCKED,ACCEPT,PASS,BLOCK,NOT_SENT,SETUP_HUNTER
2026-06-15T16:57:29.964456+00:00,2026-06-15 17:57:29,2026-06-15 17:00 CASA,BTCUSD#,BTCUSD#,NONE,BUY,,,,,0,D,0,False,OVERLAP,,,,,,,NO_STRATEGY_SIGNAL,NO_VALID_SETUP,REJECT,PASS,N/A,NOT_SENT,SETUP_HUNTER
2026-06-15T16:57:30.833306+00:00,2026-06-15 17:57:30,2026-06-15 17:00 CASA,GOLD#,GOLD#,ORDER_FLOW_EXECUTION_AGENT,BUY,4339.5,4197.24958,4552.87563,1.5,100,A,85,True,OVERLAP,FAIL,40.0,FAIL,40.0,FAIL,ORDER_FLOW_BUY_VWAP_RECLAIM_REJECTION,TOP_DOWN_DATA_MISSING,ROUTER_BLOCKED,ACCEPT,PASS,BLOCK,NOT_SENT,SETUP_HUNTER
2026-06-15T16:57:31.444388+00:00,2026-06-15 17:57:31,2026-06-15 17:00 CASA,EURUSD,EURUSD,ORDER_FLOW_EXECUTION_AGENT,BUY,1.16026,1.15855,1.16283,1.5,96,A,80,True,OVERLAP,FAIL,35.0,FAIL,40.0,FAIL,ORDER_FLOW_BUY_LIQUIDITY_SWEEP_REVERSAL,TOP_DOWN_DATA_MISSING,ROUTER_BLOCKED,ACCEPT,PASS,BLOCK,NOT_SENT,SETUP_HUNTER
2026-06-15T16:57:35.901131+00:00,2026-06-15 17:57:35,2026-06-15 17:00 CASA,BTCUSD#,BTCUSD#,NONE,BUY,,,,,0,D,0,False,OVERLAP,,,,,,,NO_STRATEGY_SIGNAL,NO_VALID_SETUP,REJECT,PASS,N/A,NOT_SENT,SETUP_HUNTER
2026-06-15T16:57:36.765923+00:00,2026-06-15 17:57:36,2026-06-15 17:00 CASA,GOLD#,GOLD#,ORDER_FLOW_EXECUTION_AGENT,BUY,4339.28,4197.2498,4552.3253,1.5,100,A,85,True,OVERLAP,FAIL,40.0,FAIL,40.0,FAIL,ORDER_FLOW_BUY_VWAP_RECLAIM_REJECTION,TOP_DOWN_DATA_MISSING,ROUTER_BLOCKED,ACCEPT,PASS,BLOCK,NOT_SENT,SETUP_HUNTER
2026-06-15T16:57:37.353030+00:00,2026-06-15 17:57:37,2026-06-15 17:00 CASA,EURUSD,EURUSD,ORDER_FLOW_EXECUTION_AGENT,BUY,1.16031,1.15855,1.16295,1.5,96,A,80,True,OVERLAP,FAIL,35.0,FAIL,40.0,FAIL,ORDER_FLOW_BUY_LIQUIDITY_SWEEP_REVERSAL,TOP_DOWN_DATA_MISSING,ROUTER_BLOCKED,ACCEPT,PASS,BLOCK,NOT_SENT,SETUP_HUNTER
2026-06-15T16:57:40.730491+00:00,2026-06-15 17:57:40,2026-06-15 17:00 CASA,BTCUSD#,BTCUSD#,NONE,BUY,,,,,0,D,0,False,OVERLAP,,,,,,,NO_STRATEGY_SIGNAL,NO_VALID_SETUP,REJECT,PASS,N/A,NOT_SENT,SETUP_HUNTER
2026-06-15T16:57:41.548253+00:00,2026-06-15 17:57:41,2026-06-15 17:00 CASA,GOLD#,GOLD#,ORDER_FLOW_EXECUTION_AGENT,BUY,4338.94,4197.25014,4551.47479,1.5,100,A,85,True,OVERLAP,FAIL,40.0,FAIL,40.0,FAIL,ORDER_FLOW_BUY_VWAP_RECLAIM_REJECTION,TOP_DOWN_DATA_MISSING,ROUTER_BLOCKED,ACCEPT,PASS,BLOCK,NOT_SENT,SETUP_HUNTER
2026-06-15T16:57:42.148524+00:00,2026-06-15 17:57:42,2026-06-15 17:00 CASA,EURUSD,EURUSD,ORDER_FLOW_EXECUTION_AGENT,BUY,1.16031,1.15855,1.16295,1.5,96,A,80,True,OVERLAP,FAIL,35.0,FAIL,40.0,FAIL,ORDER_FLOW_BUY_LIQUIDITY_SWEEP_REVERSAL,TOP_DOWN_DATA_MISSING,ROUTER_BLOCKED,ACCEPT,PASS,BLOCK,NOT_SENT,SETUP_HUNTER
2026-06-15T16:57:45.917766+00:00,2026-06-15 17:57:45,2026-06-15 17:00 CASA,BTCUSD#,BTCUSD#,NONE,BUY,,,,,0,D,0,False,OVERLAP,,,,,,,NO_STRATEGY_SIGNAL,NO_VALID_SETUP,REJECT,PASS,N/A,NOT_SENT,SETUP_HUNTER
2026-06-15T16:57:46.773300+00:00,2026-06-15 17:57:46,2026-06-15 17:00 CASA,GOLD#,GOLD#,ORDER_FLOW_EXECUTION_AGENT,BUY,4339.19,4197.24989,4552.10016,1.5,100,A,85,True,OVERLAP,FAIL,40.0,FAIL,40.0,FAIL,ORDER_FLOW_BUY_VWAP_RECLAIM_REJECTION,TOP_DOWN_DATA_MISSING,ROUTER_BLOCKED,ACCEPT,PASS,BLOCK,NOT_SENT,SETUP_HUNTER
2026-06-15T16:57:47.321041+00:00,2026-06-15 17:57:47,2026-06-15 17:00 CASA,EURUSD,EURUSD,ORDER_FLOW_EXECUTION_AGENT,BUY,1.16034,1.15855,1.16303,1.5,96,A,80,True,OVERLAP,FAIL,35.0,FAIL,40.0,FAIL,ORDER_FLOW_BUY_LIQUIDITY_SWEEP_REVERSAL,TOP_DOWN_DATA_MISSING,ROUTER_BLOCKED,ACCEPT,PASS,BLOCK,NOT_SENT,SETUP_HUNTER
2026-06-15T16:57:50.636503+00:00,2026-06-15 17:57:50,2026-06-15 17:00 CASA,BTCUSD#,BTCUSD#,NONE,BUY,,,,,0,D,0,False,OVERLAP,,,,,,,NO_STRATEGY_SIGNAL,NO_VALID_SETUP,REJECT,PASS,N/A,NOT_SENT,SETUP_HUNTER
2026-06-15T16:57:51.792467+00:00,2026-06-15 17:57:51,2026-06-15 17:00 CASA,GOLD#,GOLD#,ORDER_FLOW_EXECUTION_AGENT,BUY,4339.34,4197.24974,4552.47539,1.5,100,A,85,True,OVERLAP,FAIL,40.0,FAIL,40.0,FAIL,ORDER_FLOW_BUY_VWAP_RECLAIM_REJECTION,TOP_DOWN_DATA_MISSING,ROUTER_BLOCKED,ACCEPT,PASS,BLOCK,NOT_SENT,SETUP_HUNTER
2026-06-15T16:57:52.370812+00:00,2026-06-15 17:57:52,2026-06-15 17:00 CASA,EURUSD,EURUSD,ORDER_FLOW_EXECUTION_AGENT,BUY,1.16036,1.15855,1.16308,1.5,99,A,80,True,OVERLAP,FAIL,45.0,FAIL,65.0,FAIL,ORDER_FLOW_BUY_LIQUIDITY_SWEEP_REVERSAL,TOP_DOWN_DATA_MISSING,ROUTER_BLOCKED,ACCEPT,PASS,BLOCK,NOT_SENT,SETUP_HUNTER
2026-06-15T16:57:55.621577+00:00,2026-06-15 17:57:55,2026-06-15 17:00 CASA,BTCUSD#,BTCUSD#,NONE,BUY,,,,,0,D,0,False,OVERLAP,,,,,,,NO_STRATEGY_SIGNAL,NO_VALID_SETUP,REJECT,PASS,N/A,NOT_SENT,SETUP_HUNTER
2026-06-15T16:57:56.789800+00:00,2026-06-15 17:57:56,2026-06-15 17:00 CASA,GOLD#,GOLD#,ORDER_FLOW_EXECUTION_AGENT,BUY,4339.27,4197.24981,4552.30029,1.5,100,A,85,True,OVERLAP,FAIL,40.0,FAIL,40.0,FAIL,ORDER_FLOW_BUY_VWAP_RECLAIM_REJECTION,TOP_DOWN_DATA_MISSING,ROUTER_BLOCKED,ACCEPT,PASS,BLOCK,NOT_SENT,SETUP_HUNTER
2026-06-15T16:57:57.373150+00:00,2026-06-15 17:57:57,2026-06-15 17:00 CASA,EURUSD,EURUSD,ORDER_FLOW_EXECUTION_AGENT,BUY,1.16036,1.15855,1.16308,1.5,99,A,80,True,OVERLAP,FAIL,45.0,FAIL,65.0,FAIL,ORDER_FLOW_BUY_LIQUIDITY_SWEEP_REVERSAL,TOP_DOWN_DATA_MISSING,ROUTER_BLOCKED,ACCEPT,PASS,BLOCK,NOT_SENT,SETUP_HUNTER
2026-06-15T16:58:00.659934+00:00,2026-06-15 17:58:00,2026-06-15 17:00 CASA,BTCUSD#,BTCUSD#,NONE,BUY,,,,,0,D,0,False,OVERLAP,,,,,,,NO_STRATEGY_SIGNAL,NO_VALID_SETUP,REJECT,PASS,N/A,NOT_SENT,SETUP_HUNTER
2026-06-15T16:58:01.555171+00:00,2026-06-15 17:58:01,2026-06-15 17:00 CASA,GOLD#,GOLD#,ORDER_FLOW_EXECUTION_AGENT,BUY,4339.3,4197.24978,4552.37533,1.5,100,A,85,True,OVERLAP,FAIL,40.0,FAIL,40.0,FAIL,ORDER_FLOW_BUY_VWAP_RECLAIM_REJECTION,TOP_DOWN_DATA_MISSING,ROUTER_BLOCKED,ACCEPT,PASS,BLOCK,NOT_SENT,SETUP_HUNTER
2026-06-15T16:58:02.460387+00:00,2026-06-15 17:58:02,2026-06-15 17:00 CASA,EURUSD,EURUSD,ORDER_FLOW_EXECUTION_AGENT,BUY,1.16036,1.15855,1.16308,1.5,99,A,80,True,OVERLAP,FAIL,40.0,FAIL,65.0,FAIL,ORDER_FLOW_BUY_LIQUIDITY_SWEEP_REVERSAL,TOP_DOWN_DATA_MISSING,ROUTER_BLOCKED,ACCEPT,PASS,BLOCK,NOT_SENT,SETUP_HUNTER
2026-06-15T16:58:05.711471+00:00,2026-06-15 17:58:05,2026-06-15 17:00 CASA,BTCUSD#,BTCUSD#,NONE,BUY,,,,,0,D,0,False,OVERLAP,,,,,,,NO_STRATEGY_SIGNAL,NO_VALID_SETUP,REJECT,PASS,N/A,NOT_SENT,SETUP_HUNTER
2026-06-15T16:58:06.619485+00:00,2026-06-15 17:58:06,2026-06-15 17:00 CASA,GOLD#,GOLD#,ORDER_FLOW_EXECUTION_AGENT,BUY,4339.21,4197.24987,4552.1502,1.5,100,A,85,True,OVERLAP,FAIL,40.0,FAIL,40.0,FAIL,ORDER_FLOW_BUY_VWAP_RECLAIM_REJECTION,TOP_DOWN_DATA_MISSING,ROUTER_BLOCKED,ACCEPT,PASS,BLOCK,NOT_SENT,SETUP_HUNTER
2026-06-15T16:58:07.216503+00:00,2026-06-15 17:58:07,2026-06-15 17:00 CASA,EURUSD,EURUSD,ORDER_FLOW_EXECUTION_AGENT,BUY,1.16038,1.15855,1.16313,1.5,99,A,80,True,OVERLAP,FAIL,45.0,FAIL,65.0,FAIL,ORDER_FLOW_BUY_LIQUIDITY_SWEEP_REVERSAL,TOP_DOWN_DATA_MISSING,ROUTER_BLOCKED,ACCEPT,PASS,BLOCK,NOT_SENT,SETUP_HUNTER
2026-06-15T16:58:10.654968+00:00,2026-06-15 17:58:10,2026-06-15 17:00 CASA,BTCUSD#,BTCUSD#,NONE,BUY,,,,,0,D,0,False,OVERLAP,,,,,,,NO_STRATEGY_SIGNAL,NO_VALID_SETUP,REJECT,PASS,N/A,NOT_SENT,SETUP_HUNTER
2026-06-15T16:58:11.573708+00:00,2026-06-15 17:58:11,2026-06-15 17:00 CASA,GOLD#,GOLD#,ORDER_FLOW_EXECUTION_AGENT,BUY,4338.66,4197.25042,4550.77437,1.5,100,A,85,True,OVERLAP,FAIL,40.0,FAIL,40.0,FAIL,ORDER_FLOW_BUY_VWAP_RECLAIM_REJECTION,TOP_DOWN_DATA_MISSING,ROUTER_BLOCKED,ACCEPT,PASS,BLOCK,NOT_SENT,SETUP_HUNTER
2026-06-15T16:58:12.210065+00:00,2026-06-15 17:58:12,2026-06-15 17:00 CASA,EURUSD,EURUSD,ORDER_FLOW_EXECUTION_AGENT,BUY,1.1604,1.15855,1.16318,1.5,99,A,80,True,OVERLAP,FAIL,45.0,FAIL,65.0,FAIL,ORDER_FLOW_BUY_LIQUIDITY_SWEEP_REVERSAL,TOP_DOWN_DATA_MISSING,ROUTER_BLOCKED,ACCEPT,PASS,BLOCK,NOT_SENT,SETUP_HUNTER
2026-06-15T16:58:15.590190+00:00,2026-06-15 17:58:15,2026-06-15 17:00 CASA,BTCUSD#,BTCUSD#,NONE,BUY,,,,,0,D,0,False,OVERLAP,,,,,,,NO_STRATEGY_SIGNAL,NO_VALID_SETUP,REJECT,PASS,N/A,NOT_SENT,SETUP_HUNTER
2026-06-15T16:58:16.431497+00:00,2026-06-15 17:58:16,2026-06-15 17:00 CASA,GOLD#,GOLD#,ORDER_FLOW_EXECUTION_AGENT,BUY,4338.67,4197.25041,4550.79939,1.5,100,A,85,True,OVERLAP,FAIL,40.0,FAIL,40.0,FAIL,ORDER_FLOW_BUY_VWAP_RECLAIM_REJECTION,TOP_DOWN_DATA_MISSING,ROUTER_BLOCKED,ACCEPT,PASS,BLOCK,NOT_SENT,SETUP_HUNTER
2026-06-15T16:58:17.022303+00:00,2026-06-15 17:58:17,2026-06-15 17:00 CASA,EURUSD,EURUSD,ORDER_FLOW_EXECUTION_AGENT,BUY,1.16039,1.15855,1.16315,1.5,99,A,80,True,OVERLAP,FAIL,45.0,FAIL,65.0,FAIL,ORDER_FLOW_BUY_LIQUIDITY_SWEEP_REVERSAL,TOP_DOWN_DATA_MISSING,ROUTER_BLOCKED,ACCEPT,PASS,BLOCK,NOT_SENT,SETUP_HUNTER
2026-06-15T16:58:20.572549+00:00,2026-06-15 17:58:20,2026-06-15 17:00 CASA,BTCUSD#,BTCUSD#,NONE,BUY,,,,,0,D,0,False,OVERLAP,,,,,,,NO_STRATEGY_SIGNAL,NO_VALID_SETUP,REJECT,PASS,N/A,NOT_SENT,SETUP_HUNTER
2026-06-15T16:58:21.498713+00:00,2026-06-15 17:58:21,2026-06-15 17:00 CASA,GOLD#,GOLD#,ORDER_FLOW_EXECUTION_AGENT,BUY,4338.61,4197.25047,4550.64929,1.5,100,A,85,True,OVERLAP,FAIL,40.0,FAIL,40.0,FAIL,ORDER_FLOW_BUY_VWAP_RECLAIM_REJECTION,TOP_DOWN_DATA_MISSING,ROUTER_BLOCKED,ACCEPT,PASS,BLOCK,NOT_SENT,SETUP_HUNTER
2026-06-15T16:58:22.152096+00:00,2026-06-15 17:58:22,2026-06-15 17:00 CASA,EURUSD,EURUSD,ORDER_FLOW_EXECUTION_AGENT,BUY,1.1604,1.15855,1.16318,1.5,99,A,80,True,OVERLAP,FAIL,45.0,FAIL,65.0,FAIL,ORDER_FLOW_BUY_LIQUIDITY_SWEEP_REVERSAL,TOP_DOWN_DATA_MISSING,ROUTER_BLOCKED,ACCEPT,PASS,BLOCK,NOT_SENT,SETUP_HUNTER
2026-06-15T16:58:25.627770+00:00,2026-06-15 17:58:25,2026-06-15 17:00 CASA,BTCUSD#,BTCUSD#,NONE,BUY,,,,,0,D,0,False,OVERLAP,,,,,,,NO_STRATEGY_SIGNAL,NO_VALID_SETUP,REJECT,PASS,N/A,NOT_SENT,SETUP_HUNTER
2026-06-15T16:58:26.527748+00:00,2026-06-15 17:58:26,2026-06-15 17:00 CASA,GOLD#,GOLD#,ORDER_FLOW_EXECUTION_AGENT,BUY,4338.67,4197.25041,4550.79939,1.5,100,A,85,True,OVERLAP,FAIL,40.0,FAIL,40.0,FAIL,ORDER_FLOW_BUY_VWAP_RECLAIM_REJECTION,TOP_DOWN_DATA_MISSING,ROUTER_BLOCKED,ACCEPT,PASS,BLOCK,NOT_SENT,SETUP_HUNTER
2026-06-15T16:58:27.136013+00:00,2026-06-15 17:58:27,2026-06-15 17:00 CASA,EURUSD,EURUSD,ORDER_FLOW_EXECUTION_AGENT,BUY,1.16041,1.15855,1.1632,1.5,99,A,80,True,OVERLAP,FAIL,45.0,FAIL,65.0,FAIL,ORDER_FLOW_BUY_LIQUIDITY_SWEEP_REVERSAL,TOP_DOWN_DATA_MISSING,ROUTER_BLOCKED,ACCEPT,PASS,BLOCK,NOT_SENT,SETUP_HUNTER
2026-06-15T16:58:30.590257+00:00,2026-06-15 17:58:30,2026-06-15 17:00 CASA,BTCUSD#,BTCUSD#,NONE,BUY,,,,,0,D,0,False,OVERLAP,,,,,,,NO_STRATEGY_SIGNAL,NO_VALID_SETUP,REJECT,PASS,N/A,NOT_SENT,SETUP_HUNTER
2026-06-15T16:58:31.727751+00:00,2026-06-15 17:58:31,2026-06-15 17:00 CASA,GOLD#,GOLD#,ORDER_FLOW_EXECUTION_AGENT,BUY,4338.95,4197.25013,4551.49981,1.5,100,A,85,True,OVERLAP,FAIL,40.0,FAIL,40.0,FAIL,ORDER_FLOW_BUY_VWAP_RECLAIM_REJECTION,TOP_DOWN_DATA_MISSING,ROUTER_BLOCKED,ACCEPT,PASS,BLOCK,NOT_SENT,SETUP_HUNTER
2026-06-15T16:58:32.292075+00:00,2026-06-15 17:58:32,2026-06-15 17:00 CASA,EURUSD,EURUSD,ORDER_FLOW_EXECUTION_AGENT,BUY,1.16041,1.15855,1.1632,1.5,99,A,80,True,OVERLAP,FAIL,45.0,FAIL,65.0,FAIL,ORDER_FLOW_BUY_LIQUIDITY_SWEEP_REVERSAL,TOP_DOWN_DATA_MISSING,ROUTER_BLOCKED,ACCEPT,PASS,BLOCK,NOT_SENT,SETUP_HUNTER
2026-06-15T16:58:35.595027+00:00,2026-06-15 17:58:35,2026-06-15 17:00 CASA,BTCUSD#,BTCUSD#,NONE,BUY,,,,,0,D,0,False,OVERLAP,,,,,,,NO_STRATEGY_SIGNAL,NO_VALID_SETUP,REJECT,PASS,N/A,NOT_SENT,SETUP_HUNTER
2026-06-15T16:58:36.399268+00:00,2026-06-15 17:58:36,2026-06-15 17:00 CASA,GOLD#,GOLD#,ORDER_FLOW_EXECUTION_AGENT,BUY,4339.14,4197.24994,4551.97509,1.5,100,A,85,True,OVERLAP,FAIL,40.0,FAIL,40.0,FAIL,ORDER_FLOW_BUY_VWAP_RECLAIM_REJECTION,TOP_DOWN_DATA_MISSING,ROUTER_BLOCKED,ACCEPT,PASS,BLOCK,NOT_SENT,SETUP_HUNTER
2026-06-15T16:58:36.996542+00:00,2026-06-15 17:58:36,2026-06-15 17:00 CASA,EURUSD,EURUSD,ORDER_FLOW_EXECUTION_AGENT,BUY,1.16039,1.15855,1.16315,1.5,99,A,80,True,OVERLAP,FAIL,45.0,FAIL,65.0,FAIL,ORDER_FLOW_BUY_LIQUIDITY_SWEEP_REVERSAL,TOP_DOWN_DATA_MISSING,ROUTER_BLOCKED,ACCEPT,PASS,BLOCK,NOT_SENT,SETUP_HUNTER
2026-06-15T16:58:40.623784+00:00,2026-06-15 17:58:40,2026-06-15 17:00 CASA,BTCUSD#,BTCUSD#,NONE,BUY,,,,,0,D,0,False,OVERLAP,,,,,,,NO_STRATEGY_SIGNAL,NO_VALID_SETUP,REJECT,PASS,N/A,NOT_SENT,SETUP_HUNTER
2026-06-15T16:58:41.462555+00:00,2026-06-15 17:58:41,2026-06-15 17:00 CASA,GOLD#,GOLD#,ORDER_FLOW_EXECUTION_AGENT,BUY,4339.34,4197.24974,4552.47539,1.5,100,A,85,True,OVERLAP,FAIL,40.0,FAIL,40.0,FAIL,ORDER_FLOW_BUY_VWAP_RECLAIM_REJECTION,TOP_DOWN_DATA_MISSING,ROUTER_BLOCKED,ACCEPT,PASS,BLOCK,NOT_SENT,SETUP_HUNTER
2026-06-15T16:58:42.118500+00:00,2026-06-15 17:58:42,2026-06-15 17:00 CASA,EURUSD,EURUSD,ORDER_FLOW_EXECUTION_AGENT,BUY,1.1604,1.15855,1.16318,1.5,99,A,80,True,OVERLAP,FAIL,45.0,FAIL,65.0,FAIL,ORDER_FLOW_BUY_LIQUIDITY_SWEEP_REVERSAL,TOP_DOWN_DATA_MISSING,ROUTER_BLOCKED,ACCEPT,PASS,BLOCK,NOT_SENT,SETUP_HUNTER
2026-06-15T16:58:50.798174+00:00,2026-06-15 17:58:50,2026-06-15 17:00 CASA,BTCUSD#,BTCUSD#,NONE,BUY,,,,,0,D,0,False,OVERLAP,,,,,,,NO_STRATEGY_SIGNAL,NO_VALID_SETUP,REJECT,PASS,N/A,NOT_SENT,SETUP_HUNTER
2026-06-15T16:58:55.254641+00:00,2026-06-15 17:58:55,2026-06-15 17:00 CASA,GOLD#,GOLD#,ORDER_FLOW_EXECUTION_AGENT,BUY,4339.35,4197.24973,4552.50041,1.5,100,A,85,True,OVERLAP,FAIL,40.0,FAIL,40.0,FAIL,ORDER_FLOW_BUY_VWAP_RECLAIM_REJECTION,TOP_DOWN_DATA_MISSING,ROUTER_BLOCKED,ACCEPT,PASS,BLOCK,NOT_SENT,SETUP_HUNTER
2026-06-15T16:58:57.727064+00:00,2026-06-15 17:58:57,2026-06-15 17:00 CASA,EURUSD,EURUSD,ORDER_FLOW_EXECUTION_AGENT,BUY,1.16041,1.15855,1.1632,1.5,99,A,80,True,OVERLAP,FAIL,45.0,FAIL,65.0,FAIL,ORDER_FLOW_BUY_LIQUIDITY_SWEEP_REVERSAL,TOP_DOWN_DATA_MISSING,ROUTER_BLOCKED,ACCEPT,PASS,BLOCK,NOT_SENT,SETUP_HUNTER
2026-06-15T16:59:01.348829+00:00,2026-06-15 17:59:01,2026-06-15 17:00 CASA,BTCUSD#,BTCUSD#,NONE,BUY,,,,,0,D,0,False,OVERLAP,,,,,,,NO_STRATEGY_SIGNAL,NO_VALID_SETUP,REJECT,PASS,N/A,NOT_SENT,SETUP_HUNTER
2026-06-15T16:59:06.011786+00:00,2026-06-15 17:59:06,2026-06-15 17:00 CASA,GOLD#,GOLD#,ORDER_FLOW_EXECUTION_AGENT,BUY,4339.54,4197.24954,4552.97569,1.5,100,A,85,True,OVERLAP,FAIL,40.0,FAIL,40.0,FAIL,ORDER_FLOW_BUY_VWAP_RECLAIM_REJECTION,TOP_DOWN_DATA_MISSING,ROUTER_BLOCKED,ACCEPT,PASS,BLOCK,NOT_SENT,SETUP_HUNTER
2026-06-15T16:59:10.903591+00:00,2026-06-15 17:59:10,2026-06-15 17:00 CASA,EURUSD,EURUSD,ORDER_FLOW_EXECUTION_AGENT,BUY,1.16039,1.15855,1.16315,1.5,99,A,80,True,OVERLAP,FAIL,40.0,FAIL,65.0,FAIL,ORDER_FLOW_BUY_LIQUIDITY_SWEEP_REVERSAL,TOP_DOWN_DATA_MISSING,ROUTER_BLOCKED,ACCEPT,PASS,BLOCK,NOT_SENT,SETUP_HUNTER
2026-06-15T16:59:18.331345+00:00,2026-06-15 17:59:18,2026-06-15 17:00 CASA,BTCUSD#,BTCUSD#,NONE,BUY,,,,,0,D,0,False,OVERLAP,,,,,,,NO_STRATEGY_SIGNAL,NO_VALID_SETUP,REJECT,PASS,N/A,NOT_SENT,SETUP_HUNTER
2026-06-15T16:59:24.204188+00:00,2026-06-15 17:59:24,2026-06-15 17:00 CASA,GOLD#,GOLD#,ORDER_FLOW_EXECUTION_AGENT,BUY,4339.43,4197.24965,4552.70053,1.5,100,A,85,True,OVERLAP,FAIL,40.0,FAIL,40.0,FAIL,ORDER_FLOW_BUY_VWAP_RECLAIM_REJECTION,TOP_DOWN_DATA_MISSING,ROUTER_BLOCKED,ACCEPT,PASS,BLOCK,NOT_SENT,SETUP_HUNTER
2026-06-15T16:59:27.454724+00:00,2026-06-15 17:59:27,2026-06-15 17:00 CASA,EURUSD,EURUSD,ORDER_FLOW_EXECUTION_AGENT,BUY,1.16034,1.15855,1.16303,1.5,96,A,80,True,OVERLAP,FAIL,35.0,FAIL,40.0,FAIL,ORDER_FLOW_BUY_LIQUIDITY_SWEEP_REVERSAL,TOP_DOWN_DATA_MISSING,ROUTER_BLOCKED,ACCEPT,PASS,BLOCK,NOT_SENT,SETUP_HUNTER
2026-06-15T16:59:35.874254+00:00,2026-06-15 17:59:35,2026-06-15 17:00 CASA,BTCUSD#,BTCUSD#,NONE,BUY,,,,,0,D,0,False,OVERLAP,,,,,,,NO_STRATEGY_SIGNAL,NO_VALID_SETUP,REJECT,PASS,N/A,NOT_SENT,SETUP_HUNTER
2026-06-15T16:59:44.616435+00:00,2026-06-15 17:59:44,2026-06-15 17:00 CASA,GOLD#,GOLD#,ORDER_FLOW_EXECUTION_AGENT,BUY,4339.0,4197.25008,4551.62488,1.5,100,A,85,True,OVERLAP,FAIL,40.0,FAIL,40.0,FAIL,ORDER_FLOW_BUY_VWAP_RECLAIM_REJECTION,TOP_DOWN_DATA_MISSING,ROUTER_BLOCKED,ACCEPT,PASS,BLOCK,NOT_SENT,SETUP_HUNTER
2026-06-15T16:59:50.138372+00:00,2026-06-15 17:59:50,2026-06-15 17:00 CASA,EURUSD,EURUSD,ORDER_FLOW_EXECUTION_AGENT,BUY,1.16026,1.15855,1.16283,1.5,96,A,80,True,OVERLAP,FAIL,35.0,FAIL,40.0,FAIL,ORDER_FLOW_BUY_LIQUIDITY_SWEEP_REVERSAL,TOP_DOWN_DATA_MISSING,ROUTER_BLOCKED,ACCEPT,PASS,BLOCK,NOT_SENT,SETUP_HUNTER
2026-06-15T16:59:52.447951+00:00,2026-06-15 17:59:52,2026-06-15 17:00 CASA,BTCUSD#,BTCUSD#,NONE,BUY,,,,,0,D,0,False,OVERLAP,,,,,,,NO_STRATEGY_SIGNAL,NO_VALID_SETUP,REJECT,PASS,N/A,NOT_SENT,SETUP_HUNTER
2026-06-15T16:59:54.009579+00:00,2026-06-15 17:59:54,2026-06-15 17:00 CASA,GOLD#,GOLD#,ORDER_FLOW_EXECUTION_AGENT,BUY,4339.3,4197.24978,4552.37533,1.5,100,A,85,True,OVERLAP,FAIL,40.0,FAIL,40.0,FAIL,ORDER_FLOW_BUY_VWAP_RECLAIM_REJECTION,TOP_DOWN_DATA_MISSING,ROUTER_BLOCKED,ACCEPT,PASS,BLOCK,NOT_SENT,SETUP_HUNTER
2026-06-15T16:59:54.902996+00:00,2026-06-15 17:59:54,2026-06-15 17:00 CASA,EURUSD,EURUSD,ORDER_FLOW_EXECUTION_AGENT,BUY,1.16026,1.15855,1.16283,1.5,96,A,80,True,OVERLAP,FAIL,35.0,FAIL,40.0,FAIL,ORDER_FLOW_BUY_LIQUIDITY_SWEEP_REVERSAL,TOP_DOWN_DATA_MISSING,ROUTER_BLOCKED,ACCEPT,PASS,BLOCK,NOT_SENT,SETUP_HUNTER
2026-06-15T16:59:59.621290+00:00,2026-06-15 17:59:59,2026-06-15 17:00 CASA,BTCUSD#,BTCUSD#,NONE,BUY,,,,,0,D,0,False,OVERLAP,,,,,,,NO_STRATEGY_SIGNAL,NO_VALID_SETUP,REJECT,PASS,N/A,NOT_SENT,SETUP_HUNTER
2026-06-15T17:00:03.587248+00:00,2026-06-15 18:00:03,2026-06-15 18:00 CASA,GOLD#,GOLD#,NONE,SELL,,,,,0,D,0,False,OVERLAP,,,,,,,NO_STRATEGY_SIGNAL,NO_VALID_SETUP,REJECT,PASS,N/A,NOT_SENT,SETUP_HUNTER
2026-06-15T17:00:04.935725+00:00,2026-06-15 18:00:04,2026-06-15 18:00 CASA,EURUSD,EURUSD,ORDER_FLOW_EXECUTION_AGENT,BUY,1.16025,1.15855,1.1628,1.5,96,A,80,True,NEW_YORK,FAIL,35.0,FAIL,40.0,FAIL,ORDER_FLOW_BUY_LIQUIDITY_SWEEP_REVERSAL,TOP_DOWN_DATA_MISSING,ROUTER_BLOCKED,ACCEPT,PASS,BLOCK,NOT_SENT,SETUP_HUNTER
2026-06-15T17:00:07.364341+00:00,2026-06-15 18:00:07,2026-06-15 18:00 CASA,BTCUSD#,BTCUSD#,NONE,BUY,,,,,0,D,0,False,NEW_YORK,,,,,,,NO_STRATEGY_SIGNAL,NO_VALID_SETUP,REJECT,PASS,N/A,NOT_SENT,SETUP_HUNTER
2026-06-15T17:00:08.984800+00:00,2026-06-15 18:00:08,2026-06-15 18:00 CASA,GOLD#,GOLD#,NONE,SELL,,,,,0,D,0,False,NEW_YORK,,,,,,,NO_STRATEGY_SIGNAL,NO_VALID_SETUP,REJECT,PASS,N/A,NOT_SENT,SETUP_HUNTER
2026-06-15T17:00:10.430137+00:00,2026-06-15 18:00:10,2026-06-15 18:00 CASA,EURUSD,EURUSD,ORDER_FLOW_EXECUTION_AGENT,BUY,1.16026,1.15855,1.16283,1.5,100,A,95,True,NEW_YORK,FAIL,25.0,FAIL,40.0,FAIL,ORDER_FLOW_BUY_LIQUIDITY_SWEEP_REVERSAL,TOP_DOWN_DATA_MISSING,ROUTER_BLOCKED,ACCEPT,PASS,BLOCK,NOT_SENT,SETUP_HUNTER
2026-06-15T17:00:12.795878+00:00,2026-06-15 18:00:12,2026-06-15 18:00 CASA,BTCUSD#,BTCUSD#,NONE,BUY,,,,,0,D,0,False,NEW_YORK,,,,,,,NO_STRATEGY_SIGNAL,NO_VALID_SETUP,REJECT,PASS,N/A,NOT_SENT,SETUP_HUNTER
2026-06-15T17:00:14.310931+00:00,2026-06-15 18:00:14,2026-06-15 18:00 CASA,GOLD#,GOLD#,NONE,SELL,,,,,0,D,0,False,NEW_YORK,,,,,,,NO_STRATEGY_SIGNAL,NO_VALID_SETUP,REJECT,PASS,N/A,NOT_SENT,SETUP_HUNTER
2026-06-15T17:00:15.401625+00:00,2026-06-15 18:00:15,2026-06-15 18:00 CASA,EURUSD,EURUSD,ORDER_FLOW_EXECUTION_AGENT,BUY,1.16027,1.15855,1.16285,1.5,100,A,95,True,NEW_YORK,FAIL,25.0,FAIL,40.0,FAIL,ORDER_FLOW_BUY_LIQUIDITY_SWEEP_REVERSAL,TOP_DOWN_DATA_MISSING,ROUTER_BLOCKED,ACCEPT,PASS,BLOCK,NOT_SENT,SETUP_HUNTER
2026-06-15T17:00:18.450403+00:00,2026-06-15 18:00:18,2026-06-15 18:00 CASA,BTCUSD#,BTCUSD#,NONE,BUY,,,,,0,D,0,False,NEW_YORK,,,,,,,NO_STRATEGY_SIGNAL,NO_VALID_SETUP,REJECT,PASS,N/A,NOT_SENT,SETUP_HUNTER
2026-06-15T17:00:20.251958+00:00,2026-06-15 18:00:20,2026-06-15 18:00 CASA,GOLD#,GOLD#,NONE,SELL,,,,,0,D,0,False,NEW_YORK,,,,,,,NO_STRATEGY_SIGNAL,NO_VALID_SETUP,REJECT,PASS,N/A,NOT_SENT,SETUP_HUNTER
2026-06-15T17:00:22.651952+00:00,2026-06-15 18:00:22,2026-06-15 18:00 CASA,EURUSD,EURUSD,ORDER_FLOW_EXECUTION_AGENT,BUY,1.16027,1.15855,1.16285,1.5,100,A,95,True,NEW_YORK,FAIL,25.0,FAIL,40.0,FAIL,ORDER_FLOW_BUY_LIQUIDITY_SWEEP_REVERSAL,TOP_DOWN_DATA_MISSING,ROUTER_BLOCKED,ACCEPT,PASS,BLOCK,NOT_SENT,SETUP_HUNTER
2026-06-15T17:00:25.515626+00:00,2026-06-15 18:00:25,2026-06-15 18:00 CASA,BTCUSD#,BTCUSD#,NONE,BUY,,,,,0,D,0,False,NEW_YORK,,,,,,,NO_STRATEGY_SIGNAL,NO_VALID_SETUP,REJECT,PASS,N/A,NOT_SENT,SETUP_HUNTER
